{
  "config": {
    "max_steps": 460,
    "seed": 39194,
    "early_stopping": false,
    "task": "graph_depth_first_search",
    "validation_ratio": 0.005,
    "task_length": 11,
    "precision": "32",
    "log_gradients": false,
    "run_id": "1875a7a7-c663-4820-9ece-6a8c590c0085",
    "betas": [
      0.9,
      0.95
    ],
    "lr": 0.001,
    "train_dataset_filepath": "./datasets/graph_depth_first_search/1/11/normal/11111/10/True/True/1/16/16/4/35833/39194/train_dataset",
    "val_dataset_filepath": "./datasets/graph_depth_first_search/1/11/normal/11111/10/True/True/1/16/16/4/35833/39194/val_dataset",
    "project_name": "binary-graph_depth_first_search1-gridsearch-11-normal-11111-iteration-113030",
    "n_layer": 16,
    "dropout": 0,
    "loss_threshold": 0.0017157108429701616,
    "method": "normal",
    "bias": false,
    "batch_size": 8,
    "test_dataset_filepath": "./datasets/graph_depth_first_search/1/11/normal/11111/10/True/True/1/16/16/4/35833/39194/test_dataset",
    "weight_decay": 0.1,
    "grad_clip": 1,
    "n_head": 4,
    "test_batch_size": 64,
    "compute_budget": 100000000000,
    "warmup_ratio": 0.1,
    "mask_idx": 23,
    "threshold_testing": false,
    "n_embd": 16
  },
  "summary": {
    "_runtime": 1092.0665373802185,
    "_step": 251,
    "_timestamp": 1735482929.1945934,
    "_wandb.runtime": 1091,
    "epoch": 1,
    "lr-AdamW": 0.00010156680435626467,
    "test_acc_result": 0,
    "total_compute": 221486776320,
    "train_loss_epoch": 2.196897506713867,
    "train_loss_step": 1.7675362825393677,
    "trainer/global_step": 460,
    "val_loss": 1.8227436542510986
  }
}