{
  "config": {
    "seed": 14334,
    "method": "normal",
    "mask_idx": 23,
    "lr": 0.001,
    "weight_decay": 0.1,
    "early_stopping": false,
    "n_head": 4,
    "compute_budget": 100000000000,
    "n_embd": 256,
    "train_dataset_filepath": "./datasets/graph_depth_first_search/1/11/normal/11111/10/True/True/1/256/4/4/23698/14334/train_dataset",
    "batch_size": 64,
    "grad_clip": 1,
    "bias": false,
    "task_length": 11,
    "betas": [
      0.9,
      0.95
    ],
    "threshold_testing": false,
    "val_dataset_filepath": "./datasets/graph_depth_first_search/1/11/normal/11111/10/True/True/1/256/4/4/23698/14334/val_dataset",
    "project_name": "binary-graph_depth_first_search1-gridsearch-11-normal-11111-iteration-113030",
    "warmup_ratio": 0.1,
    "task": "graph_depth_first_search",
    "run_id": "0423b18d-edd9-4aba-88d0-293f84b6ab1c",
    "loss_threshold": 0.0017157108429701616,
    "n_layer": 4,
    "test_batch_size": 64,
    "log_gradients": false,
    "validation_ratio": 0.005,
    "test_dataset_filepath": "./datasets/graph_depth_first_search/1/11/normal/11111/10/True/True/1/256/4/4/23698/14334/test_dataset",
    "max_steps": 2,
    "precision": "32",
    "dropout": 0
  },
  "summary": {
    "_runtime": 106.47201704978943,
    "_step": 5,
    "_timestamp": 1735486984.706671,
    "_wandb.runtime": 105,
    "epoch": 1,
    "test_acc_result": 0,
    "total_compute": 311666147328,
    "train_loss_epoch": 2.957760810852051,
    "trainer/global_step": 2,
    "val_loss": 2.393134355545044
  }
}