{
  "config": {
    "task_length": 11,
    "early_stopping": false,
    "validation_ratio": 0.005,
    "warmup_ratio": 0.1,
    "seed": 39026,
    "betas": [
      0.9,
      0.95
    ],
    "batch_size": 64,
    "compute_budget": 100000000000,
    "val_dataset_filepath": "./datasets/graph_depth_first_search/1/11/normal/11111/1000/True/True/1/16/4/4/10712/39026/val_dataset",
    "loss_threshold": 0.0017157108429701616,
    "train_dataset_filepath": "./datasets/graph_depth_first_search/1/11/normal/11111/1000/True/True/1/16/4/4/10712/39026/train_dataset",
    "n_layer": 4,
    "method": "normal",
    "max_steps": 228,
    "weight_decay": 0.1,
    "threshold_testing": false,
    "bias": false,
    "task": "graph_depth_first_search",
    "n_head": 4,
    "dropout": 0,
    "log_gradients": false,
    "run_id": "0bc14230-1485-41f8-96aa-dd16c6a74654",
    "grad_clip": 1,
    "n_embd": 16,
    "mask_idx": 23,
    "precision": "32",
    "lr": 0.1,
    "project_name": "binary-graph_depth_first_search1-gridsearch-11-normal-11111-iteration-113030",
    "test_batch_size": 64,
    "test_dataset_filepath": "./datasets/graph_depth_first_search/1/11/normal/11111/1000/True/True/1/16/4/4/10712/39026/test_dataset"
  },
  "summary": {
    "_runtime": 358.66534090042114,
    "_step": 239,
    "_timestamp": 1735480613.896016,
    "_wandb.runtime": 357,
    "epoch": 1,
    "lr-AdamW": 0.01432965575178632,
    "test_acc_result": 0,
    "total_compute": 219560804352,
    "train_loss_epoch": 1.64540433883667,
    "train_loss_step": 1.3600120544433594,
    "trainer/global_step": 228,
    "val_loss": 1.250824213027954
  }
}