{
  "config": {
    "batch_size": 8,
    "test_batch_size": 64,
    "n_head": 4,
    "betas": [
      0.9,
      0.95
    ],
    "task_length": 11,
    "test_dataset_filepath": "./datasets/graph_depth_first_search/1/11/normal/11111/100/True/True/1/8/16/4/26970/15938/test_dataset",
    "loss_threshold": 0.0017157108429701616,
    "bias": false,
    "grad_clip": 1,
    "run_id": "190957b5-ca66-42b4-904f-2a7064e48207",
    "log_gradients": false,
    "max_steps": 1431,
    "warmup_ratio": 0.1,
    "dropout": 0,
    "method": "normal",
    "seed": 15938,
    "val_dataset_filepath": "./datasets/graph_depth_first_search/1/11/normal/11111/100/True/True/1/8/16/4/26970/15938/val_dataset",
    "weight_decay": 0.1,
    "mask_idx": 23,
    "compute_budget": 100000000000,
    "lr": 0.01,
    "task": "graph_depth_first_search",
    "early_stopping": false,
    "validation_ratio": 0.005,
    "train_dataset_filepath": "./datasets/graph_depth_first_search/1/11/normal/11111/100/True/True/1/8/16/4/26970/15938/train_dataset",
    "n_embd": 8,
    "precision": "32",
    "threshold_testing": false,
    "project_name": "binary-graph_depth_first_search1-gridsearch-11-normal-11111-iteration-113030",
    "n_layer": 16
  },
  "summary": {
    "_runtime": 1264.0158643722534,
    "_step": 263,
    "_timestamp": 1735486122.1805794,
    "_wandb.runtime": 1263,
    "epoch": 1,
    "lr-AdamW": 0.001013700297628125,
    "test_acc_result": 0,
    "total_compute": 239847505920,
    "train_loss_epoch": 1.5320967435836792,
    "train_loss_step": 1.2357137203216553,
    "trainer/global_step": 1431,
    "val_loss": 1.2166701555252075
  }
}