{
  "config": {
    "betas": [
      0.9,
      0.95
    ],
    "val_dataset_filepath": "./datasets/graph_depth_first_search/1/11/normal/11111/1000/True/True/1/64/4/4/17180/32169/val_dataset",
    "dropout": 0,
    "loss_threshold": 0.0017157108429701616,
    "warmup_ratio": 0.1,
    "test_dataset_filepath": "./datasets/graph_depth_first_search/1/11/normal/11111/1000/True/True/1/64/4/4/17180/32169/test_dataset",
    "test_batch_size": 64,
    "threshold_testing": false,
    "max_steps": 140,
    "precision": "32",
    "train_dataset_filepath": "./datasets/graph_depth_first_search/1/11/normal/11111/1000/True/True/1/64/4/4/17180/32169/train_dataset",
    "compute_budget": 100000000000,
    "early_stopping": false,
    "task_length": 11,
    "method": "normal",
    "n_layer": 4,
    "run_id": "5ea03114-c39e-4c88-b65c-1a16c3d47e3c",
    "project_name": "binary-graph_depth_first_search1-gridsearch-11-normal-11111-iteration-113030",
    "task": "graph_depth_first_search",
    "seed": 32169,
    "mask_idx": 23,
    "bias": false,
    "grad_clip": 1,
    "n_embd": 64,
    "validation_ratio": 0.005,
    "log_gradients": false,
    "n_head": 4,
    "weight_decay": 0.1,
    "batch_size": 8,
    "lr": 0.1
  },
  "summary": {
    "_runtime": 1076.5444815158844,
    "_step": 147,
    "_timestamp": 1735485867.4191475,
    "_wandb.runtime": 1075,
    "epoch": 1,
    "lr-AdamW": 0.03153541584792259,
    "test_acc_result": 0,
    "total_compute": 190281154560,
    "train_loss_epoch": 2.3353893756866455,
    "train_loss_step": 2.2802462577819824,
    "trainer/global_step": 140,
    "val_loss": 2.198852300643921
  }
}