{
  "config": {
    "log_gradients": false,
    "run_id": "b12307c6-f4ea-4ae3-bfa6-a3d5dce8dbc9",
    "dropout": 0,
    "test_dataset_filepath": "./datasets/graph_depth_first_search/1/11/normal/11111/100/True/True/1/8/4/4/19691/37916/test_dataset",
    "batch_size": 8,
    "seed": 37916,
    "threshold_testing": false,
    "method": "normal",
    "lr": 0.01,
    "max_steps": 5706,
    "task_length": 11,
    "mask_idx": 23,
    "precision": "32",
    "task": "graph_depth_first_search",
    "betas": [
      0.9,
      0.95
    ],
    "warmup_ratio": 0.1,
    "weight_decay": 0.1,
    "compute_budget": 100000000000,
    "project_name": "binary-graph_depth_first_search1-gridsearch-11-normal-11111-iteration-113030",
    "test_batch_size": 64,
    "bias": false,
    "n_layer": 4,
    "early_stopping": false,
    "loss_threshold": 0.0017157108429701616,
    "n_embd": 8,
    "n_head": 4,
    "val_dataset_filepath": "./datasets/graph_depth_first_search/1/11/normal/11111/100/True/True/1/8/4/4/19691/37916/val_dataset",
    "grad_clip": 1,
    "validation_ratio": 0.005,
    "train_dataset_filepath": "./datasets/graph_depth_first_search/1/11/normal/11111/100/True/True/1/8/4/4/19691/37916/train_dataset"
  },
  "summary": {
    "_runtime": 858.0386919975281,
    "_step": 434,
    "_timestamp": 1735481126.820909,
    "_wandb.runtime": 857,
    "epoch": 1,
    "lr-AdamW": 0.0010000412503511494,
    "test_acc_result": 0,
    "total_compute": 239093268480,
    "train_loss_epoch": 1.3376458883285522,
    "train_loss_step": 0.9863329529762268,
    "trainer/global_step": 5706,
    "val_loss": 1.1046032905578613
  }
}