{
  "config": {
    "task_length": 11,
    "n_layer": 4,
    "max_steps": 226,
    "test_dataset_filepath": "./datasets/graph_depth_first_search/1/11/normal/11111/100/True/True/1/16/4/4/33621/28141/test_dataset",
    "run_id": "34b9165d-32b8-4cfc-8dcd-c5a15f9c3414",
    "seed": 28141,
    "task": "graph_depth_first_search",
    "test_batch_size": 64,
    "weight_decay": 0.1,
    "n_embd": 16,
    "bias": false,
    "n_head": 4,
    "dropout": 0,
    "train_dataset_filepath": "./datasets/graph_depth_first_search/1/11/normal/11111/100/True/True/1/16/4/4/33621/28141/train_dataset",
    "betas": [
      0.9,
      0.95
    ],
    "log_gradients": false,
    "val_dataset_filepath": "./datasets/graph_depth_first_search/1/11/normal/11111/100/True/True/1/16/4/4/33621/28141/val_dataset",
    "compute_budget": 100000000000,
    "lr": 0.01,
    "mask_idx": 23,
    "early_stopping": false,
    "method": "normal",
    "batch_size": 64,
    "precision": "32",
    "warmup_ratio": 0.1,
    "project_name": "binary-graph_depth_first_search1-gridsearch-11-normal-11111-iteration-113030",
    "loss_threshold": 0.0017157108429701616,
    "validation_ratio": 0.005,
    "threshold_testing": false,
    "grad_clip": 1
  },
  "summary": {
    "_runtime": 996.537674665451,
    "_step": 237,
    "_timestamp": 1735482727.6008146,
    "_wandb.runtime": 995,
    "epoch": 1,
    "lr-AdamW": 0.0013834275918039054,
    "test_acc_result": 0.0010000000474974513,
    "total_compute": 217634832384,
    "train_loss_epoch": 1.7093160152435303,
    "train_loss_step": 1.2264306545257568,
    "trainer/global_step": 226,
    "val_loss": 1.172014594078064
  }
}