{
  "config": {
    "val_dataset_filepath": "./datasets/graph_depth_first_search/1/11/normal/11111/10/True/True/1/32/4/4/7973/36876/val_dataset",
    "loss_threshold": 0.0017157108429701616,
    "lr": 0.001,
    "train_dataset_filepath": "./datasets/graph_depth_first_search/1/11/normal/11111/10/True/True/1/32/4/4/7973/36876/train_dataset",
    "dropout": 0,
    "task": "graph_depth_first_search",
    "test_batch_size": 64,
    "threshold_testing": false,
    "seed": 36876,
    "n_layer": 4,
    "log_gradients": false,
    "test_dataset_filepath": "./datasets/graph_depth_first_search/1/11/normal/11111/10/True/True/1/32/4/4/7973/36876/test_dataset",
    "batch_size": 64,
    "weight_decay": 0.1,
    "method": "normal",
    "task_length": 11,
    "mask_idx": 23,
    "project_name": "binary-graph_depth_first_search1-gridsearch-11-normal-11111-iteration-113030",
    "validation_ratio": 0.005,
    "n_embd": 32,
    "grad_clip": 1,
    "warmup_ratio": 0.1,
    "betas": [
      0.9,
      0.95
    ],
    "compute_budget": 100000000000,
    "run_id": "077c914e-1a71-493c-a950-85e8524d854a",
    "bias": false,
    "precision": "32",
    "max_steps": 66,
    "early_stopping": false,
    "n_head": 4
  },
  "summary": {
    "_runtime": 813.4374568462372,
    "_step": 71,
    "_timestamp": 1735481223.9015498,
    "_wandb.runtime": 812,
    "epoch": 1,
    "lr-AdamW": 0.00026680582402757323,
    "test_acc_result": 0,
    "total_compute": 204348063744,
    "train_loss_epoch": 2.670358419418335,
    "train_loss_step": 2.426764965057373,
    "trainer/global_step": 66,
    "val_loss": 2.3936877250671387
  }
}