{
  "config": {
    "n_head": 4,
    "batch_size": 8,
    "task": "graph_depth_first_search",
    "warmup_ratio": 0.1,
    "bias": false,
    "method": "normal",
    "max_steps": 521,
    "val_dataset_filepath": "./datasets/graph_depth_first_search/1/11/normal/11111/1/True/True/1/32/4/4/29875/25276/val_dataset",
    "train_dataset_filepath": "./datasets/graph_depth_first_search/1/11/normal/11111/1/True/True/1/32/4/4/29875/25276/train_dataset",
    "mask_idx": 23,
    "weight_decay": 0.1,
    "early_stopping": false,
    "log_gradients": false,
    "n_layer": 4,
    "validation_ratio": 0.005,
    "grad_clip": 1,
    "precision": "32",
    "test_batch_size": 64,
    "betas": [
      0.9,
      0.95
    ],
    "project_name": "binary-graph_depth_first_search1-gridsearch-11-normal-11111-iteration-113030",
    "compute_budget": 100000000000,
    "dropout": 0,
    "task_length": 11,
    "loss_threshold": 0.0017157108429701616,
    "lr": 0.0001,
    "test_dataset_filepath": "./datasets/graph_depth_first_search/1/11/normal/11111/1/True/True/1/32/4/4/29875/25276/test_dataset",
    "n_embd": 32,
    "seed": 25276,
    "threshold_testing": false,
    "run_id": "69b2afb5-9890-4c06-b104-b8bf2a081ce4"
  },
  "summary": {
    "_runtime": 336.28142046928406,
    "_step": 283,
    "_timestamp": 1735486936.8396404,
    "_wandb.runtime": 335,
    "epoch": 1,
    "lr-AdamW": 1.0487748377886566e-05,
    "test_acc_result": 0,
    "total_compute": 201638903808,
    "train_loss_epoch": 2.8420236110687256,
    "train_loss_step": 2.485650062561035,
    "trainer/global_step": 521,
    "val_loss": 2.5461342334747314
  }
}