{
  "config": {
    "betas": [
      0.9,
      0.95
    ],
    "project_name": "binary-graph_depth_first_search1-gridsearch-11-normal-11111-iteration-113030",
    "precision": "32",
    "threshold_testing": false,
    "max_steps": 35,
    "n_layer": 16,
    "compute_budget": 100000000000,
    "method": "normal",
    "batch_size": 8,
    "n_embd": 64,
    "task": "graph_depth_first_search",
    "validation_ratio": 0.005,
    "val_dataset_filepath": "./datasets/graph_depth_first_search/1/11/normal/11111/1/True/True/1/64/16/4/27396/2113/val_dataset",
    "grad_clip": 1,
    "lr": 0.0001,
    "weight_decay": 0.1,
    "bias": false,
    "test_batch_size": 64,
    "log_gradients": false,
    "n_head": 4,
    "run_id": "6d9e3a5e-4d3c-4aeb-bce0-eca8f614d999",
    "loss_threshold": 0.0017157108429701616,
    "warmup_ratio": 0.1,
    "train_dataset_filepath": "./datasets/graph_depth_first_search/1/11/normal/11111/1/True/True/1/64/16/4/27396/2113/train_dataset",
    "mask_idx": 23,
    "early_stopping": false,
    "seed": 2113,
    "task_length": 11,
    "dropout": 0,
    "test_dataset_filepath": "./datasets/graph_depth_first_search/1/11/normal/11111/1/True/True/1/64/16/4/27396/2113/test_dataset"
  },
  "summary": {
    "_runtime": 1407.9879949092865,
    "_step": 38,
    "_timestamp": 1735484905.131166,
    "_wandb.runtime": 1407,
    "epoch": 1,
    "test_acc_result": 0,
    "total_compute": 190281154560,
    "train_loss_epoch": 2.9611856937408447,
    "trainer/global_step": 35,
    "val_loss": 2.745898962020874
  }
}