{
  "config": {
    "weight_decay": 0.1,
    "lr": 0.1,
    "compute_budget": 100000000000,
    "precision": "32",
    "test_dataset_filepath": "./datasets/graph_depth_first_search/1/11/normal/11111/1000/True/True/1/256/4/4/1127/16510/test_dataset",
    "early_stopping": false,
    "threshold_testing": false,
    "n_head": 4,
    "warmup_ratio": 0.1,
    "bias": false,
    "task": "graph_depth_first_search",
    "log_gradients": false,
    "mask_idx": 23,
    "loss_threshold": 0.0017157108429701616,
    "val_dataset_filepath": "./datasets/graph_depth_first_search/1/11/normal/11111/1000/True/True/1/256/4/4/1127/16510/val_dataset",
    "train_dataset_filepath": "./datasets/graph_depth_first_search/1/11/normal/11111/1000/True/True/1/256/4/4/1127/16510/train_dataset",
    "max_steps": 10,
    "dropout": 0,
    "method": "normal",
    "betas": [
      0.9,
      0.95
    ],
    "batch_size": 8,
    "grad_clip": 1,
    "task_length": 11,
    "seed": 16510,
    "n_embd": 256,
    "project_name": "binary-graph_depth_first_search1-gridsearch-11-normal-11111-iteration-113030",
    "validation_ratio": 0.005,
    "run_id": "51c4bcec-6680-4e9c-9a0c-16ad9c41784d",
    "n_layer": 4,
    "test_batch_size": 64
  },
  "summary": {
    "_runtime": 109.068692445755,
    "_step": 13,
    "_timestamp": 1735487376.0867274,
    "_wandb.runtime": 108,
    "epoch": 1,
    "test_acc_result": 0,
    "total_compute": 194791342080,
    "train_loss_epoch": 9.005770683288574,
    "trainer/global_step": 10,
    "val_loss": 9.55773639678955
  }
}