{
  "config": {
    "threshold_testing": false,
    "project_name": "binary-graph_depth_first_search1-gridsearch-11-normal-11111-iteration-113030",
    "bias": false,
    "seed": 10909,
    "precision": "32",
    "compute_budget": 100000000000,
    "test_dataset_filepath": "./datasets/graph_depth_first_search/1/11/normal/11111/1000/True/True/1/512/16/4/39464/10909/test_dataset",
    "loss_threshold": 0.0017157108429701616,
    "train_dataset_filepath": "./datasets/graph_depth_first_search/1/11/normal/11111/1000/True/True/1/512/16/4/39464/10909/train_dataset",
    "method": "normal",
    "early_stopping": false,
    "val_dataset_filepath": "./datasets/graph_depth_first_search/1/11/normal/11111/1000/True/True/1/512/16/4/39464/10909/val_dataset",
    "n_head": 4,
    "betas": [
      0.9,
      0.95
    ],
    "dropout": 0,
    "max_steps": 1,
    "n_embd": 512,
    "grad_clip": 1,
    "task_length": 11,
    "lr": 0.1,
    "n_layer": 16,
    "batch_size": 64,
    "run_id": "a11f6252-0525-4919-a2bc-296401e2753b",
    "validation_ratio": 0.005,
    "mask_idx": 23,
    "task": "graph_depth_first_search",
    "weight_decay": 0.1,
    "test_batch_size": 64,
    "log_gradients": false,
    "warmup_ratio": 0.1
  },
  "summary": {
    "_runtime": 1023.7104561328888,
    "_step": 4,
    "_timestamp": 1735483932.4582152,
    "_wandb.runtime": 1023,
    "epoch": 1,
    "test_acc_result": 0,
    "total_compute": 2444960464896,
    "train_loss_epoch": 3.539546489715576,
    "trainer/global_step": 1,
    "val_loss": 6.577648639678955
  }
}