{
  "config": {
    "val_dataset_filepath": "./datasets/graph_depth_first_search/1/11/normal/11111/1/True/True/1/512/4/4/11536/17686/val_dataset",
    "mask_idx": 23,
    "loss_threshold": 0.0017157108429701616,
    "test_dataset_filepath": "./datasets/graph_depth_first_search/1/11/normal/11111/1/True/True/1/512/4/4/11536/17686/test_dataset",
    "threshold_testing": false,
    "dropout": 0,
    "lr": 0.0001,
    "seed": 17686,
    "test_batch_size": 64,
    "method": "normal",
    "bias": false,
    "early_stopping": false,
    "train_dataset_filepath": "./datasets/graph_depth_first_search/1/11/normal/11111/1/True/True/1/512/4/4/11536/17686/train_dataset",
    "n_embd": 512,
    "warmup_ratio": 0.1,
    "grad_clip": 1,
    "run_id": "da39ce5b-2101-49bb-90d7-f9c2571f9056",
    "n_head": 4,
    "n_layer": 4,
    "compute_budget": 100000000000,
    "max_steps": 3,
    "task": "graph_depth_first_search",
    "batch_size": 8,
    "project_name": "binary-graph_depth_first_search1-gridsearch-11-normal-11111-iteration-113030",
    "weight_decay": 0.1,
    "precision": "32",
    "log_gradients": false,
    "task_length": 11,
    "betas": [
      0.9,
      0.95
    ],
    "validation_ratio": 0.005
  },
  "summary": {
    "_runtime": 556.5616195201874,
    "_step": 6,
    "_timestamp": 1735486644.6565084,
    "_wandb.runtime": 555,
    "epoch": 1,
    "test_acc_result": 0,
    "total_compute": 229215043584,
    "train_loss_epoch": 3.2529869079589844,
    "trainer/global_step": 3,
    "val_loss": 2.924495220184326
  }
}