{
  "config": {
    "max_steps": 36,
    "method": "normal",
    "log_gradients": false,
    "mask_idx": 23,
    "threshold_testing": false,
    "early_stopping": false,
    "task_length": 11,
    "weight_decay": 0.1,
    "task": "graph_depth_first_search",
    "dropout": 0,
    "betas": [
      0.9,
      0.95
    ],
    "validation_ratio": 0.005,
    "n_embd": 64,
    "compute_budget": 100000000000,
    "loss_threshold": 0.0017157108429701616,
    "precision": "32",
    "n_layer": 16,
    "bias": false,
    "project_name": "binary-graph_depth_first_search1-gridsearch-11-normal-11111-iteration-113030",
    "warmup_ratio": 0.1,
    "val_dataset_filepath": "./datasets/graph_depth_first_search/1/11/normal/11111/10/True/True/1/64/16/4/26472/26051/val_dataset",
    "seed": 26051,
    "test_batch_size": 64,
    "test_dataset_filepath": "./datasets/graph_depth_first_search/1/11/normal/11111/10/True/True/1/64/16/4/26472/26051/test_dataset",
    "run_id": "b069eb47-0a31-4c94-b22d-fea80a47109b",
    "batch_size": 8,
    "lr": 0.001,
    "grad_clip": 1,
    "train_dataset_filepath": "./datasets/graph_depth_first_search/1/11/normal/11111/10/True/True/1/64/16/4/26472/26051/train_dataset",
    "n_head": 4
  },
  "summary": {
    "_runtime": 1182.0025889873505,
    "_step": 39,
    "_timestamp": 1735485061.127416,
    "_wandb.runtime": 1181,
    "epoch": 1,
    "test_acc_result": 0,
    "total_compute": 195717758976,
    "train_loss_epoch": 2.5343286991119385,
    "trainer/global_step": 36,
    "val_loss": 2.3012704849243164
  }
}