{
  "config": {
    "run_id": "c84dcc8d-10b1-442b-8334-0b2b39bc2e73",
    "precision": "32",
    "early_stopping": false,
    "grad_clip": 1,
    "weight_decay": 0.1,
    "threshold_testing": false,
    "test_batch_size": 64,
    "log_gradients": false,
    "task_length": 11,
    "method": "normal",
    "max_steps": 5,
    "val_dataset_filepath": "./datasets/graph_depth_first_search/1/11/normal/11111/1/True/True/1/64/16/4/35532/6160/val_dataset",
    "n_head": 4,
    "project_name": "binary-graph_depth_first_search1-gridsearch-11-normal-11111-iteration-113030",
    "loss_threshold": 0.0017157108429701616,
    "seed": 6160,
    "bias": false,
    "validation_ratio": 0.005,
    "test_dataset_filepath": "./datasets/graph_depth_first_search/1/11/normal/11111/1/True/True/1/64/16/4/35532/6160/test_dataset",
    "batch_size": 64,
    "train_dataset_filepath": "./datasets/graph_depth_first_search/1/11/normal/11111/1/True/True/1/64/16/4/35532/6160/train_dataset",
    "lr": 0.0001,
    "task": "graph_depth_first_search",
    "betas": [
      0.9,
      0.95
    ],
    "warmup_ratio": 0.1,
    "compute_budget": 100000000000,
    "n_embd": 64,
    "n_layer": 16,
    "dropout": 0,
    "mask_idx": 23
  },
  "summary": {
    "_runtime": 670.5675854682922,
    "_step": 8,
    "_timestamp": 1735486666.0616565,
    "_wandb.runtime": 669,
    "epoch": 1,
    "test_acc_result": 0,
    "total_compute": 217464176640,
    "train_loss_epoch": 3.436466693878174,
    "trainer/global_step": 5,
    "val_loss": 3.3208835124969482
  }
}