{
  "config": {
    "seed": 20499,
    "loss_threshold": 0.0017157108429701616,
    "task": "graph_depth_first_search",
    "lr": 0.0001,
    "method": "normal",
    "batch_size": 8,
    "early_stopping": false,
    "test_dataset_filepath": "./datasets/graph_depth_first_search/1/11/normal/11111/1/True/True/1/512/16/4/31063/20499/test_dataset",
    "warmup_ratio": 0.1,
    "val_dataset_filepath": "./datasets/graph_depth_first_search/1/11/normal/11111/1/True/True/1/512/16/4/31063/20499/val_dataset",
    "grad_clip": 1,
    "weight_decay": 0.1,
    "train_dataset_filepath": "./datasets/graph_depth_first_search/1/11/normal/11111/1/True/True/1/512/16/4/31063/20499/train_dataset",
    "project_name": "binary-graph_depth_first_search1-gridsearch-11-normal-11111-iteration-113030",
    "validation_ratio": 0.005,
    "max_steps": 1,
    "threshold_testing": false,
    "betas": [
      0.9,
      0.95
    ],
    "n_layer": 16,
    "task_length": 11,
    "n_embd": 512,
    "run_id": "ec22f766-f32e-4270-9b84-d3b735a60b97",
    "n_head": 4,
    "precision": "32",
    "dropout": 0,
    "bias": false,
    "log_gradients": false,
    "compute_budget": 100000000000,
    "test_batch_size": 64,
    "mask_idx": 23
  },
  "summary": {
    "_runtime": 1542.547600030899,
    "_step": 4,
    "_timestamp": 1735483064.4390051,
    "_wandb.runtime": 1542,
    "epoch": 1,
    "test_acc_result": 0,
    "total_compute": 305620058112,
    "train_loss_epoch": 3.5653650760650635,
    "trainer/global_step": 1,
    "val_loss": 2.679691791534424
  }
}