{
  "config": {
    "test_dataset_filepath": "./datasets/graph_depth_first_search/1/11/normal/11111/1000/True/True/1/64/16/4/17310/38694/test_dataset",
    "max_steps": 35,
    "val_dataset_filepath": "./datasets/graph_depth_first_search/1/11/normal/11111/1000/True/True/1/64/16/4/17310/38694/val_dataset",
    "bias": false,
    "precision": "32",
    "n_layer": 16,
    "batch_size": 8,
    "loss_threshold": 0.0017157108429701616,
    "validation_ratio": 0.005,
    "threshold_testing": false,
    "log_gradients": false,
    "dropout": 0,
    "warmup_ratio": 0.1,
    "task_length": 11,
    "early_stopping": false,
    "task": "graph_depth_first_search",
    "project_name": "binary-graph_depth_first_search1-gridsearch-11-normal-11111-iteration-113030",
    "compute_budget": 100000000000,
    "run_id": "ad2fc544-7813-48e9-a42a-dc9d937f2fa7",
    "train_dataset_filepath": "./datasets/graph_depth_first_search/1/11/normal/11111/1000/True/True/1/64/16/4/17310/38694/train_dataset",
    "seed": 38694,
    "method": "normal",
    "grad_clip": 1,
    "betas": [
      0.9,
      0.95
    ],
    "mask_idx": 23,
    "weight_decay": 0.1,
    "test_batch_size": 64,
    "n_embd": 64,
    "lr": 0.1,
    "n_head": 4
  },
  "summary": {
    "_runtime": 1240.8400828838348,
    "_step": 38,
    "_timestamp": 1735486543.042713,
    "_wandb.runtime": 1239,
    "epoch": 1,
    "test_acc_result": 0,
    "total_compute": 190281154560,
    "train_loss_epoch": 2.9420688152313232,
    "trainer/global_step": 35,
    "val_loss": 2.335145950317383
  }
}