{
  "config": {
    "n_embd": 32,
    "mask_idx": 23,
    "compute_budget": 100000000000,
    "betas": [
      0.9,
      0.95
    ],
    "warmup_ratio": 0.1,
    "early_stopping": false,
    "threshold_testing": false,
    "n_head": 4,
    "dropout": 0,
    "method": "normal",
    "batch_size": 8,
    "grad_clip": 1,
    "validation_ratio": 0.005,
    "project_name": "binary-graph_depth_first_search1-gridsearch-11-normal-11111-iteration-113030",
    "loss_threshold": 0.0017157108429701616,
    "test_dataset_filepath": "./datasets/graph_depth_first_search/1/11/normal/11111/100/True/True/1/32/16/4/6626/20337/test_dataset",
    "train_dataset_filepath": "./datasets/graph_depth_first_search/1/11/normal/11111/100/True/True/1/32/16/4/6626/20337/train_dataset",
    "log_gradients": false,
    "test_batch_size": 64,
    "max_steps": 133,
    "bias": false,
    "precision": "32",
    "weight_decay": 0.1,
    "val_dataset_filepath": "./datasets/graph_depth_first_search/1/11/normal/11111/100/True/True/1/32/16/4/6626/20337/val_dataset",
    "lr": 0.01,
    "n_layer": 16,
    "task_length": 11,
    "run_id": "1643a89c-9b25-4a8c-9560-d79d5f911990",
    "task": "graph_depth_first_search",
    "seed": 20337
  },
  "summary": {
    "_runtime": 61.22504901885986,
    "_step": 139,
    "_timestamp": 1735484488.2188761,
    "epoch": 1,
    "lr-AdamW": 0.0026680582402757325,
    "total_compute": 205896155136,
    "train_loss_epoch": 1.878127932548523,
    "train_loss_step": 1.490561604499817,
    "trainer/global_step": 133,
    "val_loss": 1.351094365119934
  }
}