{
  "config": {
    "mask_idx": 23,
    "early_stopping": false,
    "lr": 0.001,
    "weight_decay": 0.1,
    "dropout": 0,
    "log_gradients": false,
    "loss_threshold": 0.0017157108429701616,
    "n_layer": 4,
    "project_name": "binary-graph_depth_first_search1-gridsearch-11-normal-11111-iteration-113030",
    "n_embd": 128,
    "threshold_testing": false,
    "compute_budget": 100000000000,
    "test_batch_size": 64,
    "validation_ratio": 0.005,
    "run_id": "23cf0cd9-ff08-48d9-90a3-7cb9954fd759",
    "seed": 7326,
    "max_steps": 37,
    "task": "graph_depth_first_search",
    "warmup_ratio": 0.1,
    "grad_clip": 1,
    "n_head": 4,
    "bias": false,
    "task_length": 11,
    "val_dataset_filepath": "./datasets/graph_depth_first_search/1/11/normal/11111/10/True/True/1/128/4/4/36641/7326/val_dataset",
    "method": "normal",
    "batch_size": 8,
    "train_dataset_filepath": "./datasets/graph_depth_first_search/1/11/normal/11111/10/True/True/1/128/4/4/36641/7326/train_dataset",
    "test_dataset_filepath": "./datasets/graph_depth_first_search/1/11/normal/11111/10/True/True/1/128/4/4/36641/7326/test_dataset",
    "betas": [
      0.9,
      0.95
    ],
    "precision": "32"
  },
  "summary": {
    "_runtime": 511.10812163352966,
    "_step": 40,
    "_timestamp": 1735480740.6365957,
    "_wandb.runtime": 510,
    "epoch": 1,
    "test_acc_result": 0,
    "total_compute": 187172782080,
    "train_loss_epoch": 2.3837478160858154,
    "trainer/global_step": 37,
    "val_loss": 2.1697254180908203
  }
}