{
  "config": {
    "batch_size": 8,
    "betas": [
      0.9,
      0.95
    ],
    "task": "graph_depth_first_search",
    "compute_budget": 100000000000,
    "threshold_testing": false,
    "early_stopping": false,
    "mask_idx": 23,
    "task_length": 11,
    "dropout": 0,
    "grad_clip": 1,
    "precision": "32",
    "test_batch_size": 64,
    "log_gradients": false,
    "n_head": 4,
    "project_name": "binary-graph_depth_first_search1-gridsearch-11-normal-11111-iteration-113030",
    "n_layer": 4,
    "method": "normal",
    "run_id": "4f4a5693-57ae-4b42-91cb-93076a79850c",
    "seed": 17960,
    "validation_ratio": 0.005,
    "n_embd": 64,
    "lr": 0.01,
    "bias": false,
    "warmup_ratio": 0.1,
    "weight_decay": 0.1,
    "loss_threshold": 0.0017157108429701616,
    "val_dataset_filepath": "./datasets/graph_depth_first_search/1/11/normal/11111/100/True/True/1/64/4/4/15777/17960/val_dataset",
    "test_dataset_filepath": "./datasets/graph_depth_first_search/1/11/normal/11111/100/True/True/1/64/4/4/15777/17960/test_dataset",
    "max_steps": 142,
    "train_dataset_filepath": "./datasets/graph_depth_first_search/1/11/normal/11111/100/True/True/1/64/4/4/15777/17960/train_dataset"
  },
  "summary": {
    "_runtime": 49.75002861022949,
    "_step": 148,
    "_timestamp": 1735484529.2201905,
    "epoch": 1,
    "lr-AdamW": 0.0032819581349659726,
    "total_compute": 192999456768,
    "train_loss_epoch": 1.8635597229003906,
    "train_loss_step": 1.6405631303787231,
    "trainer/global_step": 142,
    "val_loss": 1.4936470985412598
  }
}