{
  "config": {
    "run_id": "ca7fcf99-6476-4f12-9891-bc90059e78a9",
    "lr": 0.01,
    "log_gradients": false,
    "grad_clip": 1,
    "task": "graph_depth_first_search",
    "batch_size": 64,
    "validation_ratio": 0.005,
    "threshold_testing": false,
    "compute_budget": 100000000000,
    "project_name": "binary-graph_depth_first_search1-gridsearch-11-normal-11111-iteration-113030",
    "n_layer": 16,
    "early_stopping": false,
    "val_dataset_filepath": "./datasets/graph_depth_first_search/1/11/normal/11111/100/True/True/1/128/16/4/34395/28079/val_dataset",
    "weight_decay": 0.1,
    "n_embd": 128,
    "test_batch_size": 64,
    "loss_threshold": 0.0017157108429701616,
    "warmup_ratio": 0.1,
    "test_dataset_filepath": "./datasets/graph_depth_first_search/1/11/normal/11111/100/True/True/1/128/16/4/34395/28079/test_dataset",
    "betas": [
      0.9,
      0.95
    ],
    "max_steps": 2,
    "precision": "32",
    "bias": false,
    "dropout": 0,
    "train_dataset_filepath": "./datasets/graph_depth_first_search/1/11/normal/11111/100/True/True/1/128/16/4/34395/28079/train_dataset",
    "task_length": 11,
    "n_head": 4,
    "method": "normal",
    "mask_idx": 23,
    "seed": 28079
  },
  "summary": {
    "_runtime": 1283.5192558765411,
    "_step": 5,
    "_timestamp": 1735483856.3146088,
    "_wandb.runtime": 1282,
    "epoch": 1,
    "test_acc_result": 0,
    "total_compute": 323758325760,
    "train_loss_epoch": 3.0934865474700928,
    "trainer/global_step": 2,
    "val_loss": 2.500821590423584
  }
}