{
  "config": {
    "weight_decay": 0.1,
    "log_gradients": false,
    "mask_idx": 23,
    "precision": "32",
    "threshold_testing": false,
    "n_layer": 4,
    "bias": false,
    "loss_threshold": 0.0017157108429701616,
    "train_dataset_filepath": "./datasets/graph_depth_first_search/1/11/normal/11111/1000/True/True/1/64/4/4/30583/36600/train_dataset",
    "task_length": 11,
    "n_embd": 64,
    "test_dataset_filepath": "./datasets/graph_depth_first_search/1/11/normal/11111/1000/True/True/1/64/4/4/30583/36600/test_dataset",
    "n_head": 4,
    "batch_size": 64,
    "validation_ratio": 0.005,
    "lr": 0.1,
    "dropout": 0,
    "max_steps": 18,
    "val_dataset_filepath": "./datasets/graph_depth_first_search/1/11/normal/11111/1000/True/True/1/64/4/4/30583/36600/val_dataset",
    "seed": 36600,
    "compute_budget": 100000000000,
    "grad_clip": 1,
    "betas": [
      0.9,
      0.95
    ],
    "project_name": "binary-graph_depth_first_search1-gridsearch-11-normal-11111-iteration-113030",
    "method": "normal",
    "warmup_ratio": 0.1,
    "run_id": "640d7bdd-c8ef-4c37-a555-459d05877f0d",
    "test_batch_size": 64,
    "early_stopping": false,
    "task": "graph_depth_first_search"
  },
  "summary": {
    "_runtime": 875.9600234031677,
    "_step": 21,
    "_timestamp": 1735481436.2848344,
    "_wandb.runtime": 875,
    "epoch": 1,
    "test_acc_result": 0,
    "total_compute": 195717758976,
    "train_loss_epoch": 3.3443613052368164,
    "trainer/global_step": 18,
    "val_loss": 2.6021649837493896
  }
}