{
  "config": {
    "early_stopping": false,
    "dropout": 0,
    "method": "normal",
    "grad_clip": 1,
    "n_head": 4,
    "max_steps": 1791,
    "bias": false,
    "test_dataset_filepath": "./datasets/graph_depth_first_search/1/11/normal/11111/10/True/True/1/16/4/4/29313/31869/test_dataset",
    "mask_idx": 23,
    "n_layer": 4,
    "validation_ratio": 0.005,
    "weight_decay": 0.1,
    "batch_size": 8,
    "task_length": 11,
    "warmup_ratio": 0.1,
    "betas": [
      0.9,
      0.95
    ],
    "log_gradients": false,
    "train_dataset_filepath": "./datasets/graph_depth_first_search/1/11/normal/11111/10/True/True/1/16/4/4/29313/31869/train_dataset",
    "loss_threshold": 0.0017157108429701616,
    "task": "graph_depth_first_search",
    "test_batch_size": 64,
    "val_dataset_filepath": "./datasets/graph_depth_first_search/1/11/normal/11111/10/True/True/1/16/4/4/29313/31869/val_dataset",
    "compute_budget": 100000000000,
    "precision": "32",
    "project_name": "binary-graph_depth_first_search1-gridsearch-11-normal-11111-iteration-113030",
    "threshold_testing": false,
    "run_id": "66a4dd07-8100-4c52-bff0-0c9495794639",
    "lr": 0.001,
    "seed": 31869,
    "n_embd": 16
  },
  "summary": {
    "_runtime": 1241.6255419254303,
    "_step": 296,
    "_timestamp": 1735484962.683615,
    "_wandb.runtime": 1241,
    "epoch": 1,
    "lr-AdamW": 0.00010150663578494802,
    "test_acc_result": 0,
    "total_compute": 215588487168,
    "train_loss_epoch": 1.8307925462722778,
    "train_loss_step": 1.4273622035980225,
    "trainer/global_step": 1791,
    "val_loss": 1.411097764968872
  }
}