{
  "config": {
    "n_layer": 16,
    "loss_threshold": 0.0017157108429701616,
    "warmup_ratio": 0.1,
    "n_embd": 512,
    "project_name": "binary-graph_depth_first_search1-gridsearch-11-normal-11111-iteration-113030",
    "grad_clip": 1,
    "seed": 7604,
    "precision": "32",
    "mask_idx": 23,
    "threshold_testing": false,
    "train_dataset_filepath": "./datasets/graph_depth_first_search/1/11/normal/11111/1/True/True/1/512/16/4/16882/7604/train_dataset",
    "method": "normal",
    "log_gradients": false,
    "test_batch_size": 64,
    "betas": [
      0.9,
      0.95
    ],
    "test_dataset_filepath": "./datasets/graph_depth_first_search/1/11/normal/11111/1/True/True/1/512/16/4/16882/7604/test_dataset",
    "dropout": 0,
    "compute_budget": 100000000000,
    "run_id": "225ccf9a-47ae-4fc2-b824-8be6020dff37",
    "validation_ratio": 0.005,
    "bias": false,
    "task": "graph_depth_first_search",
    "batch_size": 64,
    "early_stopping": false,
    "val_dataset_filepath": "./datasets/graph_depth_first_search/1/11/normal/11111/1/True/True/1/512/16/4/16882/7604/val_dataset",
    "max_steps": 1,
    "lr": 0.0001,
    "n_head": 4,
    "task_length": 11,
    "weight_decay": 0.1
  },
  "summary": {
    "_runtime": 1201.97128200531,
    "_step": 4,
    "_timestamp": 1735484727.204398,
    "_wandb.runtime": 1202,
    "epoch": 1,
    "test_acc_result": 0,
    "total_compute": 2444960464896,
    "train_loss_epoch": 3.518781900405884,
    "trainer/global_step": 1,
    "val_loss": 2.6009175777435303
  }
}