{
  "config": {
    "mask_idx": 23,
    "max_steps": 5,
    "validation_ratio": 0.005,
    "threshold_testing": false,
    "warmup_ratio": 0.1,
    "betas": [
      0.9,
      0.95
    ],
    "loss_threshold": 0.0017157108429701616,
    "task_length": 11,
    "n_layer": 4,
    "batch_size": 64,
    "compute_budget": 100000000000,
    "test_dataset_filepath": "./datasets/graph_depth_first_search/1/11/normal/11111/1000/True/True/1/128/4/4/8486/5632/test_dataset",
    "test_batch_size": 64,
    "bias": false,
    "n_head": 4,
    "n_embd": 128,
    "seed": 5632,
    "lr": 0.1,
    "precision": "32",
    "project_name": "binary-graph_depth_first_search1-gridsearch-11-normal-11111-iteration-113030",
    "train_dataset_filepath": "./datasets/graph_depth_first_search/1/11/normal/11111/1000/True/True/1/128/4/4/8486/5632/train_dataset",
    "run_id": "eee67a19-e2e5-4bcf-8953-592e13ac7943",
    "log_gradients": false,
    "method": "normal",
    "early_stopping": false,
    "val_dataset_filepath": "./datasets/graph_depth_first_search/1/11/normal/11111/1000/True/True/1/128/4/4/8486/5632/val_dataset",
    "weight_decay": 0.1,
    "grad_clip": 1,
    "task": "graph_depth_first_search",
    "dropout": 0
  },
  "summary": {
    "_runtime": 756.8873374462128,
    "_step": 8,
    "_timestamp": 1735480808.2155764,
    "_wandb.runtime": 756,
    "epoch": 1,
    "test_acc_result": 0,
    "total_compute": 202348953600,
    "train_loss_epoch": 5.2985687255859375,
    "trainer/global_step": 5,
    "val_loss": 5.440274238586426
  }
}