{
  "config": {
    "method": "normal",
    "run_id": "9821e5ef-9025-4ef2-a267-5bcc75868045",
    "loss_threshold": 0.0017157108429701616,
    "val_dataset_filepath": "./datasets/graph_depth_first_search/1/11/normal/11111/1/True/True/1/16/16/4/35815/1576/val_dataset",
    "project_name": "binary-graph_depth_first_search1-gridsearch-11-normal-11111-iteration-113030",
    "warmup_ratio": 0.1,
    "max_steps": 57,
    "precision": "32",
    "weight_decay": 0.1,
    "n_head": 4,
    "threshold_testing": false,
    "bias": false,
    "seed": 1576,
    "test_batch_size": 64,
    "n_embd": 16,
    "betas": [
      0.9,
      0.95
    ],
    "dropout": 0,
    "mask_idx": 23,
    "grad_clip": 1,
    "compute_budget": 100000000000,
    "lr": 0.0001,
    "batch_size": 64,
    "n_layer": 16,
    "log_gradients": false,
    "task_length": 11,
    "test_dataset_filepath": "./datasets/graph_depth_first_search/1/11/normal/11111/1/True/True/1/16/16/4/35815/1576/test_dataset",
    "task": "graph_depth_first_search",
    "early_stopping": false,
    "train_dataset_filepath": "./datasets/graph_depth_first_search/1/11/normal/11111/1/True/True/1/16/16/4/35815/1576/train_dataset",
    "validation_ratio": 0.005
  },
  "summary": {
    "_runtime": 1311.9988017082214,
    "_step": 62,
    "_timestamp": 1735482953.9383237,
    "_wandb.runtime": 1311,
    "epoch": 1,
    "lr-AdamW": 1.515447884560557e-05,
    "test_acc_result": 0,
    "total_compute": 219560804352,
    "train_loss_epoch": 3.338207244873047,
    "train_loss_step": 3.262892007827759,
    "trainer/global_step": 57,
    "val_loss": 3.2730507850646973
  }
}