{
  "config": {
    "run_id": "14530429-8aec-4ef7-a975-30d67d00c266",
    "n_head": 4,
    "compute_budget": 100000000000,
    "mask_idx": 23,
    "early_stopping": false,
    "threshold_testing": false,
    "n_embd": 256,
    "seed": 34837,
    "batch_size": 64,
    "loss_threshold": 0.0017157108429701616,
    "betas": [
      0.9,
      0.95
    ],
    "bias": false,
    "task": "graph_depth_first_search",
    "max_steps": 1,
    "method": "normal",
    "grad_clip": 1,
    "lr": 0.001,
    "test_dataset_filepath": "./datasets/graph_depth_first_search/1/11/normal/11111/10/True/True/1/256/16/4/17105/34837/test_dataset",
    "dropout": 0,
    "weight_decay": 0.1,
    "task_length": 11,
    "validation_ratio": 0.005,
    "train_dataset_filepath": "./datasets/graph_depth_first_search/1/11/normal/11111/10/True/True/1/256/16/4/17105/34837/train_dataset",
    "test_batch_size": 64,
    "val_dataset_filepath": "./datasets/graph_depth_first_search/1/11/normal/11111/10/True/True/1/256/16/4/17105/34837/val_dataset",
    "n_layer": 16,
    "project_name": "binary-graph_depth_first_search1-gridsearch-11-normal-11111-iteration-113030",
    "log_gradients": false,
    "precision": "32",
    "warmup_ratio": 0.1
  },
  "summary": {
    "_runtime": 1243.8460085391998,
    "_step": 4,
    "_timestamp": 1735485842.0614614,
    "_wandb.runtime": 1243,
    "epoch": 1,
    "test_acc_result": 0,
    "total_compute": 623332294656,
    "train_loss_epoch": 3.593538999557495,
    "trainer/global_step": 1,
    "val_loss": 2.4939451217651367
  }
}