{
  "config": {
    "betas": [
      0.9,
      0.95
    ],
    "train_dataset_filepath": "./datasets/graph_depth_first_search/1/11/normal/11111/10/True/True/1/32/16/4/15623/35441/train_dataset",
    "validation_ratio": 0.005,
    "mask_idx": 23,
    "val_dataset_filepath": "./datasets/graph_depth_first_search/1/11/normal/11111/10/True/True/1/32/16/4/15623/35441/val_dataset",
    "early_stopping": false,
    "task_length": 11,
    "log_gradients": false,
    "warmup_ratio": 0.1,
    "project_name": "binary-graph_depth_first_search1-gridsearch-11-normal-11111-iteration-113030",
    "compute_budget": 100000000000,
    "bias": false,
    "n_head": 4,
    "n_layer": 16,
    "batch_size": 64,
    "grad_clip": 1,
    "threshold_testing": false,
    "task": "graph_depth_first_search",
    "loss_threshold": 0.0017157108429701616,
    "method": "normal",
    "max_steps": 17,
    "test_dataset_filepath": "./datasets/graph_depth_first_search/1/11/normal/11111/10/True/True/1/32/16/4/15623/35441/test_dataset",
    "lr": 0.001,
    "n_embd": 32,
    "seed": 35441,
    "weight_decay": 0.1,
    "test_batch_size": 64,
    "dropout": 0,
    "run_id": "0a3f01ee-c43f-42ad-8f89-ba1f703dde01",
    "precision": "32"
  },
  "summary": {
    "_runtime": 1113.0562279224396,
    "_step": 20,
    "_timestamp": 1735482114.5924668,
    "_wandb.runtime": 1112,
    "epoch": 1,
    "test_acc_result": 0,
    "total_compute": 210540429312,
    "train_loss_epoch": 2.899441957473755,
    "trainer/global_step": 17,
    "val_loss": 2.6860811710357666
  }
}