{
  "config": {
    "seed": 9946,
    "n_embd": 32,
    "validation_ratio": 0.005,
    "threshold_testing": false,
    "bias": false,
    "n_head": 4,
    "method": "normal",
    "task_length": 11,
    "max_steps": 523,
    "warmup_ratio": 0.1,
    "compute_budget": 100000000000,
    "test_dataset_filepath": "./datasets/graph_depth_first_search/1/11/normal/11111/100/True/True/1/32/4/4/17729/9946/test_dataset",
    "grad_clip": 1,
    "lr": 0.01,
    "precision": "32",
    "task": "graph_depth_first_search",
    "weight_decay": 0.1,
    "test_batch_size": 64,
    "betas": [
      0.9,
      0.95
    ],
    "run_id": "a639f77a-9365-4955-8fee-5dcf31f81a09",
    "project_name": "binary-graph_depth_first_search1-gridsearch-11-normal-11111-iteration-113030",
    "n_layer": 4,
    "early_stopping": false,
    "log_gradients": false,
    "dropout": 0,
    "mask_idx": 23,
    "loss_threshold": 0.0017157108429701616,
    "train_dataset_filepath": "./datasets/graph_depth_first_search/1/11/normal/11111/100/True/True/1/32/4/4/17729/9946/train_dataset",
    "val_dataset_filepath": "./datasets/graph_depth_first_search/1/11/normal/11111/100/True/True/1/32/4/4/17729/9946/val_dataset",
    "batch_size": 8
  },
  "summary": {
    "_runtime": 753.5903840065002,
    "_step": 284,
    "_timestamp": 1735486671.440492,
    "_wandb.runtime": 753,
    "epoch": 1,
    "lr-AdamW": 0.0010575354215643271,
    "test_acc_result": 0.0020000000949949026,
    "total_compute": 202412949504,
    "train_loss_epoch": 1.3772588968276978,
    "train_loss_step": 1.1564973592758179,
    "trainer/global_step": 523,
    "val_loss": 0.9717689752578735
  }
}