{
  "config": {
    "val_dataset_filepath": "./datasets/graph_depth_first_search/1/11/normal/11111/10/True/True/1/8/16/4/27685/13927/val_dataset",
    "method": "normal",
    "validation_ratio": 0.005,
    "lr": 0.001,
    "max_steps": 183,
    "early_stopping": false,
    "mask_idx": 23,
    "test_dataset_filepath": "./datasets/graph_depth_first_search/1/11/normal/11111/10/True/True/1/8/16/4/27685/13927/test_dataset",
    "warmup_ratio": 0.1,
    "weight_decay": 0.1,
    "train_dataset_filepath": "./datasets/graph_depth_first_search/1/11/normal/11111/10/True/True/1/8/16/4/27685/13927/train_dataset",
    "compute_budget": 100000000000,
    "precision": "32",
    "project_name": "binary-graph_depth_first_search1-gridsearch-11-normal-11111-iteration-113030",
    "batch_size": 64,
    "task": "graph_depth_first_search",
    "n_embd": 8,
    "threshold_testing": false,
    "loss_threshold": 0.0017157108429701616,
    "bias": false,
    "grad_clip": 1,
    "n_layer": 16,
    "n_head": 4,
    "run_id": "ff96c051-d39f-4c5b-ab63-20b00f7f77c9",
    "betas": [
      0.9,
      0.95
    ],
    "dropout": 0,
    "seed": 13927,
    "task_length": 11,
    "test_batch_size": 64,
    "log_gradients": false
  },
  "summary": {
    "_runtime": 466.7394790649414,
    "_step": 192,
    "_timestamp": 1735487004.61209,
    "_wandb.runtime": 466,
    "epoch": 1,
    "lr-AdamW": 0.00019104416759703003,
    "test_acc_result": 0,
    "total_compute": 245378580480,
    "train_loss_epoch": 2.759016752243042,
    "train_loss_step": 2.5554749965667725,
    "trainer/global_step": 183,
    "val_loss": 2.5448427200317383
  }
}