{
  "config": {
    "weight_decay": 0.1,
    "batch_size": 8,
    "validation_ratio": 0.005,
    "warmup_ratio": 0.1,
    "betas": [
      0.9,
      0.95
    ],
    "mask_idx": 23,
    "threshold_testing": false,
    "task": "graph_depth_first_search",
    "n_head": 4,
    "task_length": 11,
    "compute_budget": 100000000000,
    "precision": "32",
    "train_dataset_filepath": "./datasets/graph_depth_first_search/1/11/normal/11111/1000/True/True/1/16/4/4/36976/33926/train_dataset",
    "n_embd": 16,
    "seed": 33926,
    "val_dataset_filepath": "./datasets/graph_depth_first_search/1/11/normal/11111/1000/True/True/1/16/4/4/36976/33926/val_dataset",
    "grad_clip": 1,
    "log_gradients": false,
    "lr": 0.1,
    "n_layer": 4,
    "bias": false,
    "test_dataset_filepath": "./datasets/graph_depth_first_search/1/11/normal/11111/1000/True/True/1/16/4/4/36976/33926/test_dataset",
    "dropout": 0,
    "max_steps": 1800,
    "project_name": "binary-graph_depth_first_search1-gridsearch-11-normal-11111-iteration-113030",
    "early_stopping": false,
    "test_batch_size": 64,
    "loss_threshold": 0.0017157108429701616,
    "method": "normal",
    "run_id": "ba6682b5-6855-42fc-b944-4336a7066842"
  },
  "summary": {
    "_runtime": 918.7243273258209,
    "_step": 275,
    "_timestamp": 1735486624.2457423,
    "_wandb.runtime": 918,
    "epoch": 1,
    "lr-AdamW": 0.010000084615923424,
    "test_acc_result": 0,
    "total_compute": 216671846400,
    "train_loss_epoch": 1.5358304977416992,
    "train_loss_step": 1.0112751722335815,
    "trainer/global_step": 1800,
    "val_loss": 1.0718666315078735
  }
}