{
  "config": {
    "validation_ratio": 0.005,
    "n_layer": 4,
    "early_stopping": false,
    "task": "graph_depth_first_search",
    "betas": [
      0.9,
      0.95
    ],
    "loss_threshold": 0.0017157108429701616,
    "task_length": 11,
    "compute_budget": 100000000000,
    "weight_decay": 0.1,
    "dropout": 0,
    "method": "normal",
    "mask_idx": 23,
    "train_dataset_filepath": "./datasets/graph_depth_first_search/1/11/normal/11111/1/True/True/1/128/4/4/29004/34760/train_dataset",
    "precision": "32",
    "run_id": "556571ee-aff8-4055-b53c-6316a119a02d",
    "lr": 0.0001,
    "log_gradients": false,
    "batch_size": 64,
    "project_name": "binary-graph_depth_first_search1-gridsearch-11-normal-11111-iteration-113030",
    "grad_clip": 1,
    "warmup_ratio": 0.1,
    "test_dataset_filepath": "./datasets/graph_depth_first_search/1/11/normal/11111/1/True/True/1/128/4/4/29004/34760/test_dataset",
    "n_embd": 128,
    "test_batch_size": 64,
    "bias": false,
    "max_steps": 5,
    "threshold_testing": false,
    "n_head": 4,
    "val_dataset_filepath": "./datasets/graph_depth_first_search/1/11/normal/11111/1/True/True/1/128/4/4/29004/34760/val_dataset",
    "seed": 34760
  },
  "summary": {
    "_runtime": 989.8330008983612,
    "_step": 8,
    "_timestamp": 1735484577.643219,
    "_wandb.runtime": 989,
    "epoch": 1,
    "test_acc_result": 0,
    "total_compute": 202348953600,
    "train_loss_epoch": 3.336773633956909,
    "trainer/global_step": 5,
    "val_loss": 3.256169080734253
  }
}