{
  "config": {
    "early_stopping": false,
    "validation_ratio": 0.005,
    "precision": "32",
    "n_head": 4,
    "seed": 2550,
    "weight_decay": 0.1,
    "n_embd": 512,
    "warmup_ratio": 0.1,
    "test_batch_size": 64,
    "method": "normal",
    "n_layer": 16,
    "loss_threshold": 0.0017157108429701616,
    "val_dataset_filepath": "./datasets/graph_depth_first_search/1/11/normal/11111/100/True/True/1/512/16/4/37385/2550/val_dataset",
    "max_steps": 1,
    "project_name": "binary-graph_depth_first_search1-gridsearch-11-normal-11111-iteration-113030",
    "grad_clip": 1,
    "mask_idx": 23,
    "task_length": 11,
    "compute_budget": 100000000000,
    "lr": 0.01,
    "run_id": "7d68285f-7565-4e30-8d1c-dd132caace3c",
    "bias": false,
    "test_dataset_filepath": "./datasets/graph_depth_first_search/1/11/normal/11111/100/True/True/1/512/16/4/37385/2550/test_dataset",
    "train_dataset_filepath": "./datasets/graph_depth_first_search/1/11/normal/11111/100/True/True/1/512/16/4/37385/2550/train_dataset",
    "threshold_testing": false,
    "betas": [
      0.9,
      0.95
    ],
    "log_gradients": false,
    "task": "graph_depth_first_search",
    "dropout": 0,
    "batch_size": 64
  },
  "summary": {
    "_runtime": 1254.460105895996,
    "_step": 4,
    "_timestamp": 1735483043.5981238,
    "_wandb.runtime": 1254,
    "epoch": 1,
    "test_acc_result": 0,
    "total_compute": 2444960464896,
    "train_loss_epoch": 3.433670997619629,
    "trainer/global_step": 1,
    "val_loss": 2.6798887252807617
  }
}