{
  "config": {
    "betas": [
      0.9,
      0.95
    ],
    "n_embd": 128,
    "dropout": 0,
    "val_dataset_filepath": "./datasets/graph_depth_first_search/1/11/normal/11111/10/True/True/1/128/4/4/26980/37874/val_dataset",
    "run_id": "a575f95e-e988-4c16-8751-5be2b645cee8",
    "grad_clip": 1,
    "seed": 37874,
    "n_head": 4,
    "precision": "32",
    "mask_idx": 23,
    "test_batch_size": 64,
    "test_dataset_filepath": "./datasets/graph_depth_first_search/1/11/normal/11111/10/True/True/1/128/4/4/26980/37874/test_dataset",
    "log_gradients": false,
    "max_steps": 5,
    "project_name": "binary-graph_depth_first_search1-gridsearch-11-normal-11111-iteration-113030",
    "compute_budget": 100000000000,
    "method": "normal",
    "task_length": 11,
    "loss_threshold": 0.0017157108429701616,
    "batch_size": 64,
    "early_stopping": false,
    "n_layer": 4,
    "weight_decay": 0.1,
    "task": "graph_depth_first_search",
    "bias": false,
    "warmup_ratio": 0.1,
    "threshold_testing": false,
    "validation_ratio": 0.005,
    "lr": 0.001,
    "train_dataset_filepath": "./datasets/graph_depth_first_search/1/11/normal/11111/10/True/True/1/128/4/4/26980/37874/train_dataset"
  },
  "summary": {
    "_runtime": 912.2466518878937,
    "_step": 8,
    "_timestamp": 1735482933.02818,
    "_wandb.runtime": 911,
    "epoch": 1,
    "test_acc_result": 0,
    "total_compute": 202348953600,
    "train_loss_epoch": 2.8768413066864014,
    "trainer/global_step": 5,
    "val_loss": 2.515153408050537
  }
}