{
  "config": {
    "run_id": "6387e11f-eb0f-4112-b603-a7263f2e9493",
    "betas": [
      0.9,
      0.95
    ],
    "method": "normal",
    "test_dataset_filepath": "./datasets/graph_depth_first_search/1/11/normal/11111/10/True/True/1/128/16/4/3454/26427/test_dataset",
    "max_steps": 10,
    "val_dataset_filepath": "./datasets/graph_depth_first_search/1/11/normal/11111/10/True/True/1/128/16/4/3454/26427/val_dataset",
    "n_embd": 128,
    "precision": "32",
    "validation_ratio": 0.005,
    "dropout": 0,
    "n_layer": 16,
    "bias": false,
    "grad_clip": 1,
    "threshold_testing": false,
    "lr": 0.001,
    "weight_decay": 0.1,
    "mask_idx": 23,
    "log_gradients": false,
    "n_head": 4,
    "task": "graph_depth_first_search",
    "seed": 26427,
    "task_length": 11,
    "project_name": "binary-graph_depth_first_search1-gridsearch-11-normal-11111-iteration-113030",
    "test_batch_size": 64,
    "early_stopping": false,
    "warmup_ratio": 0.1,
    "compute_budget": 100000000000,
    "loss_threshold": 0.0017157108429701616,
    "train_dataset_filepath": "./datasets/graph_depth_first_search/1/11/normal/11111/10/True/True/1/128/16/4/3454/26427/train_dataset",
    "batch_size": 8
  },
  "summary": {
    "_runtime": 639.0696907043457,
    "_step": 13,
    "_timestamp": 1735486816.1206658,
    "_wandb.runtime": 638,
    "epoch": 1,
    "test_acc_result": 0,
    "total_compute": 202348953600,
    "train_loss_epoch": 2.6796064376831055,
    "trainer/global_step": 10,
    "val_loss": 2.325376510620117
  }
}