{
  "config": {
    "test_dataset_filepath": "./datasets/graph_depth_first_search/1/11/normal/11111/1000/True/True/1/128/16/4/29528/22740/test_dataset",
    "task_length": 11,
    "log_gradients": false,
    "project_name": "binary-graph_depth_first_search1-gridsearch-11-normal-11111-iteration-113030",
    "precision": "32",
    "seed": 22740,
    "early_stopping": false,
    "weight_decay": 0.1,
    "compute_budget": 100000000000,
    "bias": false,
    "run_id": "e4e5f50e-31e7-42e4-9a32-3d68721bcb9e",
    "n_embd": 128,
    "grad_clip": 1,
    "lr": 0.1,
    "mask_idx": 23,
    "max_steps": 2,
    "train_dataset_filepath": "./datasets/graph_depth_first_search/1/11/normal/11111/1000/True/True/1/128/16/4/29528/22740/train_dataset",
    "batch_size": 64,
    "validation_ratio": 0.005,
    "method": "normal",
    "betas": [
      0.9,
      0.95
    ],
    "loss_threshold": 0.0017157108429701616,
    "threshold_testing": false,
    "n_head": 4,
    "n_layer": 16,
    "task": "graph_depth_first_search",
    "dropout": 0,
    "val_dataset_filepath": "./datasets/graph_depth_first_search/1/11/normal/11111/1000/True/True/1/128/16/4/29528/22740/val_dataset",
    "warmup_ratio": 0.1,
    "test_batch_size": 64
  },
  "summary": {
    "_runtime": 1416.5222628116608,
    "_step": 5,
    "_timestamp": 1735484508.1000087,
    "_wandb.runtime": 1416,
    "epoch": 1,
    "test_acc_result": 0,
    "total_compute": 323758325760,
    "train_loss_epoch": 3.2460851669311523,
    "trainer/global_step": 2,
    "val_loss": 8.206543922424316
  }
}