{
  "config": {
    "task_length": 11,
    "run_id": "d9027a50-5ae2-4b32-b4bc-d7c8fe82e827",
    "warmup_ratio": 0.1,
    "dropout": 0,
    "betas": [
      0.9,
      0.95
    ],
    "grad_clip": 1,
    "n_head": 4,
    "max_steps": 5695,
    "n_layer": 4,
    "project_name": "binary-graph_depth_first_search1-gridsearch-11-normal-11111-iteration-113030",
    "early_stopping": false,
    "mask_idx": 23,
    "task": "graph_depth_first_search",
    "loss_threshold": 0.0017157108429701616,
    "validation_ratio": 0.005,
    "test_batch_size": 64,
    "method": "normal",
    "val_dataset_filepath": "./datasets/graph_depth_first_search/1/11/normal/11111/1/True/True/1/8/4/4/24677/1622/val_dataset",
    "seed": 1622,
    "test_dataset_filepath": "./datasets/graph_depth_first_search/1/11/normal/11111/1/True/True/1/8/4/4/24677/1622/test_dataset",
    "precision": "32",
    "bias": false,
    "log_gradients": false,
    "train_dataset_filepath": "./datasets/graph_depth_first_search/1/11/normal/11111/1/True/True/1/8/4/4/24677/1622/train_dataset",
    "lr": 0.0001,
    "threshold_testing": false,
    "batch_size": 8,
    "weight_decay": 0.1,
    "n_embd": 8,
    "compute_budget": 100000000000
  },
  "summary": {
    "_runtime": 1391.978226184845,
    "_step": 432,
    "_timestamp": 1735484176.007466,
    "_wandb.runtime": 1391,
    "epoch": 1,
    "lr-AdamW": 1.0017881829851498e-05,
    "test_acc_result": 0,
    "total_compute": 238632345600,
    "train_loss_epoch": 2.606931209564209,
    "train_loss_step": 2.3241448402404785,
    "trainer/global_step": 5695,
    "val_loss": 2.299863815307617
  }
}