{
  "config": {
    "n_embd": 32,
    "test_batch_size": 64,
    "compute_budget": 100000000000,
    "seed": 24128,
    "bias": false,
    "n_head": 4,
    "weight_decay": 0.1,
    "project_name": "binary-graph_depth_first_search1-gridsearch-11-normal-11111-iteration-113030",
    "early_stopping": false,
    "task_length": 11,
    "dropout": 0,
    "warmup_ratio": 0.1,
    "val_dataset_filepath": "./datasets/graph_depth_first_search/1/11/normal/11111/1000/True/True/1/32/4/4/9401/24128/val_dataset",
    "lr": 0.1,
    "test_dataset_filepath": "./datasets/graph_depth_first_search/1/11/normal/11111/1000/True/True/1/32/4/4/9401/24128/test_dataset",
    "task": "graph_depth_first_search",
    "loss_threshold": 0.0017157108429701616,
    "mask_idx": 23,
    "grad_clip": 1,
    "precision": "32",
    "log_gradients": false,
    "batch_size": 64,
    "run_id": "798a883c-e46e-4fc9-ac2e-3c98358d308e",
    "n_layer": 4,
    "method": "normal",
    "betas": [
      0.9,
      0.95
    ],
    "validation_ratio": 0.005,
    "max_steps": 67,
    "threshold_testing": false,
    "train_dataset_filepath": "./datasets/graph_depth_first_search/1/11/normal/11111/1000/True/True/1/32/4/4/9401/24128/train_dataset"
  },
  "summary": {
    "_runtime": 915.5853569507599,
    "_step": 72,
    "_timestamp": 1735481666.972118,
    "_wandb.runtime": 914,
    "epoch": 1,
    "lr-AdamW": 0.027990357375323436,
    "test_acc_result": 0,
    "total_compute": 207444246528,
    "train_loss_epoch": 2.1350765228271484,
    "train_loss_step": 1.9181404113769531,
    "trainer/global_step": 67,
    "val_loss": 1.8335896730422974
  }
}