{
  "config": {
    "max_steps": 3,
    "task_length": 11,
    "precision": "32",
    "project_name": "binary-graph_depth_first_search1-gridsearch-11-normal-11111-iteration-113030",
    "batch_size": 8,
    "lr": 0.01,
    "weight_decay": 0.1,
    "run_id": "8963b6b9-4971-4240-a65b-cb31ebc2962c",
    "mask_idx": 23,
    "bias": false,
    "val_dataset_filepath": "./datasets/graph_depth_first_search/1/11/normal/11111/100/True/True/1/256/16/4/25234/27587/val_dataset",
    "grad_clip": 1,
    "test_batch_size": 64,
    "test_dataset_filepath": "./datasets/graph_depth_first_search/1/11/normal/11111/100/True/True/1/256/16/4/25234/27587/test_dataset",
    "loss_threshold": 0.0017157108429701616,
    "compute_budget": 100000000000,
    "seed": 27587,
    "method": "normal",
    "n_embd": 256,
    "betas": [
      0.9,
      0.95
    ],
    "validation_ratio": 0.005,
    "n_layer": 16,
    "task": "graph_depth_first_search",
    "train_dataset_filepath": "./datasets/graph_depth_first_search/1/11/normal/11111/100/True/True/1/256/16/4/25234/27587/train_dataset",
    "log_gradients": false,
    "early_stopping": false,
    "warmup_ratio": 0.1,
    "n_head": 4,
    "threshold_testing": false,
    "dropout": 0
  },
  "summary": {
    "_runtime": 1133.1100432872772,
    "_step": 6,
    "_timestamp": 1735482578.0734353,
    "_wandb.runtime": 1133,
    "epoch": 1,
    "test_acc_result": 0,
    "total_compute": 233749610496,
    "train_loss_epoch": 3.205136299133301,
    "trainer/global_step": 3,
    "val_loss": 3.368272304534912
  }
}