{
  "config": {
    "compute_budget": 100000000000,
    "max_steps": 127,
    "n_layer": 16,
    "grad_clip": 1,
    "task_length": 11,
    "loss_threshold": 0.0017157108429701616,
    "val_dataset_filepath": "./datasets/graph_depth_first_search/1/11/normal/11111/1/True/True/1/32/16/4/37456/39245/val_dataset",
    "batch_size": 8,
    "mask_idx": 23,
    "warmup_ratio": 0.1,
    "test_batch_size": 64,
    "precision": "32",
    "train_dataset_filepath": "./datasets/graph_depth_first_search/1/11/normal/11111/1/True/True/1/32/16/4/37456/39245/train_dataset",
    "betas": [
      0.9,
      0.95
    ],
    "weight_decay": 0.1,
    "run_id": "073ca0d0-d8c5-4ccb-83ab-74775a415333",
    "log_gradients": false,
    "validation_ratio": 0.005,
    "lr": 0.0001,
    "early_stopping": false,
    "threshold_testing": false,
    "method": "normal",
    "task": "graph_depth_first_search",
    "project_name": "binary-graph_depth_first_search1-gridsearch-11-normal-11111-iteration-113030",
    "n_head": 4,
    "n_embd": 32,
    "test_dataset_filepath": "./datasets/graph_depth_first_search/1/11/normal/11111/1/True/True/1/32/16/4/37456/39245/test_dataset",
    "bias": false,
    "seed": 39245,
    "dropout": 0
  },
  "summary": {
    "_runtime": 1044.4083335399628,
    "_step": 134,
    "_timestamp": 1735486539.3145065,
    "_wandb.runtime": 1043,
    "epoch": 1,
    "lr-AdamW": 2.2534974179246994e-05,
    "test_acc_result": 0,
    "total_compute": 196607606784,
    "train_loss_epoch": 3.0779528617858887,
    "train_loss_step": 2.902829885482788,
    "trainer/global_step": 127,
    "val_loss": 2.847952365875244
  }
}