{
  "config": {
    "n_layer": 16,
    "dropout": 0,
    "bias": false,
    "method": "normal",
    "threshold_testing": false,
    "train_dataset_filepath": "./datasets/graph_depth_first_search/1/11/normal/11111/10/True/True/1/16/16/4/2665/38321/train_dataset",
    "compute_budget": 100000000000,
    "run_id": "bd86fe23-563d-4d67-aa63-42f248a9fb94",
    "max_steps": 57,
    "mask_idx": 23,
    "precision": "32",
    "weight_decay": 0.1,
    "test_batch_size": 64,
    "betas": [
      0.9,
      0.95
    ],
    "n_head": 4,
    "log_gradients": false,
    "early_stopping": false,
    "lr": 0.001,
    "seed": 38321,
    "loss_threshold": 0.0017157108429701616,
    "n_embd": 16,
    "grad_clip": 1,
    "test_dataset_filepath": "./datasets/graph_depth_first_search/1/11/normal/11111/10/True/True/1/16/16/4/2665/38321/test_dataset",
    "task_length": 11,
    "warmup_ratio": 0.1,
    "validation_ratio": 0.005,
    "project_name": "binary-graph_depth_first_search1-gridsearch-11-normal-11111-iteration-113030",
    "batch_size": 64,
    "task": "graph_depth_first_search",
    "val_dataset_filepath": "./datasets/graph_depth_first_search/1/11/normal/11111/10/True/True/1/16/16/4/2665/38321/val_dataset"
  },
  "summary": {
    "_runtime": 1162.862338066101,
    "_step": 62,
    "_timestamp": 1735483903.989581,
    "_wandb.runtime": 1162,
    "epoch": 1,
    "lr-AdamW": 0.0001515447884560557,
    "test_acc_result": 0,
    "total_compute": 219560804352,
    "train_loss_epoch": 2.852863311767578,
    "train_loss_step": 2.6214380264282227,
    "trainer/global_step": 57,
    "val_loss": 2.626847505569458
  }
}