{
  "config": {
    "task_length": 11,
    "warmup_ratio": 0.1,
    "dropout": 0,
    "val_dataset_filepath": "./datasets/graph_depth_first_search/1/11/normal/11111/10/True/True/1/256/4/4/23668/37156/val_dataset",
    "n_embd": 256,
    "mask_idx": 23,
    "test_batch_size": 64,
    "loss_threshold": 0.0017157108429701616,
    "early_stopping": false,
    "seed": 37156,
    "log_gradients": false,
    "max_steps": 10,
    "weight_decay": 0.1,
    "batch_size": 8,
    "method": "normal",
    "train_dataset_filepath": "./datasets/graph_depth_first_search/1/11/normal/11111/10/True/True/1/256/4/4/23668/37156/train_dataset",
    "lr": 0.001,
    "betas": [
      0.9,
      0.95
    ],
    "run_id": "f1d96454-17be-428c-baed-966de8c3ec82",
    "task": "graph_depth_first_search",
    "n_layer": 4,
    "compute_budget": 100000000000,
    "project_name": "binary-graph_depth_first_search1-gridsearch-11-normal-11111-iteration-113030",
    "validation_ratio": 0.005,
    "test_dataset_filepath": "./datasets/graph_depth_first_search/1/11/normal/11111/10/True/True/1/256/4/4/23668/37156/test_dataset",
    "n_head": 4,
    "threshold_testing": false,
    "bias": false,
    "precision": "32",
    "grad_clip": 1
  },
  "summary": {
    "_runtime": 1020.0903515815735,
    "_step": 13,
    "_timestamp": 1735482362.4793966,
    "_wandb.runtime": 1019,
    "epoch": 1,
    "test_acc_result": 0,
    "total_compute": 194791342080,
    "train_loss_epoch": 2.5798919200897217,
    "trainer/global_step": 10,
    "val_loss": 2.2706258296966553
  }
}