{
  "config": {
    "weight_decay": 0.1,
    "early_stopping": false,
    "warmup_ratio": 0.1,
    "test_batch_size": 64,
    "n_layer": 16,
    "batch_size": 64,
    "loss_threshold": 0.0017157108429701616,
    "test_dataset_filepath": "./datasets/graph_depth_first_search/1/11/normal/11111/1000/True/True/1/64/16/4/27835/33132/test_dataset",
    "run_id": "0b49fbf9-d7bd-440c-aca7-349d90ab6698",
    "mask_idx": 23,
    "seed": 33132,
    "compute_budget": 100000000000,
    "project_name": "binary-graph_depth_first_search1-gridsearch-11-normal-11111-iteration-113030",
    "method": "normal",
    "lr": 0.1,
    "log_gradients": false,
    "n_embd": 64,
    "grad_clip": 1,
    "val_dataset_filepath": "./datasets/graph_depth_first_search/1/11/normal/11111/1000/True/True/1/64/16/4/27835/33132/val_dataset",
    "max_steps": 5,
    "task_length": 11,
    "precision": "32",
    "n_head": 4,
    "threshold_testing": false,
    "betas": [
      0.9,
      0.95
    ],
    "bias": false,
    "task": "graph_depth_first_search",
    "dropout": 0,
    "validation_ratio": 0.005,
    "train_dataset_filepath": "./datasets/graph_depth_first_search/1/11/normal/11111/1000/True/True/1/64/16/4/27835/33132/train_dataset"
  },
  "summary": {
    "_runtime": 574.654180765152,
    "_step": 8,
    "_timestamp": 1735486834.1349998,
    "_wandb.runtime": 574,
    "epoch": 1,
    "test_acc_result": 0,
    "total_compute": 217464176640,
    "train_loss_epoch": 3.8549835681915283,
    "trainer/global_step": 5,
    "val_loss": 3.5878708362579346
  }
}