{
  "config": {
    "threshold_testing": false,
    "log_gradients": false,
    "project_name": "binary-graph_depth_first_search1-gridsearch-11-normal-11111-iteration-113030",
    "mask_idx": 23,
    "n_layer": 16,
    "warmup_ratio": 0.1,
    "compute_budget": 100000000000,
    "precision": "32",
    "seed": 33763,
    "test_dataset_filepath": "./datasets/graph_depth_first_search/1/11/normal/11111/10/True/True/1/64/16/4/17695/33763/test_dataset",
    "grad_clip": 1,
    "betas": [
      0.9,
      0.95
    ],
    "n_embd": 64,
    "task_length": 11,
    "loss_threshold": 0.0017157108429701616,
    "run_id": "da9633aa-2930-4663-a183-c040aaf0d42a",
    "dropout": 0,
    "method": "normal",
    "bias": false,
    "weight_decay": 0.1,
    "early_stopping": false,
    "batch_size": 64,
    "val_dataset_filepath": "./datasets/graph_depth_first_search/1/11/normal/11111/10/True/True/1/64/16/4/17695/33763/val_dataset",
    "test_batch_size": 64,
    "train_dataset_filepath": "./datasets/graph_depth_first_search/1/11/normal/11111/10/True/True/1/64/16/4/17695/33763/train_dataset",
    "max_steps": 5,
    "validation_ratio": 0.005,
    "lr": 0.001,
    "task": "graph_depth_first_search",
    "n_head": 4
  },
  "summary": {
    "_runtime": 818.3750386238098,
    "_step": 8,
    "_timestamp": 1735481193.9504907,
    "_wandb.runtime": 817,
    "epoch": 1,
    "test_acc_result": 0,
    "total_compute": 217464176640,
    "train_loss_epoch": 3.0155529975891113,
    "trainer/global_step": 5,
    "val_loss": 2.693840503692627
  }
}