{
  "config": {
    "loss_threshold": 0.0017157108429701616,
    "validation_ratio": 0.005,
    "warmup_ratio": 0.1,
    "n_embd": 128,
    "run_id": "795e9c3c-8c3c-4f80-a349-ad2723a5fdf4",
    "compute_budget": 100000000000,
    "val_dataset_filepath": "./datasets/graph_depth_first_search/1/11/normal/11111/100/True/True/1/128/16/4/35594/35500/val_dataset",
    "precision": "32",
    "threshold_testing": false,
    "batch_size": 8,
    "weight_decay": 0.1,
    "project_name": "binary-graph_depth_first_search1-gridsearch-11-normal-11111-iteration-113030",
    "test_batch_size": 64,
    "early_stopping": false,
    "lr": 0.01,
    "grad_clip": 1,
    "max_steps": 10,
    "train_dataset_filepath": "./datasets/graph_depth_first_search/1/11/normal/11111/100/True/True/1/128/16/4/35594/35500/train_dataset",
    "betas": [
      0.9,
      0.95
    ],
    "dropout": 0,
    "task_length": 11,
    "n_head": 4,
    "mask_idx": 23,
    "test_dataset_filepath": "./datasets/graph_depth_first_search/1/11/normal/11111/100/True/True/1/128/16/4/35594/35500/test_dataset",
    "log_gradients": false,
    "bias": false,
    "task": "graph_depth_first_search",
    "method": "normal",
    "n_layer": 16,
    "seed": 35500
  },
  "summary": {
    "_runtime": 1086.5045175552368,
    "_step": 13,
    "_timestamp": 1735485364.0052545,
    "_wandb.runtime": 1085,
    "epoch": 1,
    "test_acc_result": 0,
    "total_compute": 202348953600,
    "train_loss_epoch": 2.785524845123291,
    "trainer/global_step": 10,
    "val_loss": 2.2680320739746094
  }
}