{
  "config": {
    "compute_budget": 100000000000,
    "lr": 0.1,
    "max_steps": 3,
    "precision": "32",
    "log_gradients": false,
    "val_dataset_filepath": "./datasets/graph_depth_first_search/1/11/normal/11111/1000/True/True/1/512/4/4/25125/37356/val_dataset",
    "weight_decay": 0.1,
    "train_dataset_filepath": "./datasets/graph_depth_first_search/1/11/normal/11111/1000/True/True/1/512/4/4/25125/37356/train_dataset",
    "batch_size": 8,
    "validation_ratio": 0.005,
    "n_layer": 4,
    "project_name": "binary-graph_depth_first_search1-gridsearch-11-normal-11111-iteration-113030",
    "early_stopping": false,
    "n_head": 4,
    "dropout": 0,
    "betas": [
      0.9,
      0.95
    ],
    "task_length": 11,
    "run_id": "c6541bac-c29d-4c97-956e-a23c52464e88",
    "test_batch_size": 64,
    "threshold_testing": false,
    "loss_threshold": 0.0017157108429701616,
    "warmup_ratio": 0.1,
    "seed": 37356,
    "bias": false,
    "task": "graph_depth_first_search",
    "mask_idx": 23,
    "test_dataset_filepath": "./datasets/graph_depth_first_search/1/11/normal/11111/1000/True/True/1/512/4/4/25125/37356/test_dataset",
    "n_embd": 512,
    "grad_clip": 1,
    "method": "normal"
  },
  "summary": {
    "_runtime": 797.0173723697662,
    "_step": 6,
    "_timestamp": 1735484893.1734593,
    "_wandb.runtime": 796,
    "epoch": 1,
    "test_acc_result": 0,
    "total_compute": 229215043584,
    "train_loss_epoch": 8.032662391662598,
    "trainer/global_step": 3,
    "val_loss": 9.491409301757812
  }
}