{
  "config": {
    "method": "normal",
    "threshold_testing": false,
    "weight_decay": 0.1,
    "early_stopping": false,
    "task_length": 11,
    "grad_clip": 1,
    "warmup_ratio": 0.1,
    "test_batch_size": 64,
    "train_dataset_filepath": "./datasets/graph_depth_first_search/1/11/normal/11111/1000/True/True/1/32/16/4/32542/34411/train_dataset",
    "n_head": 4,
    "n_layer": 16,
    "test_dataset_filepath": "./datasets/graph_depth_first_search/1/11/normal/11111/1000/True/True/1/32/16/4/32542/34411/test_dataset",
    "precision": "32",
    "seed": 34411,
    "betas": [
      0.9,
      0.95
    ],
    "bias": false,
    "lr": 0.1,
    "n_embd": 32,
    "dropout": 0,
    "mask_idx": 23,
    "log_gradients": false,
    "compute_budget": 100000000000,
    "project_name": "binary-graph_depth_first_search1-gridsearch-11-normal-11111-iteration-113030",
    "run_id": "bc385829-a13e-49fc-9ed6-14386ce0e290",
    "batch_size": 64,
    "val_dataset_filepath": "./datasets/graph_depth_first_search/1/11/normal/11111/1000/True/True/1/32/16/4/32542/34411/val_dataset",
    "task": "graph_depth_first_search",
    "max_steps": 17,
    "validation_ratio": 0.005,
    "loss_threshold": 0.0017157108429701616
  },
  "summary": {
    "_runtime": 986.9244630336761,
    "_step": 20,
    "_timestamp": 1735484676.052684,
    "_wandb.runtime": 986,
    "epoch": 1,
    "test_acc_result": 0,
    "total_compute": 210540429312,
    "train_loss_epoch": 2.7862846851348877,
    "trainer/global_step": 17,
    "val_loss": 2.486257553100586
  }
}