{
  "config": {
    "test_batch_size": 64,
    "method": "normal",
    "compute_budget": 100000000000,
    "early_stopping": false,
    "bias": false,
    "weight_decay": 0.1,
    "seed": 27073,
    "n_head": 4,
    "run_id": "0f18f9a7-c2f7-4db3-89a9-cde7c26a3e6a",
    "mask_idx": 23,
    "precision": "32",
    "dropout": 0,
    "project_name": "binary-graph_depth_first_search1-gridsearch-11-normal-11111-iteration-113030",
    "lr": 0.1,
    "test_dataset_filepath": "./datasets/graph_depth_first_search/1/11/normal/11111/1000/True/True/1/256/16/4/14763/27073/test_dataset",
    "max_steps": 3,
    "betas": [
      0.9,
      0.95
    ],
    "task": "graph_depth_first_search",
    "validation_ratio": 0.005,
    "task_length": 11,
    "log_gradients": false,
    "threshold_testing": false,
    "warmup_ratio": 0.1,
    "loss_threshold": 0.0017157108429701616,
    "n_embd": 256,
    "val_dataset_filepath": "./datasets/graph_depth_first_search/1/11/normal/11111/1000/True/True/1/256/16/4/14763/27073/val_dataset",
    "grad_clip": 1,
    "n_layer": 16,
    "batch_size": 8,
    "train_dataset_filepath": "./datasets/graph_depth_first_search/1/11/normal/11111/1000/True/True/1/256/16/4/14763/27073/train_dataset"
  },
  "summary": {
    "_runtime": 913.3712697029114,
    "_step": 6,
    "_timestamp": 1735487337.0543208,
    "_wandb.runtime": 912,
    "epoch": 1,
    "test_acc_result": 0,
    "total_compute": 233749610496,
    "train_loss_epoch": 5.779333591461182,
    "trainer/global_step": 3,
    "val_loss": 11.059541702270508
  }
}