{
  "config": {
    "validation_ratio": 0.005,
    "val_dataset_filepath": "./datasets/graph_depth_first_search/1/11/normal/11111/1/True/True/1/16/4/4/5065/23988/val_dataset",
    "task_length": 11,
    "precision": "32",
    "threshold_testing": false,
    "batch_size": 64,
    "max_steps": 229,
    "loss_threshold": 0.0017157108429701616,
    "grad_clip": 1,
    "log_gradients": false,
    "betas": [
      0.9,
      0.95
    ],
    "n_head": 4,
    "run_id": "d4fba4ac-1537-4c37-9e17-7c3d5a2e529c",
    "method": "normal",
    "seed": 23988,
    "n_layer": 4,
    "weight_decay": 0.1,
    "n_embd": 16,
    "lr": 0.0001,
    "task": "graph_depth_first_search",
    "train_dataset_filepath": "./datasets/graph_depth_first_search/1/11/normal/11111/1/True/True/1/16/4/4/5065/23988/train_dataset",
    "project_name": "binary-graph_depth_first_search1-gridsearch-11-normal-11111-iteration-113030",
    "compute_budget": 100000000000,
    "dropout": 0,
    "mask_idx": 23,
    "test_batch_size": 64,
    "test_dataset_filepath": "./datasets/graph_depth_first_search/1/11/normal/11111/1/True/True/1/16/4/4/5065/23988/test_dataset",
    "warmup_ratio": 0.1,
    "bias": false,
    "early_stopping": false
  },
  "summary": {
    "_runtime": 977.8285031318665,
    "_step": 240,
    "_timestamp": 1735483514.7715092,
    "_wandb.runtime": 977,
    "epoch": 1,
    "lr-AdamW": 1.458425325863367e-05,
    "test_acc_result": 0,
    "total_compute": 220523790336,
    "train_loss_epoch": 3.2734591960906982,
    "train_loss_step": 3.166769504547119,
    "trainer/global_step": 229,
    "val_loss": 3.1426119804382324
  }
}