{
  "config": {
    "n_layer": 16,
    "betas": [
      0.9,
      0.95
    ],
    "task": "graph_depth_first_search",
    "n_embd": 8,
    "bias": false,
    "seed": 3520,
    "threshold_testing": false,
    "grad_clip": 1,
    "max_steps": 176,
    "lr": 0.1,
    "task_length": 11,
    "log_gradients": false,
    "mask_idx": 23,
    "run_id": "23480a29-dbc2-4b28-b8cf-e7f2a4f2bda5",
    "dropout": 0,
    "test_batch_size": 64,
    "batch_size": 64,
    "early_stopping": false,
    "train_dataset_filepath": "./datasets/graph_depth_first_search/1/11/normal/11111/1000/True/True/1/8/16/4/13268/3520/train_dataset",
    "warmup_ratio": 0.1,
    "val_dataset_filepath": "./datasets/graph_depth_first_search/1/11/normal/11111/1000/True/True/1/8/16/4/13268/3520/val_dataset",
    "n_head": 4,
    "precision": "32",
    "compute_budget": 100000000000,
    "weight_decay": 0.1,
    "loss_threshold": 0.0017157108429701616,
    "project_name": "binary-graph_depth_first_search1-gridsearch-11-normal-11111-iteration-113030",
    "validation_ratio": 0.005,
    "method": "normal",
    "test_dataset_filepath": "./datasets/graph_depth_first_search/1/11/normal/11111/1000/True/True/1/8/16/4/13268/3520/test_dataset"
  },
  "summary": {
    "_runtime": 1485.5272107124329,
    "_step": 185,
    "_timestamp": 1735484880.1974967,
    "_wandb.runtime": 1484,
    "epoch": 1,
    "lr-AdamW": 0.016253037470469002,
    "test_acc_result": 0,
    "total_compute": 235992514560,
    "train_loss_epoch": 1.8376190662384033,
    "train_loss_step": 1.5158536434173584,
    "trainer/global_step": 176,
    "val_loss": 1.4220916032791138
  }
}