{
  "config": {
    "test_dataset_filepath": "./datasets/graph_depth_first_search/1/11/normal/11111/10/True/True/1/8/16/4/18935/20390/test_dataset",
    "n_head": 4,
    "betas": [
      0.9,
      0.95
    ],
    "loss_threshold": 0.0017157108429701616,
    "validation_ratio": 0.005,
    "n_layer": 16,
    "method": "normal",
    "early_stopping": false,
    "log_gradients": false,
    "run_id": "c5d97aa9-f435-4672-a157-eaf6f044d62e",
    "val_dataset_filepath": "./datasets/graph_depth_first_search/1/11/normal/11111/10/True/True/1/8/16/4/18935/20390/val_dataset",
    "grad_clip": 1,
    "warmup_ratio": 0.1,
    "weight_decay": 0.1,
    "train_dataset_filepath": "./datasets/graph_depth_first_search/1/11/normal/11111/10/True/True/1/8/16/4/18935/20390/train_dataset",
    "task": "graph_depth_first_search",
    "seed": 20390,
    "task_length": 11,
    "threshold_testing": false,
    "bias": false,
    "max_steps": 1407,
    "project_name": "binary-graph_depth_first_search1-gridsearch-11-normal-11111-iteration-113030",
    "dropout": 0,
    "compute_budget": 100000000000,
    "n_embd": 8,
    "batch_size": 8,
    "lr": 0.001,
    "precision": "32",
    "mask_idx": 23,
    "test_batch_size": 64
  },
  "summary": {
    "_runtime": 1179.1299505233765,
    "_step": 260,
    "_timestamp": 1735486986.3652396,
    "_wandb.runtime": 1178,
    "epoch": 1,
    "lr-AdamW": 0.00010008853087712269,
    "test_acc_result": 0,
    "total_compute": 235824906240,
    "train_loss_epoch": 2.1969776153564453,
    "train_loss_step": 1.8603322505950928,
    "trainer/global_step": 1407,
    "val_loss": 1.8525676727294922
  }
}