{
  "config": {
    "grad_clip": 1,
    "n_layer": 16,
    "batch_size": 8,
    "n_head": 4,
    "run_id": "7bc9b8da-6e4f-4dcd-b91f-183dd8a5dad8",
    "lr": 0.0001,
    "max_steps": 448,
    "train_dataset_filepath": "./datasets/graph_depth_first_search/1/11/normal/11111/1/True/True/1/16/16/4/37648/37643/train_dataset",
    "task_length": 11,
    "project_name": "binary-graph_depth_first_search1-gridsearch-11-normal-11111-iteration-113030",
    "mask_idx": 23,
    "val_dataset_filepath": "./datasets/graph_depth_first_search/1/11/normal/11111/1/True/True/1/16/16/4/37648/37643/val_dataset",
    "log_gradients": false,
    "bias": false,
    "n_embd": 16,
    "method": "normal",
    "validation_ratio": 0.005,
    "seed": 37643,
    "loss_threshold": 0.0017157108429701616,
    "early_stopping": false,
    "betas": [
      0.9,
      0.95
    ],
    "warmup_ratio": 0.1,
    "dropout": 0,
    "task": "graph_depth_first_search",
    "precision": "32",
    "threshold_testing": false,
    "test_dataset_filepath": "./datasets/graph_depth_first_search/1/11/normal/11111/1/True/True/1/16/16/4/37648/37643/test_dataset",
    "test_batch_size": 64,
    "compute_budget": 100000000000,
    "weight_decay": 0.1
  },
  "summary": {
    "_runtime": 1284.2931566238403,
    "_step": 243,
    "_timestamp": 1735486276.7957876,
    "_wandb.runtime": 1283,
    "epoch": 1,
    "lr-AdamW": 1.32273852588614e-05,
    "test_acc_result": 0,
    "total_compute": 215708860416,
    "train_loss_epoch": 2.9057040214538574,
    "train_loss_step": 2.753258228302002,
    "trainer/global_step": 448,
    "val_loss": 2.7402467727661133
  }
}