{
  "config": {
    "task": "graph_depth_first_search",
    "n_head": 4,
    "method": "normal",
    "precision": "32",
    "weight_decay": 0.1,
    "train_dataset_filepath": "./datasets/graph_depth_first_search/1/11/normal/11111/100/True/True/1/16/4/4/19127/39883/train_dataset",
    "task_length": 11,
    "validation_ratio": 0.005,
    "grad_clip": 1,
    "batch_size": 8,
    "bias": false,
    "log_gradients": false,
    "seed": 39883,
    "run_id": "0a060963-f0ff-486a-99cd-fa5b199ce38a",
    "warmup_ratio": 0.1,
    "n_embd": 16,
    "threshold_testing": false,
    "betas": [
      0.9,
      0.95
    ],
    "early_stopping": false,
    "project_name": "binary-graph_depth_first_search1-gridsearch-11-normal-11111-iteration-113030",
    "max_steps": 1810,
    "test_dataset_filepath": "./datasets/graph_depth_first_search/1/11/normal/11111/100/True/True/1/16/4/4/19127/39883/test_dataset",
    "n_layer": 4,
    "mask_idx": 23,
    "loss_threshold": 0.0017157108429701616,
    "compute_budget": 100000000000,
    "dropout": 0,
    "lr": 0.01,
    "test_batch_size": 64,
    "val_dataset_filepath": "./datasets/graph_depth_first_search/1/11/normal/11111/100/True/True/1/16/4/4/19127/39883/val_dataset"
  },
  "summary": {
    "_runtime": 1077.5269520282745,
    "_step": 276,
    "_timestamp": 1735482685.688013,
    "_wandb.runtime": 1076,
    "epoch": 1,
    "lr-AdamW": 0.0010010125329802167,
    "test_acc_result": 0.004000000189989805,
    "total_compute": 217875578880,
    "train_loss_epoch": 1.1593029499053955,
    "train_loss_step": 0.6976408362388611,
    "trainer/global_step": 1810,
    "val_loss": 0.751360297203064
  }
}