{
  "config": {
    "lr": 0.0001,
    "loss_threshold": 0.0017157108429701616,
    "warmup_ratio": 0.1,
    "task": "graph_depth_first_search",
    "task_length": 11,
    "n_layer": 4,
    "mask_idx": 23,
    "early_stopping": false,
    "test_dataset_filepath": "./datasets/graph_depth_first_search/1/11/normal/11111/1/True/True/1/64/4/4/7165/37784/test_dataset",
    "threshold_testing": false,
    "train_dataset_filepath": "./datasets/graph_depth_first_search/1/11/normal/11111/1/True/True/1/64/4/4/7165/37784/train_dataset",
    "test_batch_size": 64,
    "n_head": 4,
    "project_name": "binary-graph_depth_first_search1-gridsearch-11-normal-11111-iteration-113030",
    "compute_budget": 100000000000,
    "run_id": "10d95c21-f1ab-4d9f-ae98-3d43200a6253",
    "n_embd": 64,
    "betas": [
      0.9,
      0.95
    ],
    "validation_ratio": 0.005,
    "method": "normal",
    "log_gradients": false,
    "val_dataset_filepath": "./datasets/graph_depth_first_search/1/11/normal/11111/1/True/True/1/64/4/4/7165/37784/val_dataset",
    "bias": false,
    "weight_decay": 0.1,
    "seed": 37784,
    "precision": "32",
    "max_steps": 18,
    "batch_size": 64,
    "dropout": 0,
    "grad_clip": 1
  },
  "summary": {
    "_runtime": 694.4936952590942,
    "_step": 21,
    "_timestamp": 1735486423.2243214,
    "_wandb.runtime": 693,
    "epoch": 1,
    "test_acc_result": 0,
    "total_compute": 195717758976,
    "train_loss_epoch": 3.352055311203003,
    "trainer/global_step": 18,
    "val_loss": 3.2793705463409424
  }
}