{
  "config": {
    "loss_threshold": 0.0017157108429701616,
    "dropout": 0,
    "task": "graph_depth_first_search",
    "method": "normal",
    "n_layer": 16,
    "test_batch_size": 64,
    "compute_budget": 100000000000,
    "betas": [
      0.9,
      0.95
    ],
    "n_embd": 16,
    "task_length": 11,
    "run_id": "cf0a4d06-cb14-4a19-9b49-c9a5562daceb",
    "precision": "32",
    "early_stopping": false,
    "log_gradients": false,
    "n_head": 4,
    "lr": 0.1,
    "max_steps": 57,
    "mask_idx": 23,
    "weight_decay": 0.1,
    "threshold_testing": false,
    "test_dataset_filepath": "./datasets/graph_depth_first_search/1/11/normal/11111/1000/True/True/1/16/16/4/4570/20402/test_dataset",
    "validation_ratio": 0.005,
    "grad_clip": 1,
    "warmup_ratio": 0.1,
    "bias": false,
    "project_name": "binary-graph_depth_first_search1-gridsearch-11-normal-11111-iteration-113030",
    "val_dataset_filepath": "./datasets/graph_depth_first_search/1/11/normal/11111/1000/True/True/1/16/16/4/4570/20402/val_dataset",
    "train_dataset_filepath": "./datasets/graph_depth_first_search/1/11/normal/11111/1000/True/True/1/16/16/4/4570/20402/train_dataset",
    "batch_size": 64,
    "seed": 20402
  },
  "summary": {
    "_runtime": 32.51212692260742,
    "_step": 61,
    "_timestamp": 1735484268.227242,
    "epoch": 1,
    "lr-AdamW": 0.01515447884560557,
    "total_compute": 219560804352,
    "train_loss_epoch": 2.307465076446533,
    "train_loss_step": 1.960111141204834,
    "trainer/global_step": 57,
    "val_loss": 2.0093166828155518
  }
}