{
  "config": {
    "task_length": 11,
    "mask_idx": 23,
    "test_batch_size": 64,
    "precision": "32",
    "task": "graph_depth_first_search",
    "threshold_testing": false,
    "batch_size": 8,
    "loss_threshold": 0.0017157108429701616,
    "max_steps": 3,
    "n_embd": 256,
    "compute_budget": 100000000000,
    "train_dataset_filepath": "./datasets/graph_depth_first_search/1/11/normal/11111/1/True/True/1/256/16/4/32585/23307/train_dataset",
    "test_dataset_filepath": "./datasets/graph_depth_first_search/1/11/normal/11111/1/True/True/1/256/16/4/32585/23307/test_dataset",
    "weight_decay": 0.1,
    "run_id": "c81a6ae2-8f2c-4e0c-b1dd-573f0e28e865",
    "lr": 0.0001,
    "log_gradients": false,
    "bias": false,
    "project_name": "binary-graph_depth_first_search1-gridsearch-11-normal-11111-iteration-113030",
    "betas": [
      0.9,
      0.95
    ],
    "early_stopping": false,
    "n_head": 4,
    "warmup_ratio": 0.1,
    "validation_ratio": 0.005,
    "seed": 23307,
    "method": "normal",
    "dropout": 0,
    "grad_clip": 1,
    "val_dataset_filepath": "./datasets/graph_depth_first_search/1/11/normal/11111/1/True/True/1/256/16/4/32585/23307/val_dataset",
    "n_layer": 16
  },
  "summary": {
    "_runtime": 1020.1782069206238,
    "_step": 6,
    "_timestamp": 1735481458.6480598,
    "_wandb.runtime": 1020,
    "epoch": 1,
    "test_acc_result": 0,
    "total_compute": 233749610496,
    "train_loss_epoch": 3.1180002689361572,
    "trainer/global_step": 3,
    "val_loss": 2.747800588607788
  }
}