{
  "config": {
    "grad_clip": 1,
    "threshold_testing": false,
    "early_stopping": false,
    "project_name": "binary-graph_depth_first_search1-gridsearch-11-normal-11111-iteration-113030",
    "run_id": "5fa6fda6-1407-4635-9054-0c05f3d869fc",
    "warmup_ratio": 0.1,
    "precision": "32",
    "seed": 1191,
    "task_length": 11,
    "val_dataset_filepath": "./datasets/graph_depth_first_search/1/11/normal/11111/100/True/True/1/16/16/4/10015/1191/val_dataset",
    "test_batch_size": 64,
    "log_gradients": false,
    "train_dataset_filepath": "./datasets/graph_depth_first_search/1/11/normal/11111/100/True/True/1/16/16/4/10015/1191/train_dataset",
    "bias": false,
    "max_steps": 454,
    "n_head": 4,
    "mask_idx": 23,
    "n_embd": 16,
    "betas": [
      0.9,
      0.95
    ],
    "method": "normal",
    "n_layer": 16,
    "lr": 0.01,
    "task": "graph_depth_first_search",
    "validation_ratio": 0.005,
    "batch_size": 8,
    "compute_budget": 100000000000,
    "dropout": 0,
    "loss_threshold": 0.0017157108429701616,
    "weight_decay": 0.1,
    "test_dataset_filepath": "./datasets/graph_depth_first_search/1/11/normal/11111/100/True/True/1/16/16/4/10015/1191/test_dataset"
  },
  "summary": {
    "_runtime": 1286.5089478492737,
    "_step": 248,
    "_timestamp": 1735486325.3159068,
    "_wandb.runtime": 1285,
    "epoch": 1,
    "lr-AdamW": 0.001003318350629653,
    "test_acc_result": 0.003000000026077032,
    "total_compute": 218597818368,
    "train_loss_epoch": 1.5095802545547485,
    "train_loss_step": 1.1277133226394653,
    "trainer/global_step": 454,
    "val_loss": 0.9988507032394409
  }
}