{
  "config": {
    "bias": false,
    "method": "normal",
    "seed": 12303,
    "validation_ratio": 0.005,
    "task": "graph_depth_first_search",
    "train_dataset_filepath": "./datasets/graph_depth_first_search/1/11/normal/11111/10/True/True/1/8/4/4/4822/12303/train_dataset",
    "grad_clip": 1,
    "max_steps": 5848,
    "lr": 0.001,
    "loss_threshold": 0.0017157108429701616,
    "dropout": 0,
    "val_dataset_filepath": "./datasets/graph_depth_first_search/1/11/normal/11111/10/True/True/1/8/4/4/4822/12303/val_dataset",
    "warmup_ratio": 0.1,
    "compute_budget": 100000000000,
    "n_layer": 4,
    "betas": [
      0.9,
      0.95
    ],
    "run_id": "9dfb64fb-5443-4cd7-bf99-28dd511cac50",
    "task_length": 11,
    "project_name": "binary-graph_depth_first_search1-gridsearch-11-normal-11111-iteration-113030",
    "test_dataset_filepath": "./datasets/graph_depth_first_search/1/11/normal/11111/10/True/True/1/8/4/4/4822/12303/test_dataset",
    "batch_size": 8,
    "log_gradients": false,
    "test_batch_size": 64,
    "mask_idx": 23,
    "weight_decay": 0.1,
    "n_embd": 8,
    "precision": "32",
    "threshold_testing": false,
    "early_stopping": false,
    "n_head": 4
  },
  "summary": {
    "_runtime": 1062.2187259197235,
    "_step": 436,
    "_timestamp": 1735486666.056422,
    "_wandb.runtime": 1060,
    "epoch": 1,
    "lr-AdamW": 0.0001001924029435364,
    "test_acc_result": 0,
    "total_compute": 245043363840,
    "train_loss_epoch": 1.7526837587356567,
    "train_loss_step": 1.49118173122406,
    "trainer/global_step": 5848,
    "val_loss": 1.4525879621505737
  }
}