{
  "config": {
    "betas": [
      0.9,
      0.95
    ],
    "project_name": "binary-graph_depth_first_search1-gridsearch-11-normal-11111-iteration-113030",
    "loss_threshold": 0.0017157108429701616,
    "log_gradients": false,
    "method": "normal",
    "n_embd": 128,
    "batch_size": 8,
    "val_dataset_filepath": "./datasets/graph_depth_first_search/1/11/normal/11111/1000/True/True/1/128/16/4/5283/10385/val_dataset",
    "lr": 0.1,
    "n_layer": 16,
    "compute_budget": 100000000000,
    "early_stopping": false,
    "seed": 10385,
    "task_length": 11,
    "train_dataset_filepath": "./datasets/graph_depth_first_search/1/11/normal/11111/1000/True/True/1/128/16/4/5283/10385/train_dataset",
    "bias": false,
    "max_steps": 10,
    "precision": "32",
    "run_id": "b91f75d2-e065-4232-a693-d5a31661f7ac",
    "test_batch_size": 64,
    "grad_clip": 1,
    "task": "graph_depth_first_search",
    "weight_decay": 0.1,
    "test_dataset_filepath": "./datasets/graph_depth_first_search/1/11/normal/11111/1000/True/True/1/128/16/4/5283/10385/test_dataset",
    "n_head": 4,
    "validation_ratio": 0.005,
    "warmup_ratio": 0.1,
    "threshold_testing": false,
    "dropout": 0,
    "mask_idx": 23
  },
  "summary": {
    "_runtime": 775.7599704265594,
    "_step": 13,
    "_timestamp": 1735488123.1609445,
    "_wandb.runtime": 775,
    "epoch": 1,
    "test_acc_result": 0,
    "total_compute": 202348953600,
    "train_loss_epoch": 5.876832485198975,
    "trainer/global_step": 10,
    "val_loss": 4.69920539855957
  }
}