{
  "config": {
    "test_batch_size": 64,
    "early_stopping": false,
    "threshold_testing": false,
    "n_layer": 16,
    "task_length": 11,
    "loss_threshold": 0.0017157108429701616,
    "mask_idx": 23,
    "n_head": 4,
    "n_embd": 32,
    "run_id": "4f60c23e-290e-4688-b8c3-12d73a7816da",
    "precision": "32",
    "batch_size": 8,
    "compute_budget": 100000000000,
    "val_dataset_filepath": "./datasets/graph_depth_first_search/1/11/normal/11111/1000/True/True/1/32/16/4/11292/8410/val_dataset",
    "log_gradients": false,
    "weight_decay": 0.1,
    "train_dataset_filepath": "./datasets/graph_depth_first_search/1/11/normal/11111/1000/True/True/1/32/16/4/11292/8410/train_dataset",
    "test_dataset_filepath": "./datasets/graph_depth_first_search/1/11/normal/11111/1000/True/True/1/32/16/4/11292/8410/test_dataset",
    "task": "graph_depth_first_search",
    "betas": [
      0.9,
      0.95
    ],
    "max_steps": 133,
    "validation_ratio": 0.005,
    "method": "normal",
    "seed": 8410,
    "dropout": 0,
    "project_name": "binary-graph_depth_first_search1-gridsearch-11-normal-11111-iteration-113030",
    "lr": 0.1,
    "grad_clip": 1,
    "warmup_ratio": 0.1,
    "bias": false
  },
  "summary": {
    "_runtime": 1292.9016568660736,
    "_step": 140,
    "_timestamp": 1735486420.534673,
    "_wandb.runtime": 1292,
    "epoch": 1,
    "lr-AdamW": 0.026680582402757325,
    "test_acc_result": 0,
    "total_compute": 205896155136,
    "train_loss_epoch": 2.218066930770874,
    "train_loss_step": 2.0488452911376953,
    "trainer/global_step": 133,
    "val_loss": 1.8967055082321167
  }
}