{
  "config": {
    "task": "graph_depth_first_search",
    "method": "normal",
    "early_stopping": false,
    "n_embd": 16,
    "test_dataset_filepath": "./datasets/graph_depth_first_search/1/11/normal/11111/1000/True/True/1/16/16/4/30828/37371/test_dataset",
    "grad_clip": 1,
    "betas": [
      0.9,
      0.95
    ],
    "validation_ratio": 0.005,
    "threshold_testing": false,
    "n_layer": 16,
    "log_gradients": false,
    "task_length": 11,
    "train_dataset_filepath": "./datasets/graph_depth_first_search/1/11/normal/11111/1000/True/True/1/16/16/4/30828/37371/train_dataset",
    "warmup_ratio": 0.1,
    "run_id": "db077432-c25b-422d-b2a2-f4d80836b26c",
    "precision": "32",
    "loss_threshold": 0.0017157108429701616,
    "val_dataset_filepath": "./datasets/graph_depth_first_search/1/11/normal/11111/1000/True/True/1/16/16/4/30828/37371/val_dataset",
    "mask_idx": 23,
    "weight_decay": 0.1,
    "project_name": "binary-graph_depth_first_search1-gridsearch-11-normal-11111-iteration-113030",
    "seed": 37371,
    "test_batch_size": 64,
    "bias": false,
    "lr": 0.1,
    "max_steps": 457,
    "batch_size": 8,
    "compute_budget": 100000000000,
    "n_head": 4,
    "dropout": 0
  },
  "summary": {
    "_runtime": 987.9269409179688,
    "_step": 249,
    "_timestamp": 1735484900.7388248,
    "_wandb.runtime": 987,
    "epoch": 1,
    "lr-AdamW": 0.010083701477804779,
    "test_acc_result": 0,
    "total_compute": 220042297344,
    "train_loss_epoch": 1.7647039890289307,
    "train_loss_step": 1.3143155574798584,
    "trainer/global_step": 457,
    "val_loss": 1.411007285118103
  }
}