{
  "config": {
    "compute_budget": 100000000000,
    "run_id": "930404b4-86dd-4f8b-8168-948a437639a9",
    "early_stopping": false,
    "loss_threshold": 0.0017157108429701616,
    "seed": 35127,
    "lr": 0.1,
    "val_dataset_filepath": "./datasets/graph_depth_first_search/1/11/normal/11111/1000/True/True/1/8/4/4/30910/35127/val_dataset",
    "weight_decay": 0.1,
    "validation_ratio": 0.005,
    "n_embd": 8,
    "test_dataset_filepath": "./datasets/graph_depth_first_search/1/11/normal/11111/1000/True/True/1/8/4/4/30910/35127/test_dataset",
    "train_dataset_filepath": "./datasets/graph_depth_first_search/1/11/normal/11111/1000/True/True/1/8/4/4/30910/35127/train_dataset",
    "n_layer": 4,
    "grad_clip": 1,
    "bias": false,
    "test_batch_size": 64,
    "project_name": "binary-graph_depth_first_search1-gridsearch-11-normal-11111-iteration-113030",
    "batch_size": 8,
    "max_steps": 5786,
    "log_gradients": false,
    "task_length": 11,
    "threshold_testing": false,
    "warmup_ratio": 0.1,
    "task": "graph_depth_first_search",
    "betas": [
      0.9,
      0.95
    ],
    "n_head": 4,
    "mask_idx": 23,
    "precision": "32",
    "method": "normal",
    "dropout": 0
  },
  "summary": {
    "_runtime": 355.20752692222595,
    "_step": 439,
    "_timestamp": 1735487081.227717,
    "_wandb.runtime": 354,
    "epoch": 1,
    "lr-AdamW": 0.010011207938306742,
    "test_acc_result": 0.0010000000474974513,
    "total_compute": 242445434880,
    "train_loss_epoch": 1.5966376066207886,
    "train_loss_step": 1.3397681713104248,
    "trainer/global_step": 5786,
    "val_loss": 1.3560764789581299
  }
}