{
  "config": {
    "test_batch_size": 64,
    "compute_budget": 100000000000,
    "n_layer": 4,
    "precision": "32",
    "lr": 0.01,
    "bias": false,
    "threshold_testing": false,
    "method": "normal",
    "seed": 20344,
    "mask_idx": 23,
    "weight_decay": 0.1,
    "n_embd": 512,
    "validation_ratio": 0.005,
    "project_name": "binary-graph_depth_first_search1-gridsearch-11-normal-11111-iteration-113030",
    "warmup_ratio": 0.1,
    "early_stopping": false,
    "task": "graph_depth_first_search",
    "run_id": "8cb91e5a-51a6-4375-9794-20ddb88ad4c6",
    "loss_threshold": 0.0017157108429701616,
    "log_gradients": false,
    "train_dataset_filepath": "./datasets/graph_depth_first_search/1/11/normal/11111/100/True/True/1/512/4/4/4914/20344/train_dataset",
    "val_dataset_filepath": "./datasets/graph_depth_first_search/1/11/normal/11111/100/True/True/1/512/4/4/4914/20344/val_dataset",
    "test_dataset_filepath": "./datasets/graph_depth_first_search/1/11/normal/11111/100/True/True/1/512/4/4/4914/20344/test_dataset",
    "n_head": 4,
    "batch_size": 8,
    "dropout": 0,
    "max_steps": 3,
    "task_length": 11,
    "grad_clip": 1,
    "betas": [
      0.9,
      0.95
    ]
  },
  "summary": {
    "_runtime": 969.8523955345154,
    "_step": 6,
    "_timestamp": 1735486510.5161476,
    "_wandb.runtime": 969,
    "epoch": 1,
    "test_acc_result": 0,
    "total_compute": 229215043584,
    "train_loss_epoch": 3.614539861679077,
    "trainer/global_step": 3,
    "val_loss": 2.7298569679260254
  }
}