{
  "config": {
    "n_layer": 16,
    "dropout": 0,
    "warmup_ratio": 0.1,
    "compute_budget": 100000000000,
    "weight_decay": 0.1,
    "test_batch_size": 64,
    "train_dataset_filepath": "./datasets/graph_depth_first_search/1/11/normal/11111/10/True/True/1/256/16/4/32186/7954/train_dataset",
    "method": "normal",
    "seed": 7954,
    "mask_idx": 23,
    "n_head": 4,
    "log_gradients": false,
    "batch_size": 8,
    "validation_ratio": 0.005,
    "bias": false,
    "loss_threshold": 0.0017157108429701616,
    "early_stopping": false,
    "run_id": "b6c92c0b-d7de-4b43-8d7e-022fc40b6998",
    "task_length": 11,
    "task": "graph_depth_first_search",
    "project_name": "binary-graph_depth_first_search1-gridsearch-11-normal-11111-iteration-113030",
    "threshold_testing": false,
    "precision": "32",
    "val_dataset_filepath": "./datasets/graph_depth_first_search/1/11/normal/11111/10/True/True/1/256/16/4/32186/7954/val_dataset",
    "n_embd": 256,
    "lr": 0.001,
    "max_steps": 3,
    "test_dataset_filepath": "./datasets/graph_depth_first_search/1/11/normal/11111/10/True/True/1/256/16/4/32186/7954/test_dataset",
    "betas": [
      0.9,
      0.95
    ],
    "grad_clip": 1
  },
  "summary": {
    "_runtime": 1316.0345871448517,
    "_step": 6,
    "_timestamp": 1735483221.411313,
    "_wandb.runtime": 1315,
    "epoch": 1,
    "test_acc_result": 0,
    "total_compute": 233749610496,
    "train_loss_epoch": 2.9640140533447266,
    "trainer/global_step": 3,
    "val_loss": 2.5441842079162598
  }
}