{
  "config": {
    "early_stopping": false,
    "threshold_testing": false,
    "test_dataset_filepath": "./datasets/graph_depth_first_search/1/11/normal/11111/10/True/True/1/8/4/4/23819/20246/test_dataset",
    "bias": false,
    "n_head": 4,
    "run_id": "437b2b58-b739-4b55-9b12-76735a48a64c",
    "loss_threshold": 0.0017157108429701616,
    "mask_idx": 23,
    "weight_decay": 0.1,
    "test_batch_size": 64,
    "precision": "32",
    "val_dataset_filepath": "./datasets/graph_depth_first_search/1/11/normal/11111/10/True/True/1/8/4/4/23819/20246/val_dataset",
    "warmup_ratio": 0.1,
    "grad_clip": 1,
    "project_name": "binary-graph_depth_first_search1-gridsearch-11-normal-11111-iteration-113030",
    "validation_ratio": 0.005,
    "method": "normal",
    "compute_budget": 100000000000,
    "n_embd": 8,
    "train_dataset_filepath": "./datasets/graph_depth_first_search/1/11/normal/11111/10/True/True/1/8/4/4/23819/20246/train_dataset",
    "betas": [
      0.9,
      0.95
    ],
    "batch_size": 64,
    "task_length": 11,
    "max_steps": 729,
    "dropout": 0,
    "n_layer": 4,
    "lr": 0.001,
    "log_gradients": false,
    "seed": 20246,
    "task": "graph_depth_first_search"
  },
  "summary": {
    "_runtime": 1562.0259709358215,
    "_step": 274,
    "_timestamp": 1735483879.5467649,
    "_wandb.runtime": 1561,
    "epoch": 1,
    "lr-AdamW": 0.00010462220442595852,
    "test_acc_result": 0,
    "total_compute": 244372930560,
    "train_loss_epoch": 2.44647479057312,
    "train_loss_step": 2.0717849731445312,
    "trainer/global_step": 729,
    "val_loss": 2.055354356765747
  }
}