{
  "config": {
    "test_dataset_filepath": "./datasets/graph_depth_first_search/1/11/normal/11111/100/True/True/1/512/16/4/29665/19051/test_dataset",
    "n_embd": 512,
    "precision": "32",
    "n_layer": 16,
    "threshold_testing": false,
    "run_id": "81c6c1af-7bba-4512-9aed-501f52addbf6",
    "mask_idx": 23,
    "seed": 19051,
    "task": "graph_depth_first_search",
    "betas": [
      0.9,
      0.95
    ],
    "max_steps": 1,
    "log_gradients": false,
    "compute_budget": 100000000000,
    "bias": false,
    "validation_ratio": 0.005,
    "batch_size": 8,
    "train_dataset_filepath": "./datasets/graph_depth_first_search/1/11/normal/11111/100/True/True/1/512/16/4/29665/19051/train_dataset",
    "project_name": "binary-graph_depth_first_search1-gridsearch-11-normal-11111-iteration-113030",
    "loss_threshold": 0.0017157108429701616,
    "lr": 0.01,
    "n_head": 4,
    "warmup_ratio": 0.1,
    "early_stopping": false,
    "grad_clip": 1,
    "weight_decay": 0.1,
    "dropout": 0,
    "val_dataset_filepath": "./datasets/graph_depth_first_search/1/11/normal/11111/100/True/True/1/512/16/4/29665/19051/val_dataset",
    "task_length": 11,
    "method": "normal",
    "test_batch_size": 64
  },
  "summary": {
    "_runtime": 934.8377811908722,
    "_step": 4,
    "_timestamp": 1735487283.6642911,
    "_wandb.runtime": 934,
    "epoch": 1,
    "test_acc_result": 0,
    "total_compute": 305620058112,
    "train_loss_epoch": 3.6109681129455566,
    "trainer/global_step": 1,
    "val_loss": 3.1024978160858154
  }
}