{
  "config": {
    "compute_budget": 100000000000,
    "train_dataset_filepath": "./datasets/graph_depth_first_search/1/11/normal/11111/1000/True/True/1/8/16/4/18458/9304/train_dataset",
    "max_steps": 1397,
    "precision": "32",
    "task": "graph_depth_first_search",
    "test_batch_size": 64,
    "bias": false,
    "n_embd": 8,
    "warmup_ratio": 0.1,
    "betas": [
      0.9,
      0.95
    ],
    "val_dataset_filepath": "./datasets/graph_depth_first_search/1/11/normal/11111/1000/True/True/1/8/16/4/18458/9304/val_dataset",
    "log_gradients": false,
    "n_head": 4,
    "batch_size": 8,
    "grad_clip": 1,
    "threshold_testing": false,
    "dropout": 0,
    "method": "normal",
    "project_name": "binary-graph_depth_first_search1-gridsearch-11-normal-11111-iteration-113030",
    "loss_threshold": 0.0017157108429701616,
    "n_layer": 16,
    "task_length": 11,
    "weight_decay": 0.1,
    "mask_idx": 23,
    "test_dataset_filepath": "./datasets/graph_depth_first_search/1/11/normal/11111/1000/True/True/1/8/16/4/18458/9304/test_dataset",
    "early_stopping": false,
    "validation_ratio": 0.005,
    "lr": 0.1,
    "run_id": "e220173b-796a-4040-b79d-75a33d6880c0",
    "seed": 9304
  },
  "summary": {
    "_runtime": 1376.378473997116,
    "_step": 289,
    "_timestamp": 1735484517.003948,
    "_wandb.runtime": 1375,
    "epoch": 1,
    "lr-AdamW": 0.010322911393664426,
    "test_acc_result": 0,
    "total_compute": 234148823040,
    "train_loss_epoch": 1.6689759492874146,
    "train_loss_step": 1.4036673307418823,
    "trainer/global_step": 1397,
    "val_loss": 1.4157651662826538
  }
}