{
  "config": {
    "early_stopping": false,
    "n_head": 4,
    "task_length": 11,
    "val_dataset_filepath": "./datasets/graph_depth_first_search/1/11/normal/11111/1/True/True/1/256/4/4/11235/21956/val_dataset",
    "project_name": "binary-graph_depth_first_search1-gridsearch-11-normal-11111-iteration-113030",
    "mask_idx": 23,
    "weight_decay": 0.1,
    "validation_ratio": 0.005,
    "run_id": "2e0c6826-fb7f-4304-a96e-7e13c17c51e9",
    "log_gradients": false,
    "grad_clip": 1,
    "max_steps": 2,
    "warmup_ratio": 0.1,
    "precision": "32",
    "test_batch_size": 64,
    "method": "normal",
    "n_embd": 256,
    "seed": 21956,
    "batch_size": 64,
    "bias": false,
    "threshold_testing": false,
    "loss_threshold": 0.0017157108429701616,
    "betas": [
      0.9,
      0.95
    ],
    "n_layer": 4,
    "task": "graph_depth_first_search",
    "dropout": 0,
    "compute_budget": 100000000000,
    "train_dataset_filepath": "./datasets/graph_depth_first_search/1/11/normal/11111/1/True/True/1/256/4/4/11235/21956/train_dataset",
    "lr": 0.0001,
    "test_dataset_filepath": "./datasets/graph_depth_first_search/1/11/normal/11111/1/True/True/1/256/4/4/11235/21956/test_dataset"
  },
  "summary": {
    "_runtime": 811.9855902194977,
    "_step": 5,
    "_timestamp": 1735481624.347268,
    "_wandb.runtime": 811,
    "epoch": 1,
    "test_acc_result": 0,
    "total_compute": 311666147328,
    "train_loss_epoch": 3.432452917098999,
    "trainer/global_step": 2,
    "val_loss": 3.2914555072784424
  }
}