{
  "config": {
    "precision": "32",
    "weight_decay": 0.1,
    "task_length": 11,
    "warmup_ratio": 0.1,
    "validation_ratio": 0.005,
    "test_batch_size": 64,
    "log_gradients": false,
    "mask_idx": 23,
    "betas": [
      0.9,
      0.95
    ],
    "dropout": 0,
    "task": "graph_depth_first_search",
    "lr": 0.01,
    "n_head": 4,
    "compute_budget": 100000000000,
    "grad_clip": 1,
    "val_dataset_filepath": "./datasets/graph_depth_first_search/1/11/normal/11111/100/True/True/1/512/4/4/2594/17583/val_dataset",
    "max_steps": 1,
    "train_dataset_filepath": "./datasets/graph_depth_first_search/1/11/normal/11111/100/True/True/1/512/4/4/2594/17583/train_dataset",
    "bias": false,
    "n_embd": 512,
    "n_layer": 4,
    "method": "normal",
    "threshold_testing": false,
    "batch_size": 64,
    "project_name": "binary-graph_depth_first_search1-gridsearch-11-normal-11111-iteration-113030",
    "test_dataset_filepath": "./datasets/graph_depth_first_search/1/11/normal/11111/100/True/True/1/512/4/4/2594/17583/test_dataset",
    "early_stopping": false,
    "run_id": "be935582-52f6-4b37-a3d5-c5f6a1829a0d",
    "loss_threshold": 0.0017157108429701616,
    "seed": 17583
  },
  "summary": {
    "_runtime": 857.5120878219604,
    "_step": 4,
    "_timestamp": 1735481491.634513,
    "_wandb.runtime": 857,
    "epoch": 1,
    "test_acc_result": 0,
    "total_compute": 611240116224,
    "train_loss_epoch": 3.5191571712493896,
    "trainer/global_step": 1,
    "val_loss": 3.2549006938934326
  }
}