{
  "config": {
    "betas": [
      0.9,
      0.95
    ],
    "precision": "32",
    "n_layer": 4,
    "weight_decay": 0.1,
    "max_steps": 10,
    "n_embd": 256,
    "task_length": 11,
    "n_head": 4,
    "bias": false,
    "compute_budget": 100000000000,
    "test_batch_size": 64,
    "warmup_ratio": 0.1,
    "method": "normal",
    "val_dataset_filepath": "./datasets/graph_depth_first_search/1/11/normal/11111/1/True/True/1/256/4/4/24870/4517/val_dataset",
    "lr": 0.0001,
    "loss_threshold": 0.0017157108429701616,
    "train_dataset_filepath": "./datasets/graph_depth_first_search/1/11/normal/11111/1/True/True/1/256/4/4/24870/4517/train_dataset",
    "seed": 4517,
    "project_name": "binary-graph_depth_first_search1-gridsearch-11-normal-11111-iteration-113030",
    "mask_idx": 23,
    "run_id": "64a01e4f-0e16-4a43-8de8-6c64d6b21f47",
    "grad_clip": 1,
    "validation_ratio": 0.005,
    "log_gradients": false,
    "test_dataset_filepath": "./datasets/graph_depth_first_search/1/11/normal/11111/1/True/True/1/256/4/4/24870/4517/test_dataset",
    "dropout": 0,
    "threshold_testing": false,
    "early_stopping": false,
    "batch_size": 8,
    "task": "graph_depth_first_search"
  },
  "summary": {
    "_runtime": 1151.6473984718323,
    "_step": 13,
    "_timestamp": 1735484085.3940964,
    "_wandb.runtime": 1151,
    "epoch": 1,
    "test_acc_result": 0,
    "total_compute": 194791342080,
    "train_loss_epoch": 3.2426021099090576,
    "trainer/global_step": 10,
    "val_loss": 2.995124101638794
  }
}