{
  "config": {
    "threshold_testing": false,
    "n_embd": 256,
    "validation_ratio": 0.005,
    "n_layer": 16,
    "precision": "32",
    "warmup_ratio": 0.1,
    "bias": false,
    "project_name": "binary-graph_depth_first_search1-gridsearch-11-normal-11111-iteration-113030",
    "test_batch_size": 64,
    "method": "normal",
    "lr": 0.01,
    "loss_threshold": 0.0017157108429701616,
    "log_gradients": false,
    "early_stopping": false,
    "batch_size": 64,
    "max_steps": 1,
    "task_length": 11,
    "mask_idx": 23,
    "val_dataset_filepath": "./datasets/graph_depth_first_search/1/11/normal/11111/100/True/True/1/256/16/4/22151/21868/val_dataset",
    "dropout": 0,
    "compute_budget": 100000000000,
    "betas": [
      0.9,
      0.95
    ],
    "task": "graph_depth_first_search",
    "test_dataset_filepath": "./datasets/graph_depth_first_search/1/11/normal/11111/100/True/True/1/256/16/4/22151/21868/test_dataset",
    "train_dataset_filepath": "./datasets/graph_depth_first_search/1/11/normal/11111/100/True/True/1/256/16/4/22151/21868/train_dataset",
    "n_head": 4,
    "grad_clip": 1,
    "run_id": "0b007579-453c-42d3-9a29-d32c17330784",
    "weight_decay": 0.1,
    "seed": 21868
  },
  "summary": {
    "_runtime": 1114.7159390449524,
    "_step": 4,
    "_timestamp": 1735483669.2660542,
    "_wandb.runtime": 1114,
    "epoch": 1,
    "test_acc_result": 0,
    "total_compute": 623332294656,
    "train_loss_epoch": 3.390098810195923,
    "trainer/global_step": 1,
    "val_loss": 2.686267852783203
  }
}