{
  "config": {
    "test_dataset_filepath": "./datasets/graph_depth_first_search/1/11/normal/11111/1/True/True/1/128/16/4/33545/5211/test_dataset",
    "loss_threshold": 0.0017157108429701616,
    "validation_ratio": 0.005,
    "n_head": 4,
    "threshold_testing": false,
    "train_dataset_filepath": "./datasets/graph_depth_first_search/1/11/normal/11111/1/True/True/1/128/16/4/33545/5211/train_dataset",
    "warmup_ratio": 0.1,
    "task": "graph_depth_first_search",
    "mask_idx": 23,
    "compute_budget": 100000000000,
    "run_id": "7409d456-16d1-44bc-86b4-3b541a3c6e02",
    "weight_decay": 0.1,
    "task_length": 11,
    "precision": "32",
    "project_name": "binary-graph_depth_first_search1-gridsearch-11-normal-11111-iteration-113030",
    "grad_clip": 1,
    "n_embd": 128,
    "early_stopping": false,
    "bias": false,
    "method": "normal",
    "n_layer": 16,
    "val_dataset_filepath": "./datasets/graph_depth_first_search/1/11/normal/11111/1/True/True/1/128/16/4/33545/5211/val_dataset",
    "log_gradients": false,
    "dropout": 0,
    "test_batch_size": 64,
    "max_steps": 2,
    "lr": 0.0001,
    "seed": 5211,
    "betas": [
      0.9,
      0.95
    ],
    "batch_size": 64
  },
  "summary": {
    "_runtime": 1161.6466422080994,
    "_step": 5,
    "_timestamp": 1735482080.2405243,
    "_wandb.runtime": 1161,
    "epoch": 1,
    "test_acc_result": 0,
    "total_compute": 323758325760,
    "train_loss_epoch": 3.4253292083740234,
    "trainer/global_step": 2,
    "val_loss": 3.2226829528808594
  }
}