{
  "config": {
    "log_gradients": false,
    "n_embd": 64,
    "task_length": 11,
    "seed": 33020,
    "weight_decay": 0.1,
    "threshold_testing": false,
    "early_stopping": false,
    "test_dataset_filepath": "./datasets/graph_depth_first_search/1/11/normal/11111/10/True/True/1/64/4/4/29196/33020/test_dataset",
    "bias": false,
    "train_dataset_filepath": "./datasets/graph_depth_first_search/1/11/normal/11111/10/True/True/1/64/4/4/29196/33020/train_dataset",
    "max_steps": 18,
    "precision": "32",
    "n_head": 4,
    "validation_ratio": 0.005,
    "betas": [
      0.9,
      0.95
    ],
    "run_id": "fba8f54b-352c-4c2c-b18b-81daeb551e48",
    "warmup_ratio": 0.1,
    "compute_budget": 100000000000,
    "test_batch_size": 64,
    "mask_idx": 23,
    "batch_size": 64,
    "dropout": 0,
    "n_layer": 4,
    "task": "graph_depth_first_search",
    "lr": 0.001,
    "grad_clip": 1,
    "loss_threshold": 0.0017157108429701616,
    "method": "normal",
    "project_name": "binary-graph_depth_first_search1-gridsearch-11-normal-11111-iteration-113030",
    "val_dataset_filepath": "./datasets/graph_depth_first_search/1/11/normal/11111/10/True/True/1/64/4/4/29196/33020/val_dataset"
  },
  "summary": {
    "_runtime": 102.35832071304321,
    "_step": 21,
    "_timestamp": 1735486875.6336427,
    "_wandb.runtime": 101,
    "epoch": 1,
    "test_acc_result": 0,
    "total_compute": 195717758976,
    "train_loss_epoch": 2.847191333770752,
    "trainer/global_step": 18,
    "val_loss": 2.5237343311309814
  }
}