{
  "config": {
    "val_dataset_filepath": "./datasets/graph_depth_first_search/1/11/normal/11111/100/True/True/1/256/4/4/4916/1200/val_dataset",
    "n_layer": 4,
    "max_steps": 2,
    "betas": [
      0.9,
      0.95
    ],
    "precision": "32",
    "test_dataset_filepath": "./datasets/graph_depth_first_search/1/11/normal/11111/100/True/True/1/256/4/4/4916/1200/test_dataset",
    "project_name": "binary-graph_depth_first_search1-gridsearch-11-normal-11111-iteration-113030",
    "task": "graph_depth_first_search",
    "dropout": 0,
    "n_embd": 256,
    "mask_idx": 23,
    "batch_size": 64,
    "warmup_ratio": 0.1,
    "test_batch_size": 64,
    "n_head": 4,
    "threshold_testing": false,
    "validation_ratio": 0.005,
    "early_stopping": false,
    "seed": 1200,
    "weight_decay": 0.1,
    "grad_clip": 1,
    "loss_threshold": 0.0017157108429701616,
    "lr": 0.01,
    "task_length": 11,
    "train_dataset_filepath": "./datasets/graph_depth_first_search/1/11/normal/11111/100/True/True/1/256/4/4/4916/1200/train_dataset",
    "bias": false,
    "run_id": "0f5a64f4-e581-4cb6-aeaf-0249b619c8cd",
    "log_gradients": false,
    "method": "normal",
    "compute_budget": 100000000000
  },
  "summary": {
    "_runtime": 11.359808921813965,
    "_step": 4,
    "_timestamp": 1735484666.7726579,
    "epoch": 1,
    "total_compute": 311666147328,
    "train_loss_epoch": 3.080686330795288,
    "trainer/global_step": 2,
    "val_loss": 3.2593743801116943
  }
}