{
  "config": {
    "log_gradients": false,
    "val_dataset_filepath": "./datasets/graph_depth_first_search/1/11/normal/11111/100/True/True/1/32/4/4/3049/29698/val_dataset",
    "validation_ratio": 0.005,
    "mask_idx": 23,
    "lr": 0.01,
    "betas": [
      0.9,
      0.95
    ],
    "batch_size": 64,
    "project_name": "binary-graph_depth_first_search1-gridsearch-11-normal-11111-iteration-113030",
    "threshold_testing": false,
    "grad_clip": 1,
    "run_id": "be46f28d-e521-4335-96d2-fddeb4d3fe20",
    "early_stopping": false,
    "max_steps": 64,
    "test_dataset_filepath": "./datasets/graph_depth_first_search/1/11/normal/11111/100/True/True/1/32/4/4/3049/29698/test_dataset",
    "n_layer": 4,
    "compute_budget": 100000000000,
    "weight_decay": 0.1,
    "dropout": 0,
    "task": "graph_depth_first_search",
    "n_embd": 32,
    "bias": false,
    "precision": "32",
    "seed": 29698,
    "test_batch_size": 64,
    "train_dataset_filepath": "./datasets/graph_depth_first_search/1/11/normal/11111/100/True/True/1/32/4/4/3049/29698/train_dataset",
    "loss_threshold": 0.0017157108429701616,
    "n_head": 4,
    "warmup_ratio": 0.1,
    "task_length": 11,
    "method": "normal"
  },
  "summary": {
    "_runtime": 875.3965866565704,
    "_step": 69,
    "_timestamp": 1735484681.8608975,
    "_wandb.runtime": 874,
    "epoch": 1,
    "lr-AdamW": 0.002405352435159596,
    "test_acc_result": 0,
    "total_compute": 198155698176,
    "train_loss_epoch": 2.035679340362549,
    "train_loss_step": 1.688567876815796,
    "trainer/global_step": 64,
    "val_loss": 1.6056311130523682
  }
}