{
  "config": {
    "batch_size": 8,
    "mask_idx": 23,
    "task": "graph_depth_first_search",
    "n_layer": 4,
    "method": "normal",
    "run_id": "07c7a63e-e052-456b-ba0a-30170b5ec63e",
    "dropout": 0,
    "loss_threshold": 0.0017157108429701616,
    "project_name": "binary-graph_depth_first_search1-gridsearch-11-normal-11111-iteration-113030",
    "threshold_testing": false,
    "n_head": 4,
    "grad_clip": 1,
    "log_gradients": false,
    "warmup_ratio": 0.1,
    "early_stopping": false,
    "train_dataset_filepath": "./datasets/graph_depth_first_search/1/11/normal/11111/1/True/True/1/64/4/4/31211/28985/train_dataset",
    "test_batch_size": 64,
    "bias": false,
    "seed": 28985,
    "test_dataset_filepath": "./datasets/graph_depth_first_search/1/11/normal/11111/1/True/True/1/64/4/4/31211/28985/test_dataset",
    "task_length": 11,
    "weight_decay": 0.1,
    "validation_ratio": 0.005,
    "max_steps": 139,
    "lr": 0.0001,
    "betas": [
      0.9,
      0.95
    ],
    "precision": "32",
    "n_embd": 64,
    "compute_budget": 100000000000,
    "val_dataset_filepath": "./datasets/graph_depth_first_search/1/11/normal/11111/1/True/True/1/64/4/4/31211/28985/val_dataset"
  },
  "summary": {
    "_runtime": 984.5562288761139,
    "_step": 146,
    "_timestamp": 1735486336.351395,
    "_wandb.runtime": 982,
    "epoch": 1,
    "lr-AdamW": 3.058541812604083e-05,
    "test_acc_result": 0,
    "total_compute": 188922003456,
    "train_loss_epoch": 2.9299230575561523,
    "train_loss_step": 2.7434983253479004,
    "trainer/global_step": 139,
    "val_loss": 2.6446175575256348
  }
}