{
  "config": {
    "compute_budget": 100000000000,
    "warmup_ratio": 0.1,
    "loss_threshold": 0.0017157108429701616,
    "train_dataset_filepath": "./datasets/graph_depth_first_search/1/11/normal/11111/1/True/True/1/32/4/4/29524/12895/train_dataset",
    "threshold_testing": false,
    "dropout": 0,
    "mask_idx": 23,
    "n_head": 4,
    "grad_clip": 1,
    "lr": 0.0001,
    "test_batch_size": 64,
    "seed": 12895,
    "log_gradients": false,
    "batch_size": 64,
    "precision": "32",
    "weight_decay": 0.1,
    "task": "graph_depth_first_search",
    "run_id": "683cbf66-1230-4f43-98bb-9db19b55346d",
    "test_dataset_filepath": "./datasets/graph_depth_first_search/1/11/normal/11111/1/True/True/1/32/4/4/29524/12895/test_dataset",
    "n_embd": 32,
    "max_steps": 64,
    "method": "normal",
    "early_stopping": false,
    "betas": [
      0.9,
      0.95
    ],
    "val_dataset_filepath": "./datasets/graph_depth_first_search/1/11/normal/11111/1/True/True/1/32/4/4/29524/12895/val_dataset",
    "validation_ratio": 0.005,
    "bias": false,
    "project_name": "binary-graph_depth_first_search1-gridsearch-11-normal-11111-iteration-113030",
    "task_length": 11,
    "n_layer": 4
  },
  "summary": {
    "_runtime": 815.3983392715454,
    "_step": 69,
    "_timestamp": 1735484155.2702522,
    "_wandb.runtime": 814,
    "epoch": 1,
    "lr-AdamW": 2.4053524351595965e-05,
    "test_acc_result": 0,
    "total_compute": 198155698176,
    "train_loss_epoch": 3.397921085357666,
    "train_loss_step": 3.3311753273010254,
    "trainer/global_step": 64,
    "val_loss": 3.295466899871826
  }
}