{
  "config": {
    "weight_decay": 0.1,
    "test_dataset_filepath": "./datasets/graph_depth_first_search/1/11/normal/11111/1000/True/True/1/128/4/4/29063/19710/test_dataset",
    "train_dataset_filepath": "./datasets/graph_depth_first_search/1/11/normal/11111/1000/True/True/1/128/4/4/29063/19710/train_dataset",
    "seed": 19710,
    "validation_ratio": 0.005,
    "n_embd": 128,
    "batch_size": 8,
    "run_id": "59913c3a-c463-4781-82c0-b6025e2b830f",
    "mask_idx": 23,
    "max_steps": 38,
    "lr": 0.1,
    "compute_budget": 100000000000,
    "task_length": 11,
    "dropout": 0,
    "n_layer": 4,
    "test_batch_size": 64,
    "task": "graph_depth_first_search",
    "method": "normal",
    "bias": false,
    "project_name": "binary-graph_depth_first_search1-gridsearch-11-normal-11111-iteration-113030",
    "grad_clip": 1,
    "threshold_testing": false,
    "loss_threshold": 0.0017157108429701616,
    "early_stopping": false,
    "precision": "32",
    "n_head": 4,
    "betas": [
      0.9,
      0.95
    ],
    "val_dataset_filepath": "./datasets/graph_depth_first_search/1/11/normal/11111/1000/True/True/1/128/4/4/29063/19710/val_dataset",
    "log_gradients": false,
    "warmup_ratio": 0.1
  },
  "summary": {
    "_runtime": 1047.8512573242188,
    "_step": 41,
    "_timestamp": 1735482319.1067502,
    "_wandb.runtime": 1047,
    "epoch": 1,
    "test_acc_result": 0,
    "total_compute": 192231505920,
    "train_loss_epoch": 3.6493635177612305,
    "trainer/global_step": 38,
    "val_loss": 2.5621070861816406
  }
}