{
  "config": {
    "betas": [
      0.9,
      0.95
    ],
    "weight_decay": 0.1,
    "threshold_testing": false,
    "method": "normal",
    "run_id": "cb8f96ac-6724-4fa1-a827-d61e1a6a6b24",
    "n_head": 4,
    "mask_idx": 23,
    "val_dataset_filepath": "./datasets/graph_depth_first_search/1/11/normal/11111/10/True/True/1/512/4/4/28561/986/val_dataset",
    "n_embd": 512,
    "bias": false,
    "max_steps": 3,
    "batch_size": 8,
    "log_gradients": false,
    "validation_ratio": 0.005,
    "compute_budget": 100000000000,
    "train_dataset_filepath": "./datasets/graph_depth_first_search/1/11/normal/11111/10/True/True/1/512/4/4/28561/986/train_dataset",
    "seed": 986,
    "task": "graph_depth_first_search",
    "warmup_ratio": 0.1,
    "task_length": 11,
    "project_name": "binary-graph_depth_first_search1-gridsearch-11-normal-11111-iteration-113030",
    "precision": "32",
    "test_dataset_filepath": "./datasets/graph_depth_first_search/1/11/normal/11111/10/True/True/1/512/4/4/28561/986/test_dataset",
    "n_layer": 4,
    "early_stopping": false,
    "lr": 0.001,
    "loss_threshold": 0.0017157108429701616,
    "dropout": 0,
    "test_batch_size": 64,
    "grad_clip": 1
  },
  "summary": {
    "_runtime": 1061.605523109436,
    "_step": 6,
    "_timestamp": 1735486442.6585212,
    "_wandb.runtime": 1058,
    "epoch": 1,
    "test_acc_result": 0,
    "total_compute": 229215043584,
    "train_loss_epoch": 2.994763135910034,
    "trainer/global_step": 3,
    "val_loss": 2.392838954925537
  }
}