{
  "config": {
    "batch_size": 8,
    "run_id": "b47e9163-faa6-41cd-82d0-f6a7381f5b1a",
    "n_layer": 4,
    "test_dataset_filepath": "./datasets/graph_depth_first_search/1/11/normal/11111/100/True/True/1/256/4/4/27546/36438/test_dataset",
    "grad_clip": 1,
    "task": "graph_depth_first_search",
    "warmup_ratio": 0.1,
    "seed": 36438,
    "log_gradients": false,
    "max_steps": 10,
    "weight_decay": 0.1,
    "lr": 0.01,
    "bias": false,
    "validation_ratio": 0.005,
    "loss_threshold": 0.0017157108429701616,
    "test_batch_size": 64,
    "n_head": 4,
    "method": "normal",
    "compute_budget": 100000000000,
    "threshold_testing": false,
    "n_embd": 256,
    "early_stopping": false,
    "dropout": 0,
    "project_name": "binary-graph_depth_first_search1-gridsearch-11-normal-11111-iteration-113030",
    "task_length": 11,
    "precision": "32",
    "mask_idx": 23,
    "train_dataset_filepath": "./datasets/graph_depth_first_search/1/11/normal/11111/100/True/True/1/256/4/4/27546/36438/train_dataset",
    "betas": [
      0.9,
      0.95
    ],
    "val_dataset_filepath": "./datasets/graph_depth_first_search/1/11/normal/11111/100/True/True/1/256/4/4/27546/36438/val_dataset"
  },
  "summary": {
    "_runtime": 917.0724482536316,
    "_step": 13,
    "_timestamp": 1735483005.9307313,
    "_wandb.runtime": 916,
    "epoch": 1,
    "test_acc_result": 0,
    "total_compute": 194791342080,
    "train_loss_epoch": 2.841867685317993,
    "trainer/global_step": 10,
    "val_loss": 2.5510833263397217
  }
}