{
  "config": {
    "validation_ratio": 0.005,
    "threshold_testing": false,
    "weight_decay": 0.1,
    "method": "normal",
    "batch_size": 64,
    "task": "graph_depth_first_search",
    "run_id": "ed3b306c-9907-4d88-a40b-ed16155f4808",
    "max_steps": 17,
    "precision": "32",
    "dropout": 0,
    "log_gradients": false,
    "n_head": 4,
    "test_dataset_filepath": "./datasets/graph_depth_first_search/1/11/normal/11111/1/True/True/1/32/16/4/31595/8810/test_dataset",
    "bias": false,
    "test_batch_size": 64,
    "early_stopping": false,
    "grad_clip": 1,
    "loss_threshold": 0.0017157108429701616,
    "task_length": 11,
    "betas": [
      0.9,
      0.95
    ],
    "n_layer": 16,
    "val_dataset_filepath": "./datasets/graph_depth_first_search/1/11/normal/11111/1/True/True/1/32/16/4/31595/8810/val_dataset",
    "lr": 0.0001,
    "mask_idx": 23,
    "seed": 8810,
    "train_dataset_filepath": "./datasets/graph_depth_first_search/1/11/normal/11111/1/True/True/1/32/16/4/31595/8810/train_dataset",
    "project_name": "binary-graph_depth_first_search1-gridsearch-11-normal-11111-iteration-113030",
    "compute_budget": 100000000000,
    "n_embd": 32,
    "warmup_ratio": 0.1
  },
  "summary": {
    "_runtime": 909.3192074298859,
    "_step": 20,
    "_timestamp": 1735481121.8051593,
    "_wandb.runtime": 908,
    "epoch": 1,
    "test_acc_result": 0,
    "total_compute": 210540429312,
    "train_loss_epoch": 3.3764219284057617,
    "trainer/global_step": 17,
    "val_loss": 3.265685558319092
  }
}