{
  "config": {
    "test_batch_size": 64,
    "method": "normal",
    "early_stopping": false,
    "seed": 39343,
    "bias": false,
    "mask_idx": 23,
    "threshold_testing": false,
    "grad_clip": 1,
    "test_dataset_filepath": "./datasets/graph_depth_first_search/1/11/normal/11111/1000/True/True/1/32/4/4/4883/39343/test_dataset",
    "compute_budget": 100000000000,
    "loss_threshold": 0.0017157108429701616,
    "weight_decay": 0.1,
    "lr": 0.1,
    "precision": "32",
    "dropout": 0,
    "log_gradients": false,
    "validation_ratio": 0.005,
    "batch_size": 8,
    "project_name": "binary-graph_depth_first_search1-gridsearch-11-normal-11111-iteration-113030",
    "n_head": 4,
    "val_dataset_filepath": "./datasets/graph_depth_first_search/1/11/normal/11111/1000/True/True/1/32/4/4/4883/39343/val_dataset",
    "task": "graph_depth_first_search",
    "warmup_ratio": 0.1,
    "run_id": "58e50d08-7457-4471-8799-6c8df2796f03",
    "train_dataset_filepath": "./datasets/graph_depth_first_search/1/11/normal/11111/1000/True/True/1/32/4/4/4883/39343/train_dataset",
    "n_embd": 32,
    "task_length": 11,
    "n_layer": 4,
    "betas": [
      0.9,
      0.95
    ],
    "max_steps": 523
  },
  "summary": {
    "_runtime": 1124.8305642604828,
    "_step": 284,
    "_timestamp": 1735486062.2391322,
    "_wandb.runtime": 1124,
    "epoch": 1,
    "lr-AdamW": 0.010575354215643274,
    "test_acc_result": 0,
    "total_compute": 202412949504,
    "train_loss_epoch": 1.806227207183838,
    "train_loss_step": 1.2533698081970215,
    "trainer/global_step": 523,
    "val_loss": 1.3856284618377686
  }
}