{
  "config": {
    "dropout": 0,
    "precision": "32",
    "seed": 2999,
    "task": "graph_depth_first_search",
    "task_length": 11,
    "bias": false,
    "n_layer": 16,
    "n_embd": 128,
    "lr": 0.001,
    "test_batch_size": 64,
    "mask_idx": 23,
    "grad_clip": 1,
    "warmup_ratio": 0.1,
    "method": "normal",
    "log_gradients": false,
    "project_name": "binary-graph_depth_first_search1-gridsearch-11-normal-11111-iteration-113030",
    "run_id": "746884ab-9fb4-42fc-9bce-5382cf0e6896",
    "early_stopping": false,
    "max_steps": 2,
    "n_head": 4,
    "compute_budget": 100000000000,
    "train_dataset_filepath": "./datasets/graph_depth_first_search/1/11/normal/11111/10/True/True/1/128/16/4/16198/2999/train_dataset",
    "loss_threshold": 0.0017157108429701616,
    "validation_ratio": 0.005,
    "val_dataset_filepath": "./datasets/graph_depth_first_search/1/11/normal/11111/10/True/True/1/128/16/4/16198/2999/val_dataset",
    "betas": [
      0.9,
      0.95
    ],
    "batch_size": 64,
    "weight_decay": 0.1,
    "test_dataset_filepath": "./datasets/graph_depth_first_search/1/11/normal/11111/10/True/True/1/128/16/4/16198/2999/test_dataset",
    "threshold_testing": false
  },
  "summary": {
    "_runtime": 1317.2897019386292,
    "_step": 5,
    "_timestamp": 1735483515.246842,
    "_wandb.runtime": 1316,
    "epoch": 1,
    "test_acc_result": 0,
    "total_compute": 323758325760,
    "train_loss_epoch": 3.078735828399658,
    "trainer/global_step": 2,
    "val_loss": 2.556183099746704
  }
}