{
  "config": {
    "warmup_ratio": 0.1,
    "seed": 33887,
    "weight_decay": 0.1,
    "lr": 0.0001,
    "test_dataset_filepath": "./datasets/graph_depth_first_search/1/11/normal/11111/1/True/True/1/128/16/4/12032/33887/test_dataset",
    "task_length": 11,
    "train_dataset_filepath": "./datasets/graph_depth_first_search/1/11/normal/11111/1/True/True/1/128/16/4/12032/33887/train_dataset",
    "n_head": 4,
    "threshold_testing": false,
    "run_id": "6e45fac8-3226-446a-91b1-6ecd26b2f207",
    "n_layer": 16,
    "compute_budget": 100000000000,
    "early_stopping": false,
    "bias": false,
    "batch_size": 8,
    "mask_idx": 23,
    "task": "graph_depth_first_search",
    "betas": [
      0.9,
      0.95
    ],
    "precision": "32",
    "log_gradients": false,
    "loss_threshold": 0.0017157108429701616,
    "n_embd": 128,
    "grad_clip": 1,
    "test_batch_size": 64,
    "project_name": "binary-graph_depth_first_search1-gridsearch-11-normal-11111-iteration-113030",
    "val_dataset_filepath": "./datasets/graph_depth_first_search/1/11/normal/11111/1/True/True/1/128/16/4/12032/33887/val_dataset",
    "dropout": 0,
    "method": "normal",
    "max_steps": 10,
    "validation_ratio": 0.005
  },
  "summary": {
    "_runtime": 874.7043170928955,
    "_step": 13,
    "_timestamp": 1735480935.946157,
    "_wandb.runtime": 874,
    "epoch": 1,
    "test_acc_result": 0,
    "total_compute": 202348953600,
    "train_loss_epoch": 3.093332290649414,
    "trainer/global_step": 10,
    "val_loss": 2.828599691390991
  }
}