{
  "config": {
    "val_dataset_filepath": "./datasets/graph_depth_first_search/1/11/normal/11111/10/True/True/1/32/16/4/35023/38471/val_dataset",
    "max_steps": 128,
    "threshold_testing": false,
    "compute_budget": 100000000000,
    "test_batch_size": 64,
    "log_gradients": false,
    "test_dataset_filepath": "./datasets/graph_depth_first_search/1/11/normal/11111/10/True/True/1/32/16/4/35023/38471/test_dataset",
    "dropout": 0,
    "lr": 0.001,
    "n_head": 4,
    "project_name": "binary-graph_depth_first_search1-gridsearch-11-normal-11111-iteration-113030",
    "early_stopping": false,
    "task_length": 11,
    "train_dataset_filepath": "./datasets/graph_depth_first_search/1/11/normal/11111/10/True/True/1/32/16/4/35023/38471/train_dataset",
    "betas": [
      0.9,
      0.95
    ],
    "method": "normal",
    "validation_ratio": 0.005,
    "loss_threshold": 0.0017157108429701616,
    "warmup_ratio": 0.1,
    "n_layer": 16,
    "batch_size": 8,
    "precision": "32",
    "grad_clip": 1,
    "weight_decay": 0.1,
    "task": "graph_depth_first_search",
    "n_embd": 32,
    "run_id": "e151d999-f997-4eae-8f79-6cc9bf04ea4b",
    "mask_idx": 23,
    "bias": false,
    "seed": 38471
  },
  "summary": {
    "_runtime": 1182.3884904384613,
    "_step": 135,
    "_timestamp": 1735483940.8064055,
    "_wandb.runtime": 1181,
    "epoch": 1,
    "lr-AdamW": 0.00023180194846605365,
    "test_acc_result": 0,
    "total_compute": 198155698176,
    "train_loss_epoch": 2.437999963760376,
    "train_loss_step": 2.233222723007202,
    "trainer/global_step": 128,
    "val_loss": 2.21644926071167
  }
}