{
  "config": {
    "n_head": 4,
    "test_batch_size": 64,
    "threshold_testing": false,
    "weight_decay": 0.1,
    "loss_threshold": 0.0017157108429701616,
    "seed": 39906,
    "bias": false,
    "test_dataset_filepath": "./datasets/graph_depth_first_search/1/11/normal/11111/100/True/True/1/32/16/4/34944/39906/test_dataset",
    "warmup_ratio": 0.1,
    "val_dataset_filepath": "./datasets/graph_depth_first_search/1/11/normal/11111/100/True/True/1/32/16/4/34944/39906/val_dataset",
    "precision": "32",
    "train_dataset_filepath": "./datasets/graph_depth_first_search/1/11/normal/11111/100/True/True/1/32/16/4/34944/39906/train_dataset",
    "lr": 0.01,
    "log_gradients": false,
    "n_layer": 16,
    "early_stopping": false,
    "max_steps": 17,
    "compute_budget": 100000000000,
    "dropout": 0,
    "validation_ratio": 0.005,
    "run_id": "06067792-6a59-4b37-aa56-ce1ec884b464",
    "grad_clip": 1,
    "mask_idx": 23,
    "task_length": 11,
    "task": "graph_depth_first_search",
    "project_name": "binary-graph_depth_first_search1-gridsearch-11-normal-11111-iteration-113030",
    "batch_size": 64,
    "n_embd": 32,
    "betas": [
      0.9,
      0.95
    ],
    "method": "normal"
  },
  "summary": {
    "_runtime": 1230.9281523227692,
    "_step": 20,
    "_timestamp": 1735484228.5024114,
    "_wandb.runtime": 1230,
    "epoch": 1,
    "test_acc_result": 0,
    "total_compute": 210540429312,
    "train_loss_epoch": 2.52793288230896,
    "trainer/global_step": 17,
    "val_loss": 2.244171619415283
  }
}