{
  "config": {
    "task_length": 11,
    "run_id": "80cb5060-28ae-40b0-9d9d-51c1a4ac9e59",
    "weight_decay": 0.1,
    "test_batch_size": 64,
    "mask_idx": 23,
    "early_stopping": false,
    "project_name": "binary-graph_depth_first_search1-gridsearch-11-normal-11111-iteration-113030",
    "dropout": 0,
    "n_layer": 16,
    "n_head": 4,
    "threshold_testing": false,
    "val_dataset_filepath": "./datasets/graph_depth_first_search/1/11/normal/11111/10/True/True/1/512/16/4/17420/24381/val_dataset",
    "grad_clip": 1,
    "max_steps": 1,
    "test_dataset_filepath": "./datasets/graph_depth_first_search/1/11/normal/11111/10/True/True/1/512/16/4/17420/24381/test_dataset",
    "task": "graph_depth_first_search",
    "loss_threshold": 0.0017157108429701616,
    "bias": false,
    "train_dataset_filepath": "./datasets/graph_depth_first_search/1/11/normal/11111/10/True/True/1/512/16/4/17420/24381/train_dataset",
    "precision": "32",
    "validation_ratio": 0.005,
    "method": "normal",
    "batch_size": 8,
    "warmup_ratio": 0.1,
    "log_gradients": false,
    "betas": [
      0.9,
      0.95
    ],
    "n_embd": 512,
    "compute_budget": 100000000000,
    "lr": 0.001,
    "seed": 24381
  },
  "summary": {
    "_runtime": 1266.9553697109222,
    "_step": 4,
    "_timestamp": 1735483649.8284726,
    "_wandb.runtime": 1266,
    "epoch": 1,
    "test_acc_result": 0,
    "total_compute": 305620058112,
    "train_loss_epoch": 3.335706949234009,
    "trainer/global_step": 1,
    "val_loss": 2.6129188537597656
  }
}