{
  "config": {
    "batch_size": 8,
    "max_steps": 1,
    "n_head": 4,
    "project_name": "binary-graph_depth_first_search1-gridsearch-11-normal-11111-iteration-113030",
    "threshold_testing": false,
    "seed": 13970,
    "compute_budget": 100000000000,
    "betas": [
      0.9,
      0.95
    ],
    "early_stopping": false,
    "val_dataset_filepath": "./datasets/graph_depth_first_search/1/11/normal/11111/1000/True/True/1/512/16/4/13125/13970/val_dataset",
    "warmup_ratio": 0.1,
    "log_gradients": false,
    "train_dataset_filepath": "./datasets/graph_depth_first_search/1/11/normal/11111/1000/True/True/1/512/16/4/13125/13970/train_dataset",
    "run_id": "997ffb94-bfc0-4b0c-a0aa-e14fe5a657e3",
    "dropout": 0,
    "method": "normal",
    "task_length": 11,
    "test_dataset_filepath": "./datasets/graph_depth_first_search/1/11/normal/11111/1000/True/True/1/512/16/4/13125/13970/test_dataset",
    "grad_clip": 1,
    "task": "graph_depth_first_search",
    "validation_ratio": 0.005,
    "test_batch_size": 64,
    "bias": false,
    "loss_threshold": 0.0017157108429701616,
    "n_embd": 512,
    "n_layer": 16,
    "lr": 0.1,
    "precision": "32",
    "mask_idx": 23,
    "weight_decay": 0.1
  },
  "summary": {
    "_runtime": 1135.8474004268646,
    "_step": 4,
    "_timestamp": 1735482120.1428463,
    "_wandb.runtime": 1136,
    "epoch": 1,
    "test_acc_result": 0,
    "total_compute": 305620058112,
    "train_loss_epoch": 3.384326696395874,
    "trainer/global_step": 1,
    "val_loss": 6.313520431518555
  }
}