{
  "config": {
    "weight_decay": 0.1,
    "n_head": 4,
    "max_steps": 5,
    "bias": false,
    "threshold_testing": false,
    "test_dataset_filepath": "./datasets/graph_depth_first_search/1/11/normal/11111/100/True/True/1/64/16/4/15079/124/test_dataset",
    "seed": 124,
    "mask_idx": 23,
    "grad_clip": 1,
    "validation_ratio": 0.005,
    "test_batch_size": 64,
    "task_length": 11,
    "lr": 0.01,
    "log_gradients": false,
    "batch_size": 64,
    "compute_budget": 100000000000,
    "loss_threshold": 0.0017157108429701616,
    "train_dataset_filepath": "./datasets/graph_depth_first_search/1/11/normal/11111/100/True/True/1/64/16/4/15079/124/train_dataset",
    "run_id": "3ac06a13-79b0-470b-969e-13709595dedd",
    "precision": "32",
    "method": "normal",
    "project_name": "binary-graph_depth_first_search1-gridsearch-11-normal-11111-iteration-113030",
    "task": "graph_depth_first_search",
    "warmup_ratio": 0.1,
    "betas": [
      0.9,
      0.95
    ],
    "early_stopping": false,
    "dropout": 0,
    "n_embd": 64,
    "n_layer": 16,
    "val_dataset_filepath": "./datasets/graph_depth_first_search/1/11/normal/11111/100/True/True/1/64/16/4/15079/124/val_dataset"
  },
  "summary": {
    "_runtime": 1277.9174644947052,
    "_step": 8,
    "_timestamp": 1735486489.2175076,
    "_wandb.runtime": 1277,
    "epoch": 1,
    "test_acc_result": 0,
    "total_compute": 217464176640,
    "train_loss_epoch": 2.7785305976867676,
    "trainer/global_step": 5,
    "val_loss": 2.3232333660125732
  }
}