{
  "config": {
    "mask_idx": 23,
    "n_embd": 512,
    "dropout": 0,
    "loss_threshold": 0.0017157108429701616,
    "log_gradients": false,
    "validation_ratio": 0.005,
    "test_dataset_filepath": "./datasets/graph_depth_first_search/1/11/normal/11111/1/True/True/1/512/4/4/22921/11169/test_dataset",
    "warmup_ratio": 0.1,
    "train_dataset_filepath": "./datasets/graph_depth_first_search/1/11/normal/11111/1/True/True/1/512/4/4/22921/11169/train_dataset",
    "compute_budget": 100000000000,
    "precision": "32",
    "n_layer": 4,
    "threshold_testing": false,
    "task_length": 11,
    "early_stopping": false,
    "betas": [
      0.9,
      0.95
    ],
    "batch_size": 64,
    "test_batch_size": 64,
    "bias": false,
    "task": "graph_depth_first_search",
    "grad_clip": 1,
    "n_head": 4,
    "weight_decay": 0.1,
    "run_id": "ee7561fe-5f8d-4b47-a786-4f9d715d13e3",
    "val_dataset_filepath": "./datasets/graph_depth_first_search/1/11/normal/11111/1/True/True/1/512/4/4/22921/11169/val_dataset",
    "max_steps": 1,
    "lr": 0.0001,
    "method": "normal",
    "project_name": "binary-graph_depth_first_search1-gridsearch-11-normal-11111-iteration-113030",
    "seed": 11169
  },
  "summary": {
    "_runtime": 7.737690448760986,
    "_step": 3,
    "_timestamp": 1735487040.0966644,
    "epoch": 1,
    "total_compute": 611240116224,
    "train_loss_epoch": 3.457716464996338,
    "trainer/global_step": 1,
    "val_loss": 3.1337521076202393
  }
}