{
  "config": {
    "n_embd": 128,
    "precision": "32",
    "seed": 32999,
    "project_name": "binary-graph_depth_first_search1-gridsearch-11-normal-11111-iteration-113030",
    "test_dataset_filepath": "./datasets/graph_depth_first_search/1/11/normal/11111/100/True/True/1/128/4/4/1426/32999/test_dataset",
    "task_length": 11,
    "grad_clip": 1,
    "validation_ratio": 0.005,
    "batch_size": 8,
    "weight_decay": 0.1,
    "dropout": 0,
    "method": "normal",
    "n_layer": 4,
    "train_dataset_filepath": "./datasets/graph_depth_first_search/1/11/normal/11111/100/True/True/1/128/4/4/1426/32999/train_dataset",
    "log_gradients": false,
    "warmup_ratio": 0.1,
    "compute_budget": 100000000000,
    "lr": 0.01,
    "test_batch_size": 64,
    "loss_threshold": 0.0017157108429701616,
    "mask_idx": 23,
    "bias": false,
    "threshold_testing": false,
    "task": "graph_depth_first_search",
    "early_stopping": false,
    "val_dataset_filepath": "./datasets/graph_depth_first_search/1/11/normal/11111/100/True/True/1/128/4/4/1426/32999/val_dataset",
    "run_id": "e6a03895-52de-4500-92f8-e2a67283ee74",
    "max_steps": 37,
    "n_head": 4,
    "betas": [
      0.9,
      0.95
    ]
  },
  "summary": {
    "_runtime": 1168.520968914032,
    "_step": 40,
    "_timestamp": 1735486332.598975,
    "_wandb.runtime": 1167,
    "epoch": 1,
    "test_acc_result": 0,
    "total_compute": 187172782080,
    "train_loss_epoch": 2.258385419845581,
    "trainer/global_step": 37,
    "val_loss": 1.96830153465271
  }
}