{
  "config": {
    "run_id": "2778d7b4-1f1e-4b26-bc4e-e60a4079df76",
    "n_head": 4,
    "val_dataset_filepath": "./datasets/graph_depth_first_search/1/11/normal/11111/1/True/True/1/8/4/4/16302/22698/val_dataset",
    "grad_clip": 1,
    "threshold_testing": false,
    "seed": 22698,
    "dropout": 0,
    "project_name": "binary-graph_depth_first_search1-gridsearch-11-normal-11111-iteration-113030",
    "compute_budget": 100000000000,
    "weight_decay": 0.1,
    "method": "normal",
    "warmup_ratio": 0.1,
    "early_stopping": false,
    "bias": false,
    "max_steps": 716,
    "train_dataset_filepath": "./datasets/graph_depth_first_search/1/11/normal/11111/1/True/True/1/8/4/4/16302/22698/train_dataset",
    "test_batch_size": 64,
    "log_gradients": false,
    "task": "graph_depth_first_search",
    "test_dataset_filepath": "./datasets/graph_depth_first_search/1/11/normal/11111/1/True/True/1/8/4/4/16302/22698/test_dataset",
    "loss_threshold": 0.0017157108429701616,
    "lr": 0.0001,
    "betas": [
      0.9,
      0.95
    ],
    "n_embd": 8,
    "precision": "32",
    "batch_size": 64,
    "validation_ratio": 0.005,
    "task_length": 11,
    "mask_idx": 23,
    "n_layer": 4
  },
  "summary": {
    "_runtime": 662.2817115783691,
    "_step": 269,
    "_timestamp": 1735480745.1941855,
    "_wandb.runtime": 661,
    "epoch": 1,
    "lr-AdamW": 1.0154174493980784e-05,
    "test_acc_result": 0,
    "total_compute": 240015114240,
    "train_loss_epoch": 3.3359034061431885,
    "train_loss_step": 3.171833038330078,
    "trainer/global_step": 716,
    "val_loss": 3.1850390434265137
  }
}