{
  "config": {
    "n_head": 4,
    "loss_threshold": 0.0017157108429701616,
    "train_dataset_filepath": "./datasets/graph_depth_first_search/1/11/normal/11111/1/True/True/1/8/16/4/6869/24997/train_dataset",
    "max_steps": 179,
    "warmup_ratio": 0.1,
    "n_embd": 8,
    "project_name": "binary-graph_depth_first_search1-gridsearch-11-normal-11111-iteration-113030",
    "mask_idx": 23,
    "bias": false,
    "betas": [
      0.9,
      0.95
    ],
    "validation_ratio": 0.005,
    "weight_decay": 0.1,
    "run_id": "3b7e9ecd-0828-4e82-9161-7cde6549fdaa",
    "early_stopping": false,
    "test_dataset_filepath": "./datasets/graph_depth_first_search/1/11/normal/11111/1/True/True/1/8/16/4/6869/24997/test_dataset",
    "method": "normal",
    "threshold_testing": false,
    "test_batch_size": 64,
    "n_layer": 16,
    "seed": 24997,
    "dropout": 0,
    "val_dataset_filepath": "./datasets/graph_depth_first_search/1/11/normal/11111/1/True/True/1/8/16/4/6869/24997/val_dataset",
    "compute_budget": 100000000000,
    "grad_clip": 1,
    "precision": "32",
    "task": "graph_depth_first_search",
    "batch_size": 64,
    "log_gradients": false,
    "task_length": 11,
    "lr": 0.0001
  },
  "summary": {
    "_runtime": 818.9154279232025,
    "_step": 188,
    "_timestamp": 1735486754.685374,
    "_wandb.runtime": 818,
    "epoch": 1,
    "lr-AdamW": 1.740304848641787e-05,
    "test_acc_result": 0,
    "total_compute": 240015114240,
    "train_loss_epoch": 3.170609951019287,
    "train_loss_step": 3.092742919921875,
    "trainer/global_step": 179,
    "val_loss": 3.1077523231506348
  }
}