{
  "config": {
    "mask_idx": 23,
    "betas": [
      0.9,
      0.95
    ],
    "grad_clip": 1,
    "warmup_ratio": 0.1,
    "task_length": 11,
    "task": "graph_depth_first_search",
    "seed": 36283,
    "lr": 0.0001,
    "val_dataset_filepath": "./datasets/graph_depth_first_search/1/11/normal/11111/1/True/True/1/8/16/4/14973/36283/val_dataset",
    "project_name": "binary-graph_depth_first_search1-gridsearch-11-normal-11111-iteration-113030",
    "max_steps": 1425,
    "threshold_testing": false,
    "batch_size": 8,
    "method": "normal",
    "loss_threshold": 0.0017157108429701616,
    "compute_budget": 100000000000,
    "weight_decay": 0.1,
    "test_dataset_filepath": "./datasets/graph_depth_first_search/1/11/normal/11111/1/True/True/1/8/16/4/14973/36283/test_dataset",
    "run_id": "a847436a-6c79-431f-9525-5d8ffc18e413",
    "test_batch_size": 64,
    "early_stopping": false,
    "bias": false,
    "train_dataset_filepath": "./datasets/graph_depth_first_search/1/11/normal/11111/1/True/True/1/8/16/4/14973/36283/train_dataset",
    "n_layer": 16,
    "precision": "32",
    "log_gradients": false,
    "n_embd": 8,
    "dropout": 0,
    "n_head": 4,
    "validation_ratio": 0.005
  },
  "summary": {
    "_runtime": 1462.7856712341309,
    "_step": 262,
    "_timestamp": 1735482872.2675521,
    "_wandb.runtime": 1462,
    "epoch": 1,
    "lr-AdamW": 1.0091165171477074e-05,
    "test_acc_result": 0,
    "total_compute": 238841856000,
    "train_loss_epoch": 2.977309465408325,
    "train_loss_step": 2.797234058380127,
    "trainer/global_step": 1425,
    "val_loss": 2.7903037071228027
  }
}