{
  "config": {
    "project_name": "binary-graph_depth_first_search1-gridsearch-11-normal-11111-iteration-113030",
    "test_dataset_filepath": "./datasets/graph_depth_first_search/1/11/normal/11111/1000/True/True/1/256/16/4/9453/8520/test_dataset",
    "bias": false,
    "n_embd": 256,
    "precision": "32",
    "train_dataset_filepath": "./datasets/graph_depth_first_search/1/11/normal/11111/1000/True/True/1/256/16/4/9453/8520/train_dataset",
    "early_stopping": false,
    "lr": 0.1,
    "n_layer": 16,
    "dropout": 0,
    "threshold_testing": false,
    "warmup_ratio": 0.1,
    "method": "normal",
    "mask_idx": 23,
    "n_head": 4,
    "seed": 8520,
    "batch_size": 64,
    "compute_budget": 100000000000,
    "task_length": 11,
    "weight_decay": 0.1,
    "validation_ratio": 0.005,
    "grad_clip": 1,
    "betas": [
      0.9,
      0.95
    ],
    "test_batch_size": 64,
    "max_steps": 1,
    "loss_threshold": 0.0017157108429701616,
    "val_dataset_filepath": "./datasets/graph_depth_first_search/1/11/normal/11111/1000/True/True/1/256/16/4/9453/8520/val_dataset",
    "log_gradients": false,
    "task": "graph_depth_first_search",
    "run_id": "b06ad7b4-23b7-401f-8148-e609b58a98e0"
  },
  "summary": {
    "_runtime": 1243.214319229126,
    "_step": 4,
    "_timestamp": 1735482341.7906132,
    "_wandb.runtime": 1242,
    "epoch": 1,
    "test_acc_result": 0,
    "total_compute": 623332294656,
    "train_loss_epoch": 3.5729689598083496,
    "trainer/global_step": 1,
    "val_loss": 2.8623709678649902
  }
}