{
  "config": {
    "lr": 0.001,
    "project_name": "binary-graph_depth_first_search1-gridsearch-11-normal-11111-iteration-113030",
    "test_batch_size": 64,
    "batch_size": 64,
    "compute_budget": 100000000000,
    "val_dataset_filepath": "./datasets/graph_depth_first_search/1/11/normal/11111/10/True/True/1/512/16/4/9897/8337/val_dataset",
    "betas": [
      0.9,
      0.95
    ],
    "weight_decay": 0.1,
    "run_id": "ba66a94d-9ebb-4362-bfd8-d59c359f5b7e",
    "threshold_testing": false,
    "mask_idx": 23,
    "bias": false,
    "loss_threshold": 0.0017157108429701616,
    "dropout": 0,
    "log_gradients": false,
    "task_length": 11,
    "n_embd": 512,
    "early_stopping": false,
    "test_dataset_filepath": "./datasets/graph_depth_first_search/1/11/normal/11111/10/True/True/1/512/16/4/9897/8337/test_dataset",
    "task": "graph_depth_first_search",
    "validation_ratio": 0.005,
    "precision": "32",
    "seed": 8337,
    "max_steps": 1,
    "n_layer": 16,
    "grad_clip": 1,
    "method": "normal",
    "train_dataset_filepath": "./datasets/graph_depth_first_search/1/11/normal/11111/10/True/True/1/512/16/4/9897/8337/train_dataset",
    "warmup_ratio": 0.1,
    "n_head": 4
  },
  "summary": {
    "_runtime": 629.6342933177948,
    "_step": 4,
    "_timestamp": 1735480670.2883484,
    "_wandb.runtime": 630,
    "epoch": 1,
    "test_acc_result": 0,
    "total_compute": 2444960464896,
    "train_loss_epoch": 3.4252195358276367,
    "trainer/global_step": 1,
    "val_loss": 2.4486489295959473
  }
}