{
  "config": {
    "task_length": 11,
    "n_embd": 32,
    "seed": 26740,
    "weight_decay": 0.1,
    "validation_ratio": 0.005,
    "dropout": 0,
    "n_head": 4,
    "batch_size": 8,
    "compute_budget": 100000000000,
    "test_batch_size": 64,
    "val_dataset_filepath": "./datasets/graph_depth_first_search/1/11/normal/11111/10/True/True/1/32/4/4/31246/26740/val_dataset",
    "threshold_testing": false,
    "betas": [
      0.9,
      0.95
    ],
    "bias": false,
    "test_dataset_filepath": "./datasets/graph_depth_first_search/1/11/normal/11111/10/True/True/1/32/4/4/31246/26740/test_dataset",
    "log_gradients": false,
    "max_steps": 519,
    "early_stopping": false,
    "mask_idx": 23,
    "task": "graph_depth_first_search",
    "precision": "32",
    "warmup_ratio": 0.1,
    "run_id": "4c456715-1b65-4d60-a64d-c10b06305983",
    "method": "normal",
    "project_name": "binary-graph_depth_first_search1-gridsearch-11-normal-11111-iteration-113030",
    "train_dataset_filepath": "./datasets/graph_depth_first_search/1/11/normal/11111/10/True/True/1/32/4/4/31246/26740/train_dataset",
    "loss_threshold": 0.0017157108429701616,
    "n_layer": 4,
    "lr": 0.001,
    "grad_clip": 1
  },
  "summary": {
    "_runtime": 56.03916788101196,
    "_step": 281,
    "_timestamp": 1735487011.65095,
    "epoch": 1,
    "lr-AdamW": 0.00010404946933934119,
    "total_compute": 200864858112,
    "train_loss_epoch": 1.921258807182312,
    "train_loss_step": 1.3598684072494507,
    "trainer/global_step": 519,
    "val_loss": 1.4395216703414917
  }
}