{
  "config": {
    "val_dataset_filepath": "./datasets/graph_depth_first_search/1/11/normal/11111/1/True/True/1/16/4/4/2779/39588/val_dataset",
    "log_gradients": false,
    "mask_idx": 23,
    "train_dataset_filepath": "./datasets/graph_depth_first_search/1/11/normal/11111/1/True/True/1/16/4/4/2779/39588/train_dataset",
    "weight_decay": 0.1,
    "precision": "32",
    "loss_threshold": 0.0017157108429701616,
    "threshold_testing": false,
    "compute_budget": 100000000000,
    "early_stopping": false,
    "lr": 0.0001,
    "method": "normal",
    "n_embd": 16,
    "n_layer": 4,
    "bias": false,
    "validation_ratio": 0.005,
    "n_head": 4,
    "max_steps": 1799,
    "test_dataset_filepath": "./datasets/graph_depth_first_search/1/11/normal/11111/1/True/True/1/16/4/4/2779/39588/test_dataset",
    "run_id": "23f7df01-647f-4ee4-9bc3-75f6ecd81f2b",
    "task_length": 11,
    "task": "graph_depth_first_search",
    "seed": 39588,
    "warmup_ratio": 0.1,
    "test_batch_size": 64,
    "batch_size": 8,
    "betas": [
      0.9,
      0.95
    ],
    "project_name": "binary-graph_depth_first_search1-gridsearch-11-normal-11111-iteration-113030",
    "grad_clip": 1,
    "dropout": 0
  },
  "summary": {
    "_runtime": 1012.7808380126953,
    "_step": 297,
    "_timestamp": 1735481465.946337,
    "_wandb.runtime": 1012,
    "epoch": 1,
    "lr-AdamW": 1.0211374189307538e-05,
    "test_acc_result": 0,
    "total_compute": 216551473152,
    "train_loss_epoch": 2.6899845600128174,
    "train_loss_step": 2.401585578918457,
    "trainer/global_step": 1799,
    "val_loss": 2.383511781692505
  }
}