{
  "config": {
    "task": "graph_depth_first_search",
    "batch_size": 64,
    "n_layer": 4,
    "test_batch_size": 64,
    "n_embd": 128,
    "weight_decay": 0.1,
    "task_length": 11,
    "bias": false,
    "threshold_testing": false,
    "grad_clip": 1,
    "early_stopping": false,
    "train_dataset_filepath": "./datasets/graph_depth_first_search/1/11/normal/11111/100/True/True/1/128/4/4/28318/4631/train_dataset",
    "validation_ratio": 0.005,
    "val_dataset_filepath": "./datasets/graph_depth_first_search/1/11/normal/11111/100/True/True/1/128/4/4/28318/4631/val_dataset",
    "max_steps": 5,
    "test_dataset_filepath": "./datasets/graph_depth_first_search/1/11/normal/11111/100/True/True/1/128/4/4/28318/4631/test_dataset",
    "precision": "32",
    "mask_idx": 23,
    "log_gradients": false,
    "warmup_ratio": 0.1,
    "run_id": "6ff822ef-eb00-45d5-9667-0e57f0059fd3",
    "loss_threshold": 0.0017157108429701616,
    "betas": [
      0.9,
      0.95
    ],
    "method": "normal",
    "lr": 0.01,
    "seed": 4631,
    "dropout": 0,
    "project_name": "binary-graph_depth_first_search1-gridsearch-11-normal-11111-iteration-113030",
    "n_head": 4,
    "compute_budget": 100000000000
  },
  "summary": {
    "_runtime": 96.47875094413757,
    "_step": 8,
    "_timestamp": 1735487280.25624,
    "_wandb.runtime": 95,
    "epoch": 1,
    "test_acc_result": 0,
    "total_compute": 202348953600,
    "train_loss_epoch": 2.709341287612915,
    "trainer/global_step": 5,
    "val_loss": 2.271331310272217
  }
}