{
  "config": {
    "bias": false,
    "val_dataset_filepath": "./datasets/graph_depth_first_search/1/11/normal/11111/100/True/True/1/8/4/4/28890/1114/val_dataset",
    "validation_ratio": 0.005,
    "mask_idx": 23,
    "compute_budget": 100000000000,
    "train_dataset_filepath": "./datasets/graph_depth_first_search/1/11/normal/11111/100/True/True/1/8/4/4/28890/1114/train_dataset",
    "dropout": 0,
    "seed": 1114,
    "n_head": 4,
    "n_embd": 8,
    "test_batch_size": 64,
    "loss_threshold": 0.0017157108429701616,
    "task": "graph_depth_first_search",
    "max_steps": 705,
    "early_stopping": false,
    "betas": [
      0.9,
      0.95
    ],
    "method": "normal",
    "n_layer": 4,
    "project_name": "binary-graph_depth_first_search1-gridsearch-11-normal-11111-iteration-113030",
    "grad_clip": 1,
    "test_dataset_filepath": "./datasets/graph_depth_first_search/1/11/normal/11111/100/True/True/1/8/4/4/28890/1114/test_dataset",
    "batch_size": 64,
    "task_length": 11,
    "log_gradients": false,
    "warmup_ratio": 0.1,
    "precision": "32",
    "threshold_testing": false,
    "run_id": "ae21b49d-f6c6-4efe-93f1-baf6454b885f",
    "lr": 0.01,
    "weight_decay": 0.1
  },
  "summary": {
    "_runtime": 1165.9650597572327,
    "_step": 266,
    "_timestamp": 1735484480.4568737,
    "_wandb.runtime": 1165,
    "epoch": 1,
    "lr-AdamW": 0.0010019824645185202,
    "test_acc_result": 0,
    "total_compute": 236327731200,
    "train_loss_epoch": 1.6294399499893188,
    "train_loss_step": 1.2755941152572632,
    "trainer/global_step": 705,
    "val_loss": 1.2990249395370483
  }
}