{
  "config": {
    "validation_ratio": 0.005,
    "n_head": 4,
    "max_steps": 1,
    "task_length": 11,
    "task": "graph_depth_first_search",
    "project_name": "binary-graph_depth_first_search1-gridsearch-11-normal-11111-iteration-113030",
    "bias": false,
    "betas": [
      0.9,
      0.95
    ],
    "log_gradients": false,
    "loss_threshold": 0.0017157108429701616,
    "precision": "32",
    "run_id": "fbc24803-c2b5-4c47-8880-bc526a2c7f11",
    "val_dataset_filepath": "./datasets/graph_depth_first_search/1/11/normal/11111/10/True/True/1/512/4/4/29836/4452/val_dataset",
    "grad_clip": 1,
    "test_batch_size": 64,
    "compute_budget": 100000000000,
    "seed": 4452,
    "train_dataset_filepath": "./datasets/graph_depth_first_search/1/11/normal/11111/10/True/True/1/512/4/4/29836/4452/train_dataset",
    "mask_idx": 23,
    "method": "normal",
    "threshold_testing": false,
    "lr": 0.001,
    "test_dataset_filepath": "./datasets/graph_depth_first_search/1/11/normal/11111/10/True/True/1/512/4/4/29836/4452/test_dataset",
    "dropout": 0,
    "n_embd": 512,
    "n_layer": 4,
    "batch_size": 64,
    "early_stopping": false,
    "warmup_ratio": 0.1,
    "weight_decay": 0.1
  },
  "summary": {
    "_runtime": 315.906863451004,
    "_step": 4,
    "_timestamp": 1735487673.5636055,
    "_wandb.runtime": 315,
    "epoch": 1,
    "test_acc_result": 0,
    "total_compute": 611240116224,
    "train_loss_epoch": 3.675123691558838,
    "trainer/global_step": 1,
    "val_loss": 2.473487138748169
  }
}