{
  "config": {
    "grad_clip": 1,
    "run_id": "171917a0-1685-47cf-8cc6-fbf8c3c43004",
    "weight_decay": 0.1,
    "validation_ratio": 0.005,
    "compute_budget": 100000000000,
    "n_head": 4,
    "train_dataset_filepath": "./datasets/graph_depth_first_search/1/11/normal/11111/100/True/True/1/64/16/4/34223/10878/train_dataset",
    "val_dataset_filepath": "./datasets/graph_depth_first_search/1/11/normal/11111/100/True/True/1/64/16/4/34223/10878/val_dataset",
    "betas": [
      0.9,
      0.95
    ],
    "warmup_ratio": 0.1,
    "task": "graph_depth_first_search",
    "loss_threshold": 0.0017157108429701616,
    "batch_size": 8,
    "n_layer": 16,
    "precision": "32",
    "threshold_testing": false,
    "max_steps": 36,
    "bias": false,
    "task_length": 11,
    "seed": 10878,
    "lr": 0.01,
    "test_dataset_filepath": "./datasets/graph_depth_first_search/1/11/normal/11111/100/True/True/1/64/16/4/34223/10878/test_dataset",
    "project_name": "binary-graph_depth_first_search1-gridsearch-11-normal-11111-iteration-113030",
    "dropout": 0,
    "n_embd": 64,
    "mask_idx": 23,
    "log_gradients": false,
    "test_batch_size": 64,
    "method": "normal",
    "early_stopping": false
  },
  "summary": {
    "_runtime": 1250.4060773849487,
    "_step": 39,
    "_timestamp": 1735484434.4487424,
    "_wandb.runtime": 1249,
    "epoch": 1,
    "test_acc_result": 0,
    "total_compute": 195717758976,
    "train_loss_epoch": 2.36185884475708,
    "trainer/global_step": 36,
    "val_loss": 2.1595919132232666
  }
}