{
  "config": {
    "precision": "32",
    "test_dataset_filepath": "./datasets/graph_depth_first_search/1/11/normal/11111/1/True/True/1/128/4/4/9316/38633/test_dataset",
    "mask_idx": 23,
    "task": "graph_depth_first_search",
    "log_gradients": false,
    "train_dataset_filepath": "./datasets/graph_depth_first_search/1/11/normal/11111/1/True/True/1/128/4/4/9316/38633/train_dataset",
    "n_layer": 4,
    "max_steps": 37,
    "loss_threshold": 0.0017157108429701616,
    "grad_clip": 1,
    "validation_ratio": 0.005,
    "seed": 38633,
    "threshold_testing": false,
    "weight_decay": 0.1,
    "betas": [
      0.9,
      0.95
    ],
    "run_id": "35e8c1dd-d94b-40f0-82af-e010de1ed793",
    "n_embd": 128,
    "early_stopping": false,
    "compute_budget": 100000000000,
    "dropout": 0,
    "val_dataset_filepath": "./datasets/graph_depth_first_search/1/11/normal/11111/1/True/True/1/128/4/4/9316/38633/val_dataset",
    "lr": 0.0001,
    "batch_size": 8,
    "bias": false,
    "test_batch_size": 64,
    "warmup_ratio": 0.1,
    "n_head": 4,
    "method": "normal",
    "project_name": "binary-graph_depth_first_search1-gridsearch-11-normal-11111-iteration-113030",
    "task_length": 11
  },
  "summary": {
    "_runtime": 644.7131462097168,
    "_step": 40,
    "_timestamp": 1735481815.0456603,
    "_wandb.runtime": 644,
    "epoch": 1,
    "test_acc_result": 0,
    "total_compute": 187172782080,
    "train_loss_epoch": 3.0693020820617676,
    "trainer/global_step": 37,
    "val_loss": 2.8292324542999268
  }
}