{
  "config": {
    "warmup_ratio": 0.1,
    "n_layer": 16,
    "early_stopping": false,
    "max_steps": 56,
    "log_gradients": false,
    "train_dataset_filepath": "./datasets/graph_depth_first_search/1/11/normal/11111/100/True/True/1/16/16/4/11174/36959/train_dataset",
    "compute_budget": 100000000000,
    "n_head": 4,
    "validation_ratio": 0.005,
    "batch_size": 64,
    "val_dataset_filepath": "./datasets/graph_depth_first_search/1/11/normal/11111/100/True/True/1/16/16/4/11174/36959/val_dataset",
    "weight_decay": 0.1,
    "task_length": 11,
    "seed": 36959,
    "test_batch_size": 64,
    "bias": false,
    "lr": 0.01,
    "dropout": 0,
    "project_name": "binary-graph_depth_first_search1-gridsearch-11-normal-11111-iteration-113030",
    "test_dataset_filepath": "./datasets/graph_depth_first_search/1/11/normal/11111/100/True/True/1/16/16/4/11174/36959/test_dataset",
    "loss_threshold": 0.0017157108429701616,
    "grad_clip": 1,
    "precision": "32",
    "task": "graph_depth_first_search",
    "threshold_testing": false,
    "method": "normal",
    "n_embd": 16,
    "mask_idx": 23,
    "run_id": "3ebbcfb7-32c9-4dd1-b792-60305feb9f23",
    "betas": [
      0.9,
      0.95
    ]
  },
  "summary": {
    "_runtime": 1155.674148797989,
    "_step": 61,
    "_timestamp": 1735482361.8503947,
    "_wandb.runtime": 1155,
    "epoch": 1,
    "lr-AdamW": 0.0014119062768121436,
    "test_acc_result": 0,
    "total_compute": 215708860416,
    "train_loss_epoch": 2.3983118534088135,
    "train_loss_step": 2.1393442153930664,
    "trainer/global_step": 56,
    "val_loss": 2.1057491302490234
  }
}