{
  "config": {
    "early_stopping": false,
    "test_batch_size": 64,
    "warmup_ratio": 0.1,
    "threshold_testing": false,
    "task_length": 11,
    "run_id": "89ed8c1a-96a8-4007-8fdb-f1e3804750b1",
    "val_dataset_filepath": "./datasets/graph_depth_first_search/1/11/normal/11111/100/True/True/1/64/4/4/12307/31240/val_dataset",
    "seed": 31240,
    "precision": "32",
    "method": "normal",
    "mask_idx": 23,
    "bias": false,
    "batch_size": 64,
    "lr": 0.01,
    "log_gradients": false,
    "max_steps": 18,
    "train_dataset_filepath": "./datasets/graph_depth_first_search/1/11/normal/11111/100/True/True/1/64/4/4/12307/31240/train_dataset",
    "test_dataset_filepath": "./datasets/graph_depth_first_search/1/11/normal/11111/100/True/True/1/64/4/4/12307/31240/test_dataset",
    "n_head": 4,
    "grad_clip": 1,
    "compute_budget": 100000000000,
    "task": "graph_depth_first_search",
    "betas": [
      0.9,
      0.95
    ],
    "n_embd": 64,
    "loss_threshold": 0.0017157108429701616,
    "project_name": "binary-graph_depth_first_search1-gridsearch-11-normal-11111-iteration-113030",
    "n_layer": 4,
    "validation_ratio": 0.005,
    "dropout": 0,
    "weight_decay": 0.1
  },
  "summary": {
    "_runtime": 967.596761226654,
    "_step": 21,
    "_timestamp": 1735482958.4449701,
    "_wandb.runtime": 966,
    "epoch": 1,
    "test_acc_result": 0,
    "total_compute": 195717758976,
    "train_loss_epoch": 2.3494298458099365,
    "trainer/global_step": 18,
    "val_loss": 2.122101306915283
  }
}