{
  "config": {
    "mask_idx": 23,
    "train_dataset_filepath": "./datasets/graph_depth_first_search/1/11/normal/11111/10/True/True/1/64/4/4/25551/18596/train_dataset",
    "run_id": "2b640cca-b4e1-4e9e-86fb-2de28b4ad453",
    "threshold_testing": false,
    "weight_decay": 0.1,
    "lr": 0.001,
    "early_stopping": false,
    "precision": "32",
    "val_dataset_filepath": "./datasets/graph_depth_first_search/1/11/normal/11111/10/True/True/1/64/4/4/25551/18596/val_dataset",
    "task_length": 11,
    "warmup_ratio": 0.1,
    "method": "normal",
    "seed": 18596,
    "dropout": 0,
    "test_dataset_filepath": "./datasets/graph_depth_first_search/1/11/normal/11111/10/True/True/1/64/4/4/25551/18596/test_dataset",
    "log_gradients": false,
    "batch_size": 8,
    "n_head": 4,
    "betas": [
      0.9,
      0.95
    ],
    "grad_clip": 1,
    "test_batch_size": 64,
    "loss_threshold": 0.0017157108429701616,
    "compute_budget": 100000000000,
    "validation_ratio": 0.005,
    "bias": false,
    "n_layer": 4,
    "max_steps": 140,
    "task": "graph_depth_first_search",
    "project_name": "binary-graph_depth_first_search1-gridsearch-11-normal-11111-iteration-113030",
    "n_embd": 64
  },
  "summary": {
    "_runtime": 835.1533105373383,
    "_step": 147,
    "_timestamp": 1735481636.9861135,
    "_wandb.runtime": 834,
    "epoch": 1,
    "lr-AdamW": 0.0003153541584792259,
    "test_acc_result": 0,
    "total_compute": 190281154560,
    "train_loss_epoch": 2.285412073135376,
    "train_loss_step": 2.001406669616699,
    "trainer/global_step": 140,
    "val_loss": 2.0158963203430176
  }
}