{
  "config": {
    "compute_budget": 100000000000,
    "task": "graph_depth_first_search",
    "precision": "32",
    "weight_decay": 0.1,
    "betas": [
      0.9,
      0.95
    ],
    "dropout": 0,
    "task_length": 11,
    "lr": 0.001,
    "log_gradients": false,
    "loss_threshold": 0.0017157108429701616,
    "run_id": "b1542f34-6a46-4f04-84c6-89af9e11f9f5",
    "max_steps": 222,
    "mask_idx": 23,
    "test_dataset_filepath": "./datasets/graph_depth_first_search/1/11/normal/11111/10/True/True/1/16/4/4/38928/34095/test_dataset",
    "test_batch_size": 64,
    "train_dataset_filepath": "./datasets/graph_depth_first_search/1/11/normal/11111/10/True/True/1/16/4/4/38928/34095/train_dataset",
    "threshold_testing": false,
    "validation_ratio": 0.005,
    "bias": false,
    "n_layer": 4,
    "method": "normal",
    "val_dataset_filepath": "./datasets/graph_depth_first_search/1/11/normal/11111/10/True/True/1/16/4/4/38928/34095/val_dataset",
    "seed": 34095,
    "batch_size": 64,
    "grad_clip": 1,
    "warmup_ratio": 0.1,
    "early_stopping": false,
    "project_name": "binary-graph_depth_first_search1-gridsearch-11-normal-11111-iteration-113030",
    "n_head": 4,
    "n_embd": 16
  },
  "summary": {
    "_runtime": 775.4347014427185,
    "_step": 233,
    "_timestamp": 1735481388.5246553,
    "_wandb.runtime": 774,
    "epoch": 1,
    "lr-AdamW": 0.0001290501861265597,
    "test_acc_result": 0,
    "total_compute": 213782888448,
    "train_loss_epoch": 2.5606603622436523,
    "train_loss_step": 2.296952486038208,
    "trainer/global_step": 222,
    "val_loss": 2.2863078117370605
  }
}