{
  "config": {
    "log_gradients": false,
    "train_dataset_filepath": "./datasets/graph_depth_first_search/1/11/normal/11111/1000/True/True/1/512/4/4/29607/31135/train_dataset",
    "n_embd": 512,
    "threshold_testing": false,
    "batch_size": 64,
    "method": "normal",
    "project_name": "binary-graph_depth_first_search1-gridsearch-11-normal-11111-iteration-113030",
    "task": "graph_depth_first_search",
    "n_head": 4,
    "n_layer": 4,
    "grad_clip": 1,
    "test_dataset_filepath": "./datasets/graph_depth_first_search/1/11/normal/11111/1000/True/True/1/512/4/4/29607/31135/test_dataset",
    "betas": [
      0.9,
      0.95
    ],
    "task_length": 11,
    "test_batch_size": 64,
    "mask_idx": 23,
    "warmup_ratio": 0.1,
    "precision": "32",
    "loss_threshold": 0.0017157108429701616,
    "lr": 0.1,
    "bias": false,
    "weight_decay": 0.1,
    "seed": 31135,
    "val_dataset_filepath": "./datasets/graph_depth_first_search/1/11/normal/11111/1000/True/True/1/512/4/4/29607/31135/val_dataset",
    "validation_ratio": 0.005,
    "run_id": "96ac3005-c0e2-408e-a8cb-b226a451240a",
    "dropout": 0,
    "max_steps": 1,
    "early_stopping": false,
    "compute_budget": 100000000000
  },
  "summary": {
    "_runtime": 7.927096128463745,
    "_step": 3,
    "_timestamp": 1735487344.5785162,
    "epoch": 1,
    "total_compute": 611240116224,
    "train_loss_epoch": 3.425748348236084,
    "trainer/global_step": 1,
    "val_loss": 9.3091402053833
  }
}