{
  "config": {
    "warmup_ratio": 0.1,
    "run_id": "2ceb79d5-984d-4904-9fbf-1c714146f62a",
    "compute_budget": 100000000000,
    "test_batch_size": 64,
    "betas": [
      0.9,
      0.95
    ],
    "grad_clip": 1,
    "early_stopping": false,
    "test_dataset_filepath": "./datasets/graph_depth_first_search/1/11/normal/11111/1/True/True/1/256/16/4/22207/6638/test_dataset",
    "val_dataset_filepath": "./datasets/graph_depth_first_search/1/11/normal/11111/1/True/True/1/256/16/4/22207/6638/val_dataset",
    "project_name": "binary-graph_depth_first_search1-gridsearch-11-normal-11111-iteration-113030",
    "n_embd": 256,
    "loss_threshold": 0.0017157108429701616,
    "seed": 6638,
    "dropout": 0,
    "batch_size": 64,
    "log_gradients": false,
    "mask_idx": 23,
    "weight_decay": 0.1,
    "task_length": 11,
    "lr": 0.0001,
    "max_steps": 1,
    "validation_ratio": 0.005,
    "n_head": 4,
    "bias": false,
    "precision": "32",
    "n_layer": 16,
    "threshold_testing": false,
    "method": "normal",
    "task": "graph_depth_first_search",
    "train_dataset_filepath": "./datasets/graph_depth_first_search/1/11/normal/11111/1/True/True/1/256/16/4/22207/6638/train_dataset"
  },
  "summary": {
    "_runtime": 1159.7348990440369,
    "_step": 4,
    "_timestamp": 1735483561.271573,
    "_wandb.runtime": 1159,
    "epoch": 1,
    "test_acc_result": 0,
    "total_compute": 623332294656,
    "train_loss_epoch": 3.4648654460906982,
    "trainer/global_step": 1,
    "val_loss": 2.989936590194702
  }
}