{
  "config": {
    "lr": 0.1,
    "grad_clip": 1,
    "validation_ratio": 0.005,
    "method": "normal",
    "val_dataset_filepath": "./datasets/graph_depth_first_search/1/11/normal/11111/1000/True/True/1/8/4/4/28973/19125/val_dataset",
    "mask_idx": 23,
    "compute_budget": 100000000000,
    "train_dataset_filepath": "./datasets/graph_depth_first_search/1/11/normal/11111/1000/True/True/1/8/4/4/28973/19125/train_dataset",
    "log_gradients": false,
    "n_embd": 8,
    "early_stopping": false,
    "loss_threshold": 0.0017157108429701616,
    "test_dataset_filepath": "./datasets/graph_depth_first_search/1/11/normal/11111/1000/True/True/1/8/4/4/28973/19125/test_dataset",
    "project_name": "binary-graph_depth_first_search1-gridsearch-11-normal-11111-iteration-113030",
    "dropout": 0,
    "max_steps": 715,
    "warmup_ratio": 0.1,
    "run_id": "4245cf8c-7b6a-4c7e-8ca3-e3013d81be55",
    "weight_decay": 0.1,
    "test_batch_size": 64,
    "n_head": 4,
    "precision": "32",
    "task": "graph_depth_first_search",
    "batch_size": 64,
    "bias": false,
    "threshold_testing": false,
    "n_layer": 4,
    "task_length": 11,
    "seed": 19125,
    "betas": [
      0.9,
      0.95
    ]
  },
  "summary": {
    "_runtime": 1007.5705516338348,
    "_step": 269,
    "_timestamp": 1735485044.0869346,
    "_wandb.runtime": 1007,
    "epoch": 1,
    "lr-AdamW": 0.010137002976281251,
    "test_acc_result": 0.0010000000474974513,
    "total_compute": 239679897600,
    "train_loss_epoch": 1.415160059928894,
    "train_loss_step": 1.1771968603134155,
    "trainer/global_step": 715,
    "val_loss": 1.1048656702041626
  }
}