{
  "config": {
    "val_dataset_filepath": "./datasets/graph_depth_first_search/1/11/normal/11111/100/True/True/1/8/16/4/32050/10574/val_dataset",
    "early_stopping": false,
    "mask_idx": 23,
    "lr": 0.01,
    "task_length": 11,
    "n_head": 4,
    "batch_size": 64,
    "n_embd": 8,
    "weight_decay": 0.1,
    "validation_ratio": 0.005,
    "warmup_ratio": 0.1,
    "task": "graph_depth_first_search",
    "project_name": "binary-graph_depth_first_search1-gridsearch-11-normal-11111-iteration-113030",
    "betas": [
      0.9,
      0.95
    ],
    "method": "normal",
    "run_id": "9522e922-b208-4a99-ad56-271f7ac44775",
    "n_layer": 16,
    "seed": 10574,
    "compute_budget": 100000000000,
    "test_batch_size": 64,
    "loss_threshold": 0.0017157108429701616,
    "bias": false,
    "train_dataset_filepath": "./datasets/graph_depth_first_search/1/11/normal/11111/100/True/True/1/8/16/4/32050/10574/train_dataset",
    "precision": "32",
    "log_gradients": false,
    "dropout": 0,
    "threshold_testing": false,
    "grad_clip": 1,
    "max_steps": 179,
    "test_dataset_filepath": "./datasets/graph_depth_first_search/1/11/normal/11111/100/True/True/1/8/16/4/32050/10574/test_dataset"
  },
  "summary": {
    "_runtime": 1379.153698682785,
    "_step": 188,
    "_timestamp": 1735483593.8532088,
    "_wandb.runtime": 1378,
    "epoch": 1,
    "lr-AdamW": 0.0017403048486417869,
    "test_acc_result": 0,
    "total_compute": 240015114240,
    "train_loss_epoch": 2.1111819744110107,
    "train_loss_step": 1.7797671556472778,
    "trainer/global_step": 179,
    "val_loss": 1.7043260335922241
  }
}