{
  "config": {
    "task_length": 11,
    "threshold_testing": false,
    "run_id": "50f15fa4-a8da-41d2-a7a0-4583ec6a7299",
    "warmup_ratio": 0.1,
    "seed": 20016,
    "train_dataset_filepath": "./datasets/graph_depth_first_search/1/11/normal/11111/1000/True/True/1/256/4/4/15898/20016/train_dataset",
    "test_dataset_filepath": "./datasets/graph_depth_first_search/1/11/normal/11111/1000/True/True/1/256/4/4/15898/20016/test_dataset",
    "dropout": 0,
    "weight_decay": 0.1,
    "validation_ratio": 0.005,
    "precision": "32",
    "n_head": 4,
    "loss_threshold": 0.0017157108429701616,
    "task": "graph_depth_first_search",
    "n_embd": 256,
    "early_stopping": false,
    "test_batch_size": 64,
    "n_layer": 4,
    "project_name": "binary-graph_depth_first_search1-gridsearch-11-normal-11111-iteration-113030",
    "bias": false,
    "mask_idx": 23,
    "compute_budget": 100000000000,
    "betas": [
      0.9,
      0.95
    ],
    "method": "normal",
    "val_dataset_filepath": "./datasets/graph_depth_first_search/1/11/normal/11111/1000/True/True/1/256/4/4/15898/20016/val_dataset",
    "lr": 0.1,
    "log_gradients": false,
    "batch_size": 64,
    "grad_clip": 1,
    "max_steps": 2
  },
  "summary": {
    "_runtime": 105.51532936096191,
    "_step": 5,
    "_timestamp": 1735487212.5522294,
    "_wandb.runtime": 104,
    "epoch": 1,
    "test_acc_result": 0,
    "total_compute": 311666147328,
    "train_loss_epoch": 4.045921325683594,
    "trainer/global_step": 2,
    "val_loss": 5.014447212219238
  }
}