{
  "config": {
    "mask_idx": 23,
    "n_layer": 4,
    "loss_threshold": 0.0017157108429701616,
    "n_embd": 16,
    "train_dataset_filepath": "./datasets/graph_depth_first_search/1/11/normal/11111/1/True/True/1/16/4/4/35682/3567/train_dataset",
    "grad_clip": 1,
    "validation_ratio": 0.005,
    "project_name": "binary-graph_depth_first_search1-gridsearch-11-normal-11111-iteration-113040",
    "method": "normal",
    "task_length": 11,
    "test_batch_size": 64,
    "task": "graph_depth_first_search",
    "seed": 3567,
    "test_dataset_filepath": "./datasets/graph_depth_first_search/1/11/normal/11111/1/True/True/1/16/4/4/35682/3567/test_dataset",
    "early_stopping": false,
    "val_dataset_filepath": "./datasets/graph_depth_first_search/1/11/normal/11111/1/True/True/1/16/4/4/35682/3567/val_dataset",
    "n_head": 4,
    "compute_budget": 1000000000000,
    "bias": false,
    "threshold_testing": false,
    "dropout": 0,
    "run_id": "90e3529c-0aa0-4023-beaf-8f29c895dddd",
    "betas": [
      0.9,
      0.95
    ],
    "max_steps": 2283,
    "precision": "32",
    "batch_size": 64,
    "lr": 0.0001,
    "weight_decay": 0.1,
    "log_gradients": false,
    "warmup_ratio": 0.1
  },
  "summary": {
    "_runtime": 346.2735149860382,
    "_step": 300,
    "_timestamp": 1735475614.938315,
    "_wandb.runtime": 345,
    "epoch": 1,
    "lr-AdamW": 1.0060774118160043e-05,
    "test_acc_result": 0,
    "total_compute": 2198497001472,
    "train_loss_epoch": 2.456995725631714,
    "train_loss_step": 2.1204981803894043,
    "trainer/global_step": 2283,
    "val_loss": 2.10183048248291
  }
}