{
  "config": {
    "dropout": 0,
    "max_steps": 95,
    "run_id": "ce1897e6-9905-49e7-8326-e7dd70d0226f",
    "mask_idx": 23,
    "task": "graph_depth_first_search",
    "loss_threshold": 0.0017157108429701616,
    "grad_clip": 1,
    "lr": 0.1,
    "seed": 23459,
    "project_name": "binary-graph_depth_first_search1-gridsearch-11-normal-11111-iteration-113040",
    "log_gradients": false,
    "threshold_testing": false,
    "task_length": 11,
    "n_layer": 4,
    "compute_budget": 1000000000000,
    "early_stopping": false,
    "validation_ratio": 0.005,
    "batch_size": 8,
    "bias": false,
    "n_embd": 256,
    "train_dataset_filepath": "./datasets/graph_depth_first_search/1/11/normal/11111/1000/True/True/1/256/4/4/2993/23459/train_dataset",
    "n_head": 4,
    "method": "normal",
    "warmup_ratio": 0.1,
    "test_dataset_filepath": "./datasets/graph_depth_first_search/1/11/normal/11111/1000/True/True/1/256/4/4/2993/23459/test_dataset",
    "test_batch_size": 64,
    "val_dataset_filepath": "./datasets/graph_depth_first_search/1/11/normal/11111/1000/True/True/1/256/4/4/2993/23459/val_dataset",
    "precision": "32",
    "weight_decay": 0.1,
    "betas": [
      0.9,
      0.95
    ]
  },
  "summary": {
    "_runtime": 221.52251386642456,
    "_step": 100,
    "_timestamp": 1735475067.1973338,
    "_wandb.runtime": 220,
    "epoch": 1,
    "lr-AdamW": 0.05992170437700436,
    "test_acc_result": 0,
    "total_compute": 1850517749760,
    "train_loss_epoch": 3.039964199066162,
    "train_loss_step": 2.3644509315490723,
    "trainer/global_step": 95,
    "val_loss": 2.270671844482422
  }
}