{
  "config": {
    "train_dataset_filepath": "./datasets/graph_depth_first_search/1/11/normal/11111/1000/True/True/1/64/4/4/19844/253/train_dataset",
    "test_dataset_filepath": "./datasets/graph_depth_first_search/1/11/normal/11111/1000/True/True/1/64/4/4/19844/253/test_dataset",
    "betas": [
      0.9,
      0.95
    ],
    "compute_budget": 1000000000000,
    "n_layer": 4,
    "lr": 0.1,
    "warmup_ratio": 0.1,
    "test_batch_size": 64,
    "n_embd": 64,
    "precision": "32",
    "task_length": 11,
    "batch_size": 64,
    "run_id": "0e328658-f924-4c26-91f5-5cdf7347a8d2",
    "seed": 253,
    "loss_threshold": 0.0017157108429701616,
    "weight_decay": 0.1,
    "n_head": 4,
    "grad_clip": 1,
    "max_steps": 176,
    "log_gradients": false,
    "validation_ratio": 0.005,
    "mask_idx": 23,
    "val_dataset_filepath": "./datasets/graph_depth_first_search/1/11/normal/11111/1000/True/True/1/64/4/4/19844/253/val_dataset",
    "method": "normal",
    "task": "graph_depth_first_search",
    "threshold_testing": false,
    "early_stopping": false,
    "dropout": 0,
    "bias": false,
    "project_name": "binary-graph_depth_first_search1-gridsearch-11-normal-11111-iteration-113040"
  },
  "summary": {
    "_runtime": 571.0608198642731,
    "_step": 185,
    "_timestamp": 1735467924.8589919,
    "_wandb.runtime": 570,
    "epoch": 1,
    "lr-AdamW": 0.016253037470469002,
    "test_acc_result": 0,
    "total_compute": 1913684754432,
    "train_loss_epoch": 2.141557216644287,
    "train_loss_step": 1.9534410238265991,
    "trainer/global_step": 176,
    "val_loss": 1.852349877357483
  }
}