{
  "config": {
    "betas": [
      0.9,
      0.95
    ],
    "precision": "32",
    "batch_size": 64,
    "dropout": 0,
    "lr": 0.001,
    "train_dataset_filepath": "./datasets/graph_depth_first_search/1/11/normal/11111/10/True/True/1/128/4/4/29687/589/train_dataset",
    "task_length": 11,
    "project_name": "binary-graph_depth_first_search1-gridsearch-11-normal-11111-iteration-113040",
    "val_dataset_filepath": "./datasets/graph_depth_first_search/1/11/normal/11111/10/True/True/1/128/4/4/29687/589/val_dataset",
    "loss_threshold": 0.0017157108429701616,
    "n_layer": 4,
    "threshold_testing": false,
    "bias": false,
    "warmup_ratio": 0.1,
    "early_stopping": false,
    "task": "graph_depth_first_search",
    "grad_clip": 1,
    "compute_budget": 1000000000000,
    "run_id": "3067fab6-f5ed-474c-98c0-c103019e6670",
    "weight_decay": 0.1,
    "n_embd": 128,
    "mask_idx": 23,
    "log_gradients": false,
    "method": "normal",
    "n_head": 4,
    "test_batch_size": 64,
    "seed": 589,
    "test_dataset_filepath": "./datasets/graph_depth_first_search/1/11/normal/11111/10/True/True/1/128/4/4/29687/589/test_dataset",
    "max_steps": 47,
    "validation_ratio": 0.005
  },
  "summary": {
    "_runtime": 204.2487554550171,
    "_step": 50,
    "_timestamp": 1735467019.3805614,
    "_wandb.runtime": 203,
    "epoch": 1,
    "test_acc_result": 0,
    "total_compute": 1902080163840,
    "train_loss_epoch": 2.284285306930542,
    "trainer/global_step": 47,
    "val_loss": 1.9854533672332764
  }
}