{
  "config": {
    "dropout": 0,
    "val_dataset_filepath": "./datasets/graph_depth_first_search/1/11/normal/11111/1/True/True/1/64/16/4/33212/13838/val_dataset",
    "n_embd": 64,
    "run_id": "36b8be48-4086-4b5e-bec9-acd06f25cfd1",
    "loss_threshold": 0.0017157108429701616,
    "betas": [
      0.9,
      0.95
    ],
    "weight_decay": 0.1,
    "bias": false,
    "log_gradients": false,
    "test_batch_size": 64,
    "project_name": "binary-graph_depth_first_search1-gridsearch-11-normal-11111-iteration-113040",
    "grad_clip": 1,
    "lr": 0.0001,
    "method": "normal",
    "n_layer": 16,
    "train_dataset_filepath": "./datasets/graph_depth_first_search/1/11/normal/11111/1/True/True/1/64/16/4/33212/13838/train_dataset",
    "test_dataset_filepath": "./datasets/graph_depth_first_search/1/11/normal/11111/1/True/True/1/64/16/4/33212/13838/test_dataset",
    "mask_idx": 23,
    "task": "graph_depth_first_search",
    "precision": "32",
    "early_stopping": false,
    "validation_ratio": 0.005,
    "threshold_testing": false,
    "seed": 13838,
    "max_steps": 351,
    "compute_budget": 1000000000000,
    "task_length": 11,
    "batch_size": 8,
    "n_head": 4,
    "warmup_ratio": 0.1
  },
  "summary": {
    "_runtime": 670.2948095798492,
    "_step": 368,
    "_timestamp": 1735478058.8689797,
    "_wandb.runtime": 669,
    "epoch": 1,
    "lr-AdamW": 1.000889516034705e-05,
    "test_acc_result": 0,
    "total_compute": 1908248150016,
    "train_loss_epoch": 2.4047088623046875,
    "train_loss_step": 2.2128641605377197,
    "trainer/global_step": 351,
    "val_loss": 2.2055633068084717
  }
}