{
  "config": {
    "test_batch_size": 64,
    "method": "normal",
    "max_steps": 165,
    "batch_size": 64,
    "n_embd": 32,
    "validation_ratio": 0.005,
    "n_layer": 16,
    "betas": [
      0.9,
      0.95
    ],
    "loss_threshold": 0.0017157108429701616,
    "warmup_ratio": 0.1,
    "dropout": 0,
    "train_dataset_filepath": "./datasets/graph_depth_first_search/1/11/normal/11111/100/True/True/1/32/16/4/15023/25612/train_dataset",
    "log_gradients": false,
    "val_dataset_filepath": "./datasets/graph_depth_first_search/1/11/normal/11111/100/True/True/1/32/16/4/15023/25612/val_dataset",
    "seed": 25612,
    "early_stopping": false,
    "n_head": 4,
    "mask_idx": 23,
    "project_name": "binary-graph_depth_first_search1-gridsearch-11-normal-11111-iteration-113040",
    "run_id": "a983e5dc-7e6b-4981-84a9-9c2b168dcb62",
    "compute_budget": 1000000000000,
    "task": "graph_depth_first_search",
    "bias": false,
    "precision": "32",
    "threshold_testing": false,
    "grad_clip": 1,
    "test_dataset_filepath": "./datasets/graph_depth_first_search/1/11/normal/11111/100/True/True/1/32/16/4/15023/25612/test_dataset",
    "task_length": 11,
    "lr": 0.01,
    "weight_decay": 0.1
  },
  "summary": {
    "_runtime": 578.375,
    "_step": 174,
    "_timestamp": 1735472364.601414,
    "_wandb.runtime": 577,
    "epoch": 1,
    "lr-AdamW": 0.001253645395652481,
    "test_acc_result": 0.004999999888241291,
    "total_compute": 2043480637440,
    "train_loss_epoch": 1.3551738262176514,
    "train_loss_step": 0.7676640748977661,
    "trainer/global_step": 165,
    "val_loss": 0.7511486411094666
  }
}