{
  "config": {
    "bias": false,
    "seed": 24765,
    "method": "normal",
    "betas": [
      0.9,
      0.95
    ],
    "weight_decay": 0.1,
    "max_steps": 12,
    "test_dataset_filepath": "./datasets/graph_depth_first_search/1/11/normal/11111/100/True/True/1/256/4/4/23352/24765/test_dataset",
    "mask_idx": 23,
    "lr": 0.01,
    "threshold_testing": false,
    "n_embd": 256,
    "test_batch_size": 64,
    "loss_threshold": 0.0017157108429701616,
    "log_gradients": false,
    "dropout": 0,
    "warmup_ratio": 0.1,
    "run_id": "8f717c1b-b47e-44ec-8791-458c96eb9d26",
    "task": "graph_depth_first_search",
    "compute_budget": 1000000000000,
    "precision": "32",
    "train_dataset_filepath": "./datasets/graph_depth_first_search/1/11/normal/11111/100/True/True/1/256/4/4/23352/24765/train_dataset",
    "batch_size": 64,
    "val_dataset_filepath": "./datasets/graph_depth_first_search/1/11/normal/11111/100/True/True/1/256/4/4/23352/24765/val_dataset",
    "n_head": 4,
    "validation_ratio": 0.005,
    "n_layer": 4,
    "grad_clip": 1,
    "early_stopping": false,
    "task_length": 11,
    "project_name": "binary-graph_depth_first_search1-gridsearch-11-normal-11111-iteration-113040"
  },
  "summary": {
    "_runtime": 435.0443449020386,
    "_step": 15,
    "_timestamp": 1735475263.3786578,
    "_wandb.runtime": 434,
    "epoch": 1,
    "test_acc_result": 0,
    "total_compute": 1869996883968,
    "train_loss_epoch": 2.940333366394043,
    "trainer/global_step": 12,
    "val_loss": 2.4224398136138916
  }
}