{
  "config": {
    "compute_budget": 1000000000000,
    "mask_idx": 23,
    "task": "graph_depth_first_search",
    "train_dataset_filepath": "./datasets/graph_depth_first_search/1/11/normal/11111/1000/True/True/1/256/16/4/18544/4169/train_dataset",
    "method": "normal",
    "n_head": 4,
    "task_length": 11,
    "weight_decay": 0.1,
    "grad_clip": 1,
    "lr": 0.1,
    "max_steps": 3,
    "test_batch_size": 64,
    "project_name": "binary-graph_depth_first_search1-gridsearch-11-normal-11111-iteration-113040",
    "batch_size": 64,
    "bias": false,
    "precision": "32",
    "betas": [
      0.9,
      0.95
    ],
    "val_dataset_filepath": "./datasets/graph_depth_first_search/1/11/normal/11111/1000/True/True/1/256/16/4/18544/4169/val_dataset",
    "seed": 4169,
    "dropout": 0,
    "loss_threshold": 0.0017157108429701616,
    "validation_ratio": 0.005,
    "run_id": "19f6dcb2-08a1-4d6e-b9aa-4b06890f82a0",
    "n_embd": 256,
    "warmup_ratio": 0.1,
    "log_gradients": false,
    "threshold_testing": false,
    "n_layer": 16,
    "early_stopping": false,
    "test_dataset_filepath": "./datasets/graph_depth_first_search/1/11/normal/11111/1000/True/True/1/256/16/4/18544/4169/test_dataset"
  },
  "summary": {
    "_runtime": 472.1017851829529,
    "_step": 6,
    "_timestamp": 1735477878.5558832,
    "_wandb.runtime": 471,
    "epoch": 1,
    "test_acc_result": 0,
    "total_compute": 1869996883968,
    "train_loss_epoch": 4.959957599639893,
    "trainer/global_step": 3,
    "val_loss": 6.069815635681152
  }
}