{
  "config": {
    "val_dataset_filepath": "./datasets/graph_depth_first_search/1/11/normal/11111/1/True/True/1/128/4/4/30059/15807/val_dataset",
    "grad_clip": 1,
    "dropout": 0,
    "warmup_ratio": 0.1,
    "run_id": "0c6af3a8-9b1a-4792-addd-5eb400a5cc4b",
    "weight_decay": 0.1,
    "max_steps": 368,
    "project_name": "binary-graph_depth_first_search1-gridsearch-11-normal-11111-iteration-113040",
    "test_dataset_filepath": "./datasets/graph_depth_first_search/1/11/normal/11111/1/True/True/1/128/4/4/30059/15807/test_dataset",
    "seed": 15807,
    "log_gradients": false,
    "precision": "32",
    "lr": 0.0001,
    "mask_idx": 23,
    "early_stopping": false,
    "validation_ratio": 0.005,
    "loss_threshold": 0.0017157108429701616,
    "batch_size": 8,
    "method": "normal",
    "threshold_testing": false,
    "n_layer": 4,
    "n_embd": 128,
    "bias": false,
    "n_head": 4,
    "betas": [
      0.9,
      0.95
    ],
    "compute_budget": 1000000000000,
    "task": "graph_depth_first_search",
    "task_length": 11,
    "test_batch_size": 64,
    "train_dataset_filepath": "./datasets/graph_depth_first_search/1/11/normal/11111/1/True/True/1/128/4/4/30059/15807/train_dataset"
  },
  "summary": {
    "_runtime": 374.57935404777527,
    "_step": 385,
    "_timestamp": 1735475810.538587,
    "_wandb.runtime": 373,
    "epoch": 1,
    "lr-AdamW": 1.0725342496672538e-05,
    "test_acc_result": 0,
    "total_compute": 1861610373120,
    "train_loss_epoch": 2.277055263519287,
    "train_loss_step": 2.0445542335510254,
    "trainer/global_step": 368,
    "val_loss": 2.038335084915161
  }
}