{
  "config": {
    "early_stopping": false,
    "precision": "32",
    "max_steps": 91,
    "lr": 0.001,
    "n_layer": 16,
    "threshold_testing": false,
    "log_gradients": false,
    "train_dataset_filepath": "./datasets/graph_depth_first_search/1/11/normal/11111/10/True/True/1/128/16/4/10734/21809/train_dataset",
    "project_name": "binary-graph_depth_first_search1-gridsearch-11-normal-11111-iteration-113040",
    "loss_threshold": 0.0017157108429701616,
    "mask_idx": 23,
    "weight_decay": 0.1,
    "val_dataset_filepath": "./datasets/graph_depth_first_search/1/11/normal/11111/10/True/True/1/128/16/4/10734/21809/val_dataset",
    "task_length": 11,
    "warmup_ratio": 0.1,
    "betas": [
      0.9,
      0.95
    ],
    "bias": false,
    "n_embd": 128,
    "run_id": "c002c73d-9884-42d9-973d-5c9d0a191dfe",
    "compute_budget": 1000000000000,
    "task": "graph_depth_first_search",
    "test_dataset_filepath": "./datasets/graph_depth_first_search/1/11/normal/11111/10/True/True/1/128/16/4/10734/21809/test_dataset",
    "validation_ratio": 0.005,
    "method": "normal",
    "dropout": 0,
    "batch_size": 8,
    "seed": 21809,
    "n_head": 4,
    "test_batch_size": 64,
    "grad_clip": 1
  },
  "summary": {
    "_runtime": 290.89893436431885,
    "_step": 96,
    "_timestamp": 1735472976.2653003,
    "_wandb.runtime": 290,
    "epoch": 1,
    "lr-AdamW": 0.0005672362301605159,
    "test_acc_result": 0,
    "total_compute": 1841375477760,
    "train_loss_epoch": 2.0936055183410645,
    "train_loss_step": 1.9621607065200806,
    "trainer/global_step": 91,
    "val_loss": 1.67499577999115
  }
}