{
  "config": {
    "n_layer": 4,
    "loss_threshold": 0.0017157108429701616,
    "task_length": 11,
    "method": "normal",
    "log_gradients": false,
    "warmup_ratio": 0.1,
    "project_name": "binary-graph_depth_first_search1-gridsearch-11-normal-11111-iteration-113040",
    "threshold_testing": false,
    "lr": 0.01,
    "max_steps": 1404,
    "train_dataset_filepath": "./datasets/graph_depth_first_search/1/11/normal/11111/100/True/True/1/64/4/4/29226/2587/train_dataset",
    "seed": 2587,
    "bias": false,
    "precision": "32",
    "dropout": 0,
    "val_dataset_filepath": "./datasets/graph_depth_first_search/1/11/normal/11111/100/True/True/1/64/4/4/29226/2587/val_dataset",
    "n_head": 4,
    "batch_size": 8,
    "mask_idx": 23,
    "compute_budget": 1000000000000,
    "grad_clip": 1,
    "n_embd": 64,
    "run_id": "1419f5f6-b969-40fd-a014-e48949def17d",
    "betas": [
      0.9,
      0.95
    ],
    "test_batch_size": 64,
    "test_dataset_filepath": "./datasets/graph_depth_first_search/1/11/normal/11111/100/True/True/1/64/4/4/29226/2587/test_dataset",
    "validation_ratio": 0.005,
    "weight_decay": 0.1,
    "task": "graph_depth_first_search",
    "early_stopping": false
  },
  "summary": {
    "_runtime": 385.62834572792053,
    "_step": 259,
    "_timestamp": 1735475050.1345136,
    "_wandb.runtime": 384,
    "epoch": 1,
    "lr-AdamW": 0.0010003474741770995,
    "test_acc_result": 0.008999999612569809,
    "total_compute": 1908248150016,
    "train_loss_epoch": 1.0088869333267212,
    "train_loss_step": 0.7552515864372253,
    "trainer/global_step": 1404,
    "val_loss": 0.7087812423706055
  }
}