{
  "config": {
    "val_dataset_filepath": "./datasets/graph_depth_first_search/1/11/normal/11111/1000/True/True/1/64/16/4/22614/6309/val_dataset",
    "loss_threshold": 0.0017157108429701616,
    "validation_ratio": 0.005,
    "batch_size": 8,
    "task": "graph_depth_first_search",
    "train_dataset_filepath": "./datasets/graph_depth_first_search/1/11/normal/11111/1000/True/True/1/64/16/4/22614/6309/train_dataset",
    "compute_budget": 1000000000000,
    "dropout": 0,
    "bias": false,
    "warmup_ratio": 0.1,
    "lr": 0.1,
    "precision": "32",
    "task_length": 11,
    "test_batch_size": 64,
    "n_layer": 16,
    "weight_decay": 0.1,
    "run_id": "a3221614-4549-4c78-8dd5-4157549f911c",
    "early_stopping": false,
    "seed": 6309,
    "n_embd": 64,
    "grad_clip": 1,
    "mask_idx": 23,
    "betas": [
      0.9,
      0.95
    ],
    "method": "normal",
    "log_gradients": false,
    "project_name": "binary-graph_depth_first_search1-gridsearch-11-normal-11111-iteration-113040",
    "test_dataset_filepath": "./datasets/graph_depth_first_search/1/11/normal/11111/1000/True/True/1/64/16/4/22614/6309/test_dataset",
    "max_steps": 356,
    "n_head": 4,
    "threshold_testing": false
  },
  "summary": {
    "_runtime": 1540.9128487110138,
    "_step": 373,
    "_timestamp": 1735472443.8896136,
    "_wandb.runtime": 1540,
    "epoch": 1,
    "lr-AdamW": 0.010105559764577235,
    "test_acc_result": 0,
    "total_compute": 1935431172096,
    "train_loss_epoch": 2.2637364864349365,
    "train_loss_step": 1.753309965133667,
    "trainer/global_step": 356,
    "val_loss": 1.8270395994186401
  }
}