{
  "config": {
    "batch_size": 8,
    "weight_decay": 0.1,
    "betas": [
      0.9,
      0.95
    ],
    "early_stopping": false,
    "max_steps": 58002,
    "mask_idx": 23,
    "task_length": 11,
    "bias": false,
    "log_gradients": false,
    "grad_clip": 1,
    "n_embd": 8,
    "train_dataset_filepath": "./datasets/graph_depth_first_search/1/11/normal/11111/1000/True/True/1/8/4/4/24232/4888/train_dataset",
    "threshold_testing": false,
    "loss_threshold": 0.0017157108429701616,
    "run_id": "ecedbeb9-f96e-4904-871d-09407d5c2ce6",
    "n_head": 4,
    "project_name": "binary-graph_depth_first_search1-gridsearch-11-normal-11111-iteration-113040",
    "precision": "32",
    "test_dataset_filepath": "./datasets/graph_depth_first_search/1/11/normal/11111/1000/True/True/1/8/4/4/24232/4888/test_dataset",
    "warmup_ratio": 0.1,
    "val_dataset_filepath": "./datasets/graph_depth_first_search/1/11/normal/11111/1000/True/True/1/8/4/4/24232/4888/val_dataset",
    "lr": 0.1,
    "seed": 4888,
    "validation_ratio": 0.005,
    "n_layer": 4,
    "task": "graph_depth_first_search",
    "method": "normal",
    "compute_budget": 1000000000000,
    "test_batch_size": 64,
    "dropout": 0
  },
  "summary": {
    "_runtime": 2185.227153301239,
    "_step": 2523,
    "_timestamp": 1735476706.2134702,
    "_wandb.runtime": 2184,
    "epoch": 1,
    "lr-AdamW": 0.010000000733416184,
    "test_acc_result": 0,
    "total_compute": 2430404444160,
    "train_loss_epoch": 1.4764078855514526,
    "train_loss_step": 1.1042253971099854,
    "trainer/global_step": 58002,
    "val_loss": 1.223060965538025
  }
}