{
  "config": {
    "test_batch_size": 64,
    "warmup_ratio": 0.1,
    "weight_decay": 0.1,
    "n_layer": 4,
    "bias": false,
    "project_name": "binary-graph_depth_first_search1-gridsearch-11-normal-11111-iteration-113040",
    "seed": 28793,
    "dropout": 0,
    "train_dataset_filepath": "./datasets/graph_depth_first_search/1/11/normal/11111/1/True/True/1/128/4/4/20634/28793/train_dataset",
    "grad_clip": 1,
    "task_length": 11,
    "task": "graph_depth_first_search",
    "threshold_testing": false,
    "compute_budget": 1000000000000,
    "batch_size": 64,
    "mask_idx": 23,
    "betas": [
      0.9,
      0.95
    ],
    "run_id": "7c24ca8e-e9f7-4911-9a5b-55e1119680ed",
    "method": "normal",
    "lr": 0.0001,
    "early_stopping": false,
    "max_steps": 46,
    "loss_threshold": 0.0017157108429701616,
    "n_embd": 128,
    "test_dataset_filepath": "./datasets/graph_depth_first_search/1/11/normal/11111/1/True/True/1/128/4/4/20634/28793/test_dataset",
    "precision": "32",
    "validation_ratio": 0.005,
    "log_gradients": false,
    "n_head": 4,
    "val_dataset_filepath": "./datasets/graph_depth_first_search/1/11/normal/11111/1/True/True/1/128/4/4/20634/28793/val_dataset"
  },
  "summary": {
    "_runtime": 104.12754845619202,
    "_step": 49,
    "_timestamp": 1735474425.5143085,
    "_wandb.runtime": 103,
    "epoch": 1,
    "test_acc_result": 0,
    "total_compute": 1861610373120,
    "train_loss_epoch": 2.9053897857666016,
    "trainer/global_step": 46,
    "val_loss": 2.612699508666992
  }
}