{
  "config": {
    "max_steps": 93,
    "loss_threshold": 0.0017157108429701616,
    "train_dataset_filepath": "./datasets/graph_depth_first_search/1/11/normal/11111/1000/True/True/1/128/16/4/38658/17918/train_dataset",
    "early_stopping": false,
    "validation_ratio": 0.005,
    "betas": [
      0.9,
      0.95
    ],
    "weight_decay": 0.1,
    "bias": false,
    "batch_size": 8,
    "method": "normal",
    "log_gradients": false,
    "grad_clip": 1,
    "warmup_ratio": 0.1,
    "threshold_testing": false,
    "n_head": 4,
    "seed": 17918,
    "task": "graph_depth_first_search",
    "test_dataset_filepath": "./datasets/graph_depth_first_search/1/11/normal/11111/1000/True/True/1/128/16/4/38658/17918/test_dataset",
    "lr": 0.1,
    "mask_idx": 23,
    "precision": "32",
    "project_name": "binary-graph_depth_first_search1-gridsearch-11-normal-11111-iteration-113040",
    "test_batch_size": 64,
    "n_layer": 16,
    "n_embd": 128,
    "dropout": 0,
    "task_length": 11,
    "run_id": "279ca909-d7ba-4cb0-88d2-46d5ff7cdb56",
    "val_dataset_filepath": "./datasets/graph_depth_first_search/1/11/normal/11111/1000/True/True/1/128/16/4/38658/17918/val_dataset",
    "compute_budget": 1000000000000
  },
  "summary": {
    "_runtime": 470.2663450241089,
    "_step": 98,
    "_timestamp": 1735475151.52529,
    "_wandb.runtime": 469,
    "epoch": 1,
    "lr-AdamW": 0.0583628542113891,
    "test_acc_result": 0,
    "total_compute": 1881845268480,
    "train_loss_epoch": 2.7579073905944824,
    "train_loss_step": 2.634788751602173,
    "trainer/global_step": 93,
    "val_loss": 2.284158706665039
  }
}