{
  "config": {
    "precision": "32",
    "val_dataset_filepath": "./datasets/graph_depth_first_search/1/11/normal/11111/1000/True/True/1/16/4/4/28321/19525/val_dataset",
    "test_dataset_filepath": "./datasets/graph_depth_first_search/1/11/normal/11111/1000/True/True/1/16/4/4/28321/19525/test_dataset",
    "seed": 19525,
    "n_embd": 16,
    "grad_clip": 1,
    "test_batch_size": 64,
    "task": "graph_depth_first_search",
    "validation_ratio": 0.005,
    "threshold_testing": false,
    "method": "normal",
    "bias": false,
    "early_stopping": false,
    "n_layer": 4,
    "batch_size": 8,
    "warmup_ratio": 0.1,
    "task_length": 11,
    "lr": 0.1,
    "n_head": 4,
    "mask_idx": 23,
    "log_gradients": false,
    "weight_decay": 0.1,
    "dropout": 0,
    "project_name": "binary-graph_depth_first_search1-gridsearch-11-normal-11111-iteration-113040",
    "loss_threshold": 0.0017157108429701616,
    "run_id": "add0b7e4-201a-4257-8143-93a17e107ecf",
    "max_steps": 17866,
    "compute_budget": 1000000000000,
    "betas": [
      0.9,
      0.95
    ],
    "train_dataset_filepath": "./datasets/graph_depth_first_search/1/11/normal/11111/1000/True/True/1/16/4/4/28321/19525/train_dataset"
  },
  "summary": {
    "_runtime": 669.755966424942,
    "_step": 917,
    "_timestamp": 1735476733.3519895,
    "_wandb.runtime": 669,
    "epoch": 1,
    "lr-AdamW": 0.010000248203338185,
    "test_acc_result": 0.00800000037997961,
    "total_compute": 2150588448768,
    "train_loss_epoch": 1.2307260036468506,
    "train_loss_step": 0.9134958982467651,
    "trainer/global_step": 17866,
    "val_loss": 0.761308491230011
  }
}