{
  "config": {
    "seed": 33399,
    "n_embd": 16,
    "n_layer": 16,
    "run_id": "31d2880c-458d-4347-9bf1-70bf377718fd",
    "project_name": "binary-graph_depth_first_search1-gridsearch-11-normal-11111-iteration-113040",
    "mask_idx": 23,
    "val_dataset_filepath": "./datasets/graph_depth_first_search/1/11/normal/11111/100/True/True/1/16/16/4/37620/33399/val_dataset",
    "task_length": 11,
    "n_head": 4,
    "compute_budget": 1000000000000,
    "dropout": 0,
    "weight_decay": 0.1,
    "precision": "32",
    "batch_size": 8,
    "max_steps": 4543,
    "grad_clip": 1,
    "log_gradients": false,
    "method": "normal",
    "bias": false,
    "early_stopping": false,
    "warmup_ratio": 0.1,
    "lr": 0.01,
    "test_batch_size": 64,
    "betas": [
      0.9,
      0.95
    ],
    "test_dataset_filepath": "./datasets/graph_depth_first_search/1/11/normal/11111/100/True/True/1/16/16/4/37620/33399/test_dataset",
    "validation_ratio": 0.005,
    "loss_threshold": 0.0017157108429701616,
    "task": "graph_depth_first_search",
    "threshold_testing": false,
    "train_dataset_filepath": "./datasets/graph_depth_first_search/1/11/normal/11111/100/True/True/1/16/16/4/37620/33399/train_dataset"
  },
  "summary": {
    "_runtime": 622.2664611339569,
    "_step": 389,
    "_timestamp": 1735476559.0148482,
    "_wandb.runtime": 621,
    "epoch": 1,
    "lr-AdamW": 0.0010025710589571483,
    "test_acc_result": 0.0729999989271164,
    "total_compute": 2187422662656,
    "train_loss_epoch": 0.7705346345901489,
    "train_loss_step": 0.3955523669719696,
    "trainer/global_step": 4543,
    "val_loss": 0.43762534856796265
  }
}