{
  "config": {
    "task": "graph_depth_first_search",
    "bias": false,
    "weight_decay": 0.1,
    "method": "normal",
    "log_gradients": false,
    "project_name": "binary-graph_depth_first_search1-gridsearch-11-normal-11111-iteration-113040",
    "batch_size": 8,
    "max_steps": 24,
    "grad_clip": 1,
    "val_dataset_filepath": "./datasets/graph_depth_first_search/1/11/normal/11111/10/True/True/1/256/16/4/2573/34372/val_dataset",
    "precision": "32",
    "test_dataset_filepath": "./datasets/graph_depth_first_search/1/11/normal/11111/10/True/True/1/256/16/4/2573/34372/test_dataset",
    "dropout": 0,
    "n_embd": 256,
    "n_head": 4,
    "run_id": "ecfe3eea-a6a2-4c98-9f17-6bd7ab95caff",
    "train_dataset_filepath": "./datasets/graph_depth_first_search/1/11/normal/11111/10/True/True/1/256/16/4/2573/34372/train_dataset",
    "loss_threshold": 0.0017157108429701616,
    "mask_idx": 23,
    "early_stopping": false,
    "task_length": 11,
    "lr": 0.001,
    "threshold_testing": false,
    "betas": [
      0.9,
      0.95
    ],
    "compute_budget": 1000000000000,
    "validation_ratio": 0.005,
    "warmup_ratio": 0.1,
    "n_layer": 16,
    "seed": 34372,
    "test_batch_size": 64
  },
  "summary": {
    "_runtime": 344.3538107872009,
    "_step": 27,
    "_timestamp": 1735478275.1766338,
    "_wandb.runtime": 343,
    "epoch": 1,
    "test_acc_result": 0,
    "total_compute": 1869996883968,
    "train_loss_epoch": 2.3766396045684814,
    "trainer/global_step": 24,
    "val_loss": 2.180994987487793
  }
}