{
  "config": {
    "val_dataset_filepath": "./datasets/graph_depth_first_search/1/11/normal/11111/10/True/True/1/256/4/4/26846/14137/val_dataset",
    "warmup_ratio": 0.1,
    "loss_threshold": 0.0017157108429701616,
    "method": "normal",
    "n_head": 4,
    "grad_clip": 1,
    "batch_size": 64,
    "train_dataset_filepath": "./datasets/graph_depth_first_search/1/11/normal/11111/10/True/True/1/256/4/4/26846/14137/train_dataset",
    "precision": "32",
    "threshold_testing": false,
    "seed": 14137,
    "early_stopping": false,
    "task": "graph_depth_first_search",
    "run_id": "a29d33e1-2e23-474f-9448-c9333eb4c5f4",
    "project_name": "binary-graph_depth_first_search1-gridsearch-11-normal-11111-iteration-113040",
    "dropout": 0,
    "lr": 0.001,
    "betas": [
      0.9,
      0.95
    ],
    "max_steps": 12,
    "task_length": 11,
    "weight_decay": 0.1,
    "log_gradients": false,
    "n_embd": 256,
    "mask_idx": 23,
    "compute_budget": 1000000000000,
    "bias": false,
    "test_batch_size": 64,
    "n_layer": 4,
    "validation_ratio": 0.005,
    "test_dataset_filepath": "./datasets/graph_depth_first_search/1/11/normal/11111/10/True/True/1/256/4/4/26846/14137/test_dataset"
  },
  "summary": {
    "_runtime": 1186.602571964264,
    "_step": 15,
    "_timestamp": 1735472190.40722,
    "_wandb.runtime": 1186,
    "epoch": 1,
    "test_acc_result": 0,
    "total_compute": 1869996883968,
    "train_loss_epoch": 2.495241165161133,
    "trainer/global_step": 12,
    "val_loss": 2.1966819763183594
  }
}