{
  "config": {
    "lr": 0.01,
    "precision": "32",
    "test_dataset_filepath": "./datasets/graph_depth_first_search/1/11/normal/11111/100/True/True/1/64/16/4/6916/13529/test_dataset",
    "bias": false,
    "task": "graph_depth_first_search",
    "max_steps": 354,
    "threshold_testing": false,
    "method": "normal",
    "log_gradients": false,
    "dropout": 0,
    "mask_idx": 23,
    "early_stopping": false,
    "n_layer": 16,
    "test_batch_size": 64,
    "n_embd": 64,
    "betas": [
      0.9,
      0.95
    ],
    "validation_ratio": 0.005,
    "compute_budget": 1000000000000,
    "run_id": "b0df98da-99cb-4c8f-80fa-a8532747038c",
    "grad_clip": 1,
    "batch_size": 8,
    "loss_threshold": 0.0017157108429701616,
    "seed": 13529,
    "warmup_ratio": 0.1,
    "task_length": 11,
    "weight_decay": 0.1,
    "n_head": 4,
    "val_dataset_filepath": "./datasets/graph_depth_first_search/1/11/normal/11111/100/True/True/1/64/16/4/6916/13529/val_dataset",
    "project_name": "binary-graph_depth_first_search1-gridsearch-11-normal-11111-iteration-113040",
    "train_dataset_filepath": "./datasets/graph_depth_first_search/1/11/normal/11111/100/True/True/1/64/16/4/6916/13529/train_dataset"
  },
  "summary": {
    "_runtime": 1480.8058733940125,
    "_step": 371,
    "_timestamp": 1735472072.8784044,
    "_wandb.runtime": 1480,
    "epoch": 1,
    "lr-AdamW": 0.0010054544774595934,
    "test_acc_result": 0.0020000000949949026,
    "total_compute": 1924557963264,
    "train_loss_epoch": 1.3213584423065186,
    "train_loss_step": 0.8743427991867065,
    "trainer/global_step": 354,
    "val_loss": 0.9008283615112305
  }
}