{
  "config": {
    "test_dataset_filepath": "./datasets/graph_depth_first_search/1/11/normal/11111/1000/True/True/1/512/16/4/32509/7914/test_dataset",
    "n_embd": 512,
    "validation_ratio": 0.005,
    "val_dataset_filepath": "./datasets/graph_depth_first_search/1/11/normal/11111/1000/True/True/1/512/16/4/32509/7914/val_dataset",
    "max_steps": 1,
    "project_name": "binary-graph_depth_first_search1-gridsearch-11-normal-11111-iteration-113040",
    "train_dataset_filepath": "./datasets/graph_depth_first_search/1/11/normal/11111/1000/True/True/1/512/16/4/32509/7914/train_dataset",
    "compute_budget": 1000000000000,
    "loss_threshold": 0.0017157108429701616,
    "threshold_testing": false,
    "n_head": 4,
    "batch_size": 64,
    "warmup_ratio": 0.1,
    "task": "graph_depth_first_search",
    "task_length": 11,
    "lr": 0.1,
    "betas": [
      0.9,
      0.95
    ],
    "test_batch_size": 64,
    "seed": 7914,
    "early_stopping": false,
    "bias": false,
    "method": "normal",
    "precision": "32",
    "n_layer": 16,
    "mask_idx": 23,
    "run_id": "f06b2f1e-4a6e-421b-95e3-458827633bf9",
    "dropout": 0,
    "log_gradients": false,
    "weight_decay": 0.1,
    "grad_clip": 1
  },
  "summary": {
    "_runtime": 538.9889268875122,
    "_step": 4,
    "_timestamp": 1735477755.0618649,
    "_wandb.runtime": 538,
    "epoch": 1,
    "test_acc_result": 0,
    "total_compute": 2444960464896,
    "train_loss_epoch": 3.5180959701538086,
    "trainer/global_step": 1,
    "val_loss": 4.151607036590576
  }
}