{
  "config": {
    "log_gradients": false,
    "betas": [
      0.9,
      0.95
    ],
    "project_name": "binary-graph_depth_first_search1-gridsearch-11-normal-11111-iteration-113040",
    "n_head": 4,
    "validation_ratio": 0.005,
    "task": "graph_depth_first_search",
    "threshold_testing": false,
    "method": "normal",
    "max_steps": 174,
    "batch_size": 64,
    "train_dataset_filepath": "./datasets/graph_depth_first_search/1/11/normal/11111/1/True/True/1/64/4/4/30038/13748/train_dataset",
    "test_batch_size": 64,
    "run_id": "85e708dd-0e6c-4243-9686-8f3fc6a986b5",
    "task_length": 11,
    "bias": false,
    "test_dataset_filepath": "./datasets/graph_depth_first_search/1/11/normal/11111/1/True/True/1/64/4/4/30038/13748/test_dataset",
    "precision": "32",
    "early_stopping": false,
    "val_dataset_filepath": "./datasets/graph_depth_first_search/1/11/normal/11111/1/True/True/1/64/4/4/30038/13748/val_dataset",
    "n_embd": 64,
    "mask_idx": 23,
    "grad_clip": 1,
    "compute_budget": 1000000000000,
    "n_layer": 4,
    "weight_decay": 0.1,
    "loss_threshold": 0.0017157108429701616,
    "seed": 13748,
    "dropout": 0,
    "warmup_ratio": 0.1,
    "lr": 0.0001
  },
  "summary": {
    "_runtime": 411.98968625068665,
    "_step": 183,
    "_timestamp": 1735466798.5937893,
    "_wandb.runtime": 411,
    "epoch": 1,
    "lr-AdamW": 1.55142573457103e-05,
    "test_acc_result": 0,
    "total_compute": 1891938336768,
    "train_loss_epoch": 2.784938335418701,
    "train_loss_step": 2.5067813396453857,
    "trainer/global_step": 174,
    "val_loss": 2.4921987056732178
  }
}