{
  "config": {
    "threshold_testing": false,
    "project_name": "binary-graph_depth_first_search1-gridsearch-11-normal-11111-iteration-113040",
    "n_embd": 256,
    "grad_clip": 1,
    "compute_budget": 1000000000000,
    "warmup_ratio": 0.1,
    "bias": false,
    "weight_decay": 0.1,
    "dropout": 0,
    "batch_size": 8,
    "n_layer": 4,
    "loss_threshold": 0.0017157108429701616,
    "seed": 3792,
    "lr": 0.01,
    "mask_idx": 23,
    "method": "normal",
    "log_gradients": false,
    "test_batch_size": 64,
    "n_head": 4,
    "test_dataset_filepath": "./datasets/graph_depth_first_search/1/11/normal/11111/100/True/True/1/256/4/4/29683/3792/test_dataset",
    "early_stopping": false,
    "train_dataset_filepath": "./datasets/graph_depth_first_search/1/11/normal/11111/100/True/True/1/256/4/4/29683/3792/train_dataset",
    "precision": "32",
    "val_dataset_filepath": "./datasets/graph_depth_first_search/1/11/normal/11111/100/True/True/1/256/4/4/29683/3792/val_dataset",
    "max_steps": 94,
    "task": "graph_depth_first_search",
    "betas": [
      0.9,
      0.95
    ],
    "task_length": 11,
    "run_id": "171e0ff5-b5c0-40bf-955a-da4c94f6cea1",
    "validation_ratio": 0.005
  },
  "summary": {
    "_runtime": 491.6067228317261,
    "_step": 99,
    "_timestamp": 1735477547.6837518,
    "_wandb.runtime": 490,
    "epoch": 1,
    "lr-AdamW": 0.00591520761758486,
    "test_acc_result": 0,
    "total_compute": 1831038615552,
    "train_loss_epoch": 2.216053009033203,
    "train_loss_step": 2.1140949726104736,
    "trainer/global_step": 94,
    "val_loss": 1.9824023246765137
  }
}