{
  "config": {
    "mask_idx": 23,
    "val_dataset_filepath": "./datasets/graph_depth_first_search/1/11/normal/11111/1/True/True/1/256/4/4/11700/16277/val_dataset",
    "log_gradients": false,
    "max_steps": 12,
    "precision": "32",
    "early_stopping": false,
    "n_layer": 4,
    "test_dataset_filepath": "./datasets/graph_depth_first_search/1/11/normal/11111/1/True/True/1/256/4/4/11700/16277/test_dataset",
    "run_id": "87921a75-d297-4f4f-892f-843c5188600b",
    "compute_budget": 1000000000000,
    "train_dataset_filepath": "./datasets/graph_depth_first_search/1/11/normal/11111/1/True/True/1/256/4/4/11700/16277/train_dataset",
    "validation_ratio": 0.005,
    "threshold_testing": false,
    "dropout": 0,
    "betas": [
      0.9,
      0.95
    ],
    "project_name": "binary-graph_depth_first_search1-gridsearch-11-normal-11111-iteration-113040",
    "test_batch_size": 64,
    "lr": 0.0001,
    "weight_decay": 0.1,
    "n_embd": 256,
    "seed": 16277,
    "batch_size": 64,
    "warmup_ratio": 0.1,
    "task": "graph_depth_first_search",
    "task_length": 11,
    "bias": false,
    "loss_threshold": 0.0017157108429701616,
    "n_head": 4,
    "grad_clip": 1,
    "method": "normal"
  },
  "summary": {
    "_runtime": 325.4234845638275,
    "_step": 15,
    "_timestamp": 1735477250.5038695,
    "_wandb.runtime": 324,
    "epoch": 1,
    "test_acc_result": 0,
    "total_compute": 1869996883968,
    "train_loss_epoch": 3.0329625606536865,
    "trainer/global_step": 12,
    "val_loss": 2.753908634185791
  }
}