{
  "config": {
    "lr": 0.0001,
    "n_layer": 16,
    "loss_threshold": 0.0017157108429701616,
    "test_dataset_filepath": "./datasets/graph_depth_first_search/1/11/normal/11111/1/True/True/1/32/16/4/21103/32810/test_dataset",
    "test_batch_size": 64,
    "mask_idx": 23,
    "method": "normal",
    "max_steps": 1303,
    "run_id": "fc42026f-8ad5-41b6-96bb-68c8dd29690c",
    "dropout": 0,
    "compute_budget": 1000000000000,
    "seed": 32810,
    "n_head": 4,
    "n_embd": 32,
    "validation_ratio": 0.005,
    "task": "graph_depth_first_search",
    "weight_decay": 0.1,
    "bias": false,
    "precision": "32",
    "task_length": 11,
    "warmup_ratio": 0.1,
    "grad_clip": 1,
    "project_name": "binary-graph_depth_first_search1-gridsearch-11-normal-11111-iteration-113040",
    "train_dataset_filepath": "./datasets/graph_depth_first_search/1/11/normal/11111/1/True/True/1/32/16/4/21103/32810/train_dataset",
    "early_stopping": false,
    "threshold_testing": false,
    "val_dataset_filepath": "./datasets/graph_depth_first_search/1/11/normal/11111/1/True/True/1/32/16/4/21103/32810/val_dataset",
    "betas": [
      0.9,
      0.95
    ],
    "batch_size": 8,
    "log_gradients": false
  },
  "summary": {
    "_runtime": 649.3161642551422,
    "_step": 272,
    "_timestamp": 1735478222.4882722,
    "_wandb.runtime": 648,
    "epoch": 1,
    "lr-AdamW": 1.000258227248852e-05,
    "test_acc_result": 0,
    "total_compute": 2017163083776,
    "train_loss_epoch": 2.2249245643615723,
    "train_loss_step": 1.982667088508606,
    "trainer/global_step": 1303,
    "val_loss": 1.910923719406128
  }
}