{
  "config": {
    "batch_size": 64,
    "train_dataset_filepath": "./datasets/graph_depth_first_search/1/11/normal/11111/1/True/True/1/16/16/4/27331/15582/train_dataset",
    "n_embd": 16,
    "compute_budget": 1000000000000,
    "mask_idx": 23,
    "precision": "32",
    "n_layer": 16,
    "max_steps": 562,
    "dropout": 0,
    "lr": 0.0001,
    "val_dataset_filepath": "./datasets/graph_depth_first_search/1/11/normal/11111/1/True/True/1/16/16/4/27331/15582/val_dataset",
    "test_dataset_filepath": "./datasets/graph_depth_first_search/1/11/normal/11111/1/True/True/1/16/16/4/27331/15582/test_dataset",
    "run_id": "2d07ddb6-a3d6-4e76-851f-292ced9ce8a1",
    "betas": [
      0.9,
      0.95
    ],
    "validation_ratio": 0.005,
    "project_name": "binary-graph_depth_first_search1-gridsearch-11-normal-11111-iteration-113040",
    "grad_clip": 1,
    "weight_decay": 0.1,
    "task": "graph_depth_first_search",
    "bias": false,
    "log_gradients": false,
    "early_stopping": false,
    "threshold_testing": false,
    "task_length": 11,
    "loss_threshold": 0.0017157108429701616,
    "warmup_ratio": 0.1,
    "seed": 15582,
    "method": "normal",
    "n_head": 4,
    "test_batch_size": 64
  },
  "summary": {
    "_runtime": 615.8662664890289,
    "_step": 306,
    "_timestamp": 1735467155.8550355,
    "_wandb.runtime": 615,
    "epoch": 1,
    "lr-AdamW": 1.01464981538036e-05,
    "test_acc_result": 0,
    "total_compute": 2164792492032,
    "train_loss_epoch": 2.7430014610290527,
    "train_loss_step": 2.525728702545166,
    "trainer/global_step": 562,
    "val_loss": 2.5383541584014893
  }
}