{
  "config": {
    "train_dataset_filepath": "./datasets/graph_depth_first_search/1/11/normal/11111/1/True/True/1/128/16/4/21104/4603/train_dataset",
    "bias": false,
    "val_dataset_filepath": "./datasets/graph_depth_first_search/1/11/normal/11111/1/True/True/1/128/16/4/21104/4603/val_dataset",
    "method": "normal",
    "batch_size": 64,
    "seed": 4603,
    "compute_budget": 1000000000000,
    "warmup_ratio": 0.1,
    "lr": 0.0001,
    "threshold_testing": false,
    "precision": "32",
    "task": "graph_depth_first_search",
    "validation_ratio": 0.005,
    "early_stopping": false,
    "weight_decay": 0.1,
    "mask_idx": 23,
    "betas": [
      0.9,
      0.95
    ],
    "test_batch_size": 64,
    "n_embd": 128,
    "n_layer": 16,
    "project_name": "binary-graph_depth_first_search1-gridsearch-11-normal-11111-iteration-113040",
    "grad_clip": 1,
    "loss_threshold": 0.0017157108429701616,
    "dropout": 0,
    "log_gradients": false,
    "run_id": "1d805d7b-3070-41a2-9cf5-6a57f4cb9bfb",
    "max_steps": 12,
    "test_dataset_filepath": "./datasets/graph_depth_first_search/1/11/normal/11111/1/True/True/1/128/16/4/21104/4603/test_dataset",
    "task_length": 11,
    "n_head": 4
  },
  "summary": {
    "_runtime": 1530.4608957767487,
    "_step": 15,
    "_timestamp": 1735471933.5526438,
    "_wandb.runtime": 1529,
    "epoch": 1,
    "test_acc_result": 0,
    "total_compute": 1942549954560,
    "train_loss_epoch": 2.9936578273773193,
    "trainer/global_step": 12,
    "val_loss": 2.7055838108062744
  }
}