{
  "config": {
    "betas": [
      0.9,
      0.95
    ],
    "batch_size": 64,
    "val_dataset_filepath": "./datasets/graph_depth_first_search/1/11/normal/11111/100/True/True/1/512/16/4/10178/36733/val_dataset",
    "bias": false,
    "threshold_testing": false,
    "max_steps": 1,
    "task": "graph_depth_first_search",
    "test_batch_size": 64,
    "lr": 0.01,
    "mask_idx": 23,
    "loss_threshold": 0.0017157108429701616,
    "early_stopping": false,
    "test_dataset_filepath": "./datasets/graph_depth_first_search/1/11/normal/11111/100/True/True/1/512/16/4/10178/36733/test_dataset",
    "n_head": 4,
    "compute_budget": 1000000000000,
    "precision": "32",
    "log_gradients": false,
    "warmup_ratio": 0.1,
    "train_dataset_filepath": "./datasets/graph_depth_first_search/1/11/normal/11111/100/True/True/1/512/16/4/10178/36733/train_dataset",
    "seed": 36733,
    "method": "normal",
    "project_name": "binary-graph_depth_first_search1-gridsearch-11-normal-11111-iteration-113040",
    "validation_ratio": 0.005,
    "n_layer": 16,
    "run_id": "af11cde6-0e23-4194-ac4f-d5ee73fd1112",
    "task_length": 11,
    "dropout": 0,
    "n_embd": 512,
    "weight_decay": 0.1,
    "grad_clip": 1
  },
  "summary": {
    "_runtime": 709.1498537063599,
    "_step": 4,
    "_timestamp": 1735472300.6097636,
    "_wandb.runtime": 708,
    "epoch": 1,
    "test_acc_result": 0,
    "total_compute": 2444960464896,
    "train_loss_epoch": 3.3660037517547607,
    "trainer/global_step": 1,
    "val_loss": 2.8609094619750977
  }
}