{
  "config": {
    "train_dataset_filepath": "./datasets/graph_depth_first_search/1/11/normal/11111/1000/True/True/1/8/4/4/23064/36237/train_dataset",
    "n_layer": 4,
    "dropout": 0,
    "n_head": 4,
    "grad_clip": 1,
    "method": "normal",
    "run_id": "7a2ed99a-f66e-443f-b5c8-9e6891fea420",
    "max_steps": 7044,
    "batch_size": 64,
    "weight_decay": 0.1,
    "test_dataset_filepath": "./datasets/graph_depth_first_search/1/11/normal/11111/1000/True/True/1/8/4/4/23064/36237/test_dataset",
    "warmup_ratio": 0.1,
    "task": "graph_depth_first_search",
    "lr": 0.1,
    "task_length": 11,
    "precision": "32",
    "compute_budget": 1000000000000,
    "val_dataset_filepath": "./datasets/graph_depth_first_search/1/11/normal/11111/1000/True/True/1/8/4/4/23064/36237/val_dataset",
    "validation_ratio": 0.005,
    "loss_threshold": 0.0017157108429701616,
    "n_embd": 8,
    "project_name": "binary-graph_depth_first_search1-gridsearch-11-normal-11111-iteration-113040",
    "bias": false,
    "seed": 36237,
    "betas": [
      0.9,
      0.95
    ],
    "early_stopping": false,
    "test_batch_size": 64,
    "mask_idx": 23,
    "log_gradients": false,
    "threshold_testing": false
  },
  "summary": {
    "_runtime": 712.4156813621521,
    "_step": 484,
    "_timestamp": 1735467579.6969755,
    "_wandb.runtime": 711,
    "epoch": 1,
    "lr-AdamW": 0.010011186926387049,
    "test_acc_result": 0.004000000189989805,
    "total_compute": 2361266012160,
    "train_loss_epoch": 1.2083921432495117,
    "train_loss_step": 0.9350016117095947,
    "trainer/global_step": 7044,
    "val_loss": 0.9865239858627319
  }
}