{
  "config": {
    "n_layer": 4,
    "compute_budget": 1000000000000,
    "n_head": 4,
    "val_dataset_filepath": "./datasets/graph_depth_first_search/1/11/normal/11111/100/True/True/1/128/4/4/16908/15400/val_dataset",
    "loss_threshold": 0.0017157108429701616,
    "run_id": "a3f46f4f-e630-4b3a-b87e-c349d2c1b578",
    "warmup_ratio": 0.1,
    "log_gradients": false,
    "weight_decay": 0.1,
    "early_stopping": false,
    "mask_idx": 23,
    "project_name": "binary-graph_depth_first_search1-gridsearch-11-normal-11111-iteration-113040",
    "betas": [
      0.9,
      0.95
    ],
    "dropout": 0,
    "test_batch_size": 64,
    "lr": 0.01,
    "bias": false,
    "batch_size": 64,
    "train_dataset_filepath": "./datasets/graph_depth_first_search/1/11/normal/11111/100/True/True/1/128/4/4/16908/15400/train_dataset",
    "max_steps": 47,
    "test_dataset_filepath": "./datasets/graph_depth_first_search/1/11/normal/11111/100/True/True/1/128/4/4/16908/15400/test_dataset",
    "threshold_testing": false,
    "task": "graph_depth_first_search",
    "precision": "32",
    "n_embd": 128,
    "task_length": 11,
    "grad_clip": 1,
    "validation_ratio": 0.005,
    "seed": 15400,
    "method": "normal"
  },
  "summary": {
    "_runtime": 316.5951313972473,
    "_step": 50,
    "_timestamp": 1735467305.3006663,
    "_wandb.runtime": 315,
    "epoch": 1,
    "test_acc_result": 0,
    "total_compute": 1902080163840,
    "train_loss_epoch": 1.8909410238265991,
    "trainer/global_step": 47,
    "val_loss": 1.4661502838134766
  }
}