{
  "config": {
    "threshold_testing": false,
    "bias": false,
    "max_steps": 5171,
    "weight_decay": 0.1,
    "warmup_ratio": 0.1,
    "betas": [
      0.9,
      0.95
    ],
    "lr": 0.001,
    "mask_idx": 23,
    "grad_clip": 1,
    "validation_ratio": 0.005,
    "train_dataset_filepath": "./datasets/graph_depth_first_search/1/11/normal/11111/10/True/True/1/32/4/4/8381/23949/train_dataset",
    "precision": "32",
    "test_batch_size": 64,
    "test_dataset_filepath": "./datasets/graph_depth_first_search/1/11/normal/11111/10/True/True/1/32/4/4/8381/23949/test_dataset",
    "n_layer": 4,
    "project_name": "binary-graph_depth_first_search1-gridsearch-11-normal-11111-iteration-113040",
    "method": "normal",
    "n_embd": 32,
    "n_head": 4,
    "early_stopping": false,
    "dropout": 0,
    "loss_threshold": 0.0017157108429701616,
    "run_id": "d5a0288d-1aaa-4ebe-8973-c21e70a53c3f",
    "val_dataset_filepath": "./datasets/graph_depth_first_search/1/11/normal/11111/10/True/True/1/32/4/4/8381/23949/val_dataset",
    "batch_size": 8,
    "log_gradients": false,
    "compute_budget": 1000000000000,
    "seed": 23949,
    "task_length": 11,
    "task": "graph_depth_first_search"
  },
  "summary": {
    "_runtime": 459.89780259132385,
    "_step": 415,
    "_timestamp": 1735476257.2285385,
    "_wandb.runtime": 459,
    "epoch": 1,
    "lr-AdamW": 0.00010004962115690559,
    "test_acc_result": 0.03500000014901161,
    "total_compute": 2001295147008,
    "train_loss_epoch": 0.8903421759605408,
    "train_loss_step": 0.5081099271774292,
    "trainer/global_step": 5171,
    "val_loss": 0.5546203851699829
  }
}