{
  "config": {
    "weight_decay": 0.1,
    "validation_ratio": 0.005,
    "loss_threshold": 0.0017157108429701616,
    "task_length": 11,
    "seed": 10981,
    "compute_budget": 1000000000000,
    "mask_idx": 23,
    "task": "graph_depth_first_search",
    "grad_clip": 1,
    "bias": false,
    "val_dataset_filepath": "./datasets/graph_depth_first_search/1/11/normal/11111/1/True/True/1/512/4/4/29948/10981/val_dataset",
    "warmup_ratio": 0.1,
    "project_name": "binary-graph_depth_first_search1-gridsearch-11-normal-11111-iteration-113040",
    "early_stopping": false,
    "dropout": 0,
    "run_id": "ca2e6413-089d-41fe-89ae-e8c16ac3a746",
    "lr": 0.0001,
    "n_embd": 512,
    "test_batch_size": 64,
    "method": "normal",
    "n_head": 4,
    "precision": "32",
    "threshold_testing": false,
    "betas": [
      0.9,
      0.95
    ],
    "log_gradients": false,
    "batch_size": 64,
    "train_dataset_filepath": "./datasets/graph_depth_first_search/1/11/normal/11111/1/True/True/1/512/4/4/29948/10981/train_dataset",
    "max_steps": 3,
    "test_dataset_filepath": "./datasets/graph_depth_first_search/1/11/normal/11111/1/True/True/1/512/4/4/29948/10981/test_dataset",
    "n_layer": 4
  },
  "summary": {
    "_runtime": 314.04455757141113,
    "_step": 6,
    "_timestamp": 1735473650.7928796,
    "_wandb.runtime": 313,
    "epoch": 1,
    "test_acc_result": 0,
    "total_compute": 1833720348672,
    "train_loss_epoch": 3.245741128921509,
    "trainer/global_step": 3,
    "val_loss": 2.8828158378601074
  }
}