{
  "config": {
    "bias": false,
    "test_dataset_filepath": "./datasets/graph_depth_first_search/1/11/normal/11111/10/True/True/1/8/16/4/14949/27544/test_dataset",
    "run_id": "21f12b79-8eaa-4479-b70a-fd255c3dd18e",
    "train_dataset_filepath": "./datasets/graph_depth_first_search/1/11/normal/11111/10/True/True/1/8/16/4/14949/27544/train_dataset",
    "betas": [
      0.9,
      0.95
    ],
    "max_steps": 1770,
    "task_length": 11,
    "method": "normal",
    "weight_decay": 0.1,
    "precision": "32",
    "warmup_ratio": 0.1,
    "log_gradients": false,
    "early_stopping": false,
    "loss_threshold": 0.0017157108429701616,
    "grad_clip": 1,
    "n_layer": 16,
    "batch_size": 64,
    "mask_idx": 23,
    "seed": 27544,
    "task": "graph_depth_first_search",
    "validation_ratio": 0.005,
    "val_dataset_filepath": "./datasets/graph_depth_first_search/1/11/normal/11111/10/True/True/1/8/16/4/14949/27544/val_dataset",
    "test_batch_size": 64,
    "compute_budget": 1000000000000,
    "project_name": "binary-graph_depth_first_search1-gridsearch-11-normal-11111-iteration-113040",
    "threshold_testing": false,
    "lr": 0.001,
    "dropout": 0,
    "n_head": 4,
    "n_embd": 8
  },
  "summary": {
    "_runtime": 742.7340426445007,
    "_step": 294,
    "_timestamp": 1735467744.6321995,
    "_wandb.runtime": 742,
    "epoch": 1,
    "lr-AdamW": 0.00010038585774904937,
    "test_acc_result": 0,
    "total_compute": 2373333811200,
    "train_loss_epoch": 1.810765027999878,
    "train_loss_step": 1.3575122356414795,
    "trainer/global_step": 1770,
    "val_loss": 1.3945595026016235
  }
}