{
  "config": {
    "weight_decay": 0.1,
    "run_id": "b56ebdf7-b84e-4111-ab80-a1783fa78181",
    "max_steps": 1414,
    "lr": 0.0001,
    "loss_threshold": 0.0017157108429701616,
    "validation_ratio": 0.005,
    "task_length": 11,
    "early_stopping": false,
    "batch_size": 8,
    "task": "graph_depth_first_search",
    "project_name": "binary-graph_depth_first_search1-gridsearch-11-normal-11111-iteration-113040",
    "n_layer": 4,
    "n_embd": 64,
    "n_head": 4,
    "train_dataset_filepath": "./datasets/graph_depth_first_search/1/11/normal/11111/1/True/True/1/64/4/4/35133/33606/train_dataset",
    "grad_clip": 1,
    "test_batch_size": 64,
    "seed": 33606,
    "dropout": 0,
    "test_dataset_filepath": "./datasets/graph_depth_first_search/1/11/normal/11111/1/True/True/1/64/4/4/35133/33606/test_dataset",
    "val_dataset_filepath": "./datasets/graph_depth_first_search/1/11/normal/11111/1/True/True/1/64/4/4/35133/33606/val_dataset",
    "bias": false,
    "betas": [
      0.9,
      0.95
    ],
    "mask_idx": 23,
    "log_gradients": false,
    "warmup_ratio": 0.1,
    "compute_budget": 1000000000000,
    "threshold_testing": false,
    "method": "normal",
    "precision": "32"
  },
  "summary": {
    "_runtime": 192.3211669921875,
    "_step": 261,
    "_timestamp": 1735472697.343542,
    "_wandb.runtime": 191,
    "epoch": 1,
    "lr-AdamW": 1.0030828924900673e-05,
    "test_acc_result": 0,
    "total_compute": 1921839661056,
    "train_loss_epoch": 2.084287643432617,
    "train_loss_step": 1.6702532768249512,
    "trainer/global_step": 1414,
    "val_loss": 1.6719614267349243
  }
}