{
  "config": {
    "run_id": "8c8e7f93-8efa-48f1-9ba1-6da049460280",
    "seed": 15424,
    "loss_threshold": 0.0017157108429701616,
    "train_dataset_filepath": "./datasets/graph_depth_first_search/1/11/normal/11111/10/True/True/1/32/4/4/2412/15424/train_dataset",
    "n_layer": 4,
    "task_length": 11,
    "compute_budget": 1000000000000,
    "lr": 0.001,
    "val_dataset_filepath": "./datasets/graph_depth_first_search/1/11/normal/11111/10/True/True/1/32/4/4/2412/15424/val_dataset",
    "dropout": 0,
    "warmup_ratio": 0.1,
    "threshold_testing": false,
    "grad_clip": 1,
    "precision": "32",
    "weight_decay": 0.1,
    "test_batch_size": 64,
    "method": "normal",
    "test_dataset_filepath": "./datasets/graph_depth_first_search/1/11/normal/11111/10/True/True/1/32/4/4/2412/15424/test_dataset",
    "n_embd": 32,
    "max_steps": 643,
    "n_head": 4,
    "mask_idx": 23,
    "batch_size": 64,
    "early_stopping": false,
    "log_gradients": false,
    "betas": [
      0.9,
      0.95
    ],
    "validation_ratio": 0.005,
    "task": "graph_depth_first_search",
    "bias": false,
    "project_name": "binary-graph_depth_first_search1-gridsearch-11-normal-11111-iteration-113040"
  },
  "summary": {
    "_runtime": 1203.9857592582703,
    "_step": 241,
    "_timestamp": 1735471395.4385953,
    "_wandb.runtime": 1203,
    "epoch": 1,
    "lr-AdamW": 0.00011276341049807507,
    "test_acc_result": 0.007000000216066837,
    "total_compute": 1990845530112,
    "train_loss_epoch": 1.43379807472229,
    "train_loss_step": 0.7993119955062866,
    "trainer/global_step": 643,
    "val_loss": 0.8528016805648804
  }
}