{
  "config": {
    "precision": "32",
    "task": "graph_depth_first_search",
    "n_layer": 16,
    "dropout": 0,
    "n_head": 4,
    "seed": 37051,
    "batch_size": 8,
    "betas": [
      0.9,
      0.95
    ],
    "mask_idx": 23,
    "task_length": 11,
    "n_embd": 512,
    "test_dataset_filepath": "./datasets/graph_depth_first_search/1/11/normal/11111/1/True/True/1/512/16/4/5210/37051/test_dataset",
    "project_name": "binary-graph_depth_first_search1-gridsearch-11-normal-11111-iteration-113040",
    "validation_ratio": 0.005,
    "bias": false,
    "weight_decay": 0.1,
    "train_dataset_filepath": "./datasets/graph_depth_first_search/1/11/normal/11111/1/True/True/1/512/16/4/5210/37051/train_dataset",
    "threshold_testing": false,
    "method": "normal",
    "test_batch_size": 64,
    "compute_budget": 1000000000000,
    "warmup_ratio": 0.1,
    "log_gradients": false,
    "early_stopping": false,
    "loss_threshold": 0.0017157108429701616,
    "grad_clip": 1,
    "run_id": "5f7f3407-5702-44fe-b54f-3aa99ee063b7",
    "val_dataset_filepath": "./datasets/graph_depth_first_search/1/11/normal/11111/1/True/True/1/512/16/4/5210/37051/val_dataset",
    "lr": 0.0001,
    "max_steps": 6
  },
  "summary": {
    "_runtime": 707.150045633316,
    "_step": 9,
    "_timestamp": 1735476923.9345026,
    "_wandb.runtime": 706,
    "epoch": 1,
    "test_acc_result": 0,
    "total_compute": 1833720348672,
    "train_loss_epoch": 2.574871778488159,
    "trainer/global_step": 6,
    "val_loss": 2.2955617904663086
  }
}