{
  "config": {
    "lr": 0.0001,
    "compute_budget": 1000000000000,
    "dropout": 0,
    "weight_decay": 0.1,
    "seed": 76,
    "batch_size": 64,
    "loss_threshold": 0.0017157108429701616,
    "train_dataset_filepath": "./datasets/graph_depth_first_search/1/11/normal/11111/1/True/True/1/32/4/4/24931/76/train_dataset",
    "test_batch_size": 64,
    "n_embd": 32,
    "precision": "32",
    "method": "normal",
    "validation_ratio": 0.005,
    "early_stopping": false,
    "test_dataset_filepath": "./datasets/graph_depth_first_search/1/11/normal/11111/1/True/True/1/32/4/4/24931/76/test_dataset",
    "n_head": 4,
    "task": "graph_depth_first_search",
    "run_id": "eaaf2667-6893-4ed6-8f88-bb8b68864b3f",
    "mask_idx": 23,
    "bias": false,
    "task_length": 11,
    "project_name": "binary-graph_depth_first_search1-gridsearch-11-normal-11111-iteration-113040",
    "n_layer": 4,
    "log_gradients": false,
    "val_dataset_filepath": "./datasets/graph_depth_first_search/1/11/normal/11111/1/True/True/1/32/4/4/24931/76/val_dataset",
    "threshold_testing": false,
    "max_steps": 657,
    "betas": [
      0.9,
      0.95
    ],
    "warmup_ratio": 0.1,
    "grad_clip": 1
  },
  "summary": {
    "_runtime": 476.616290807724,
    "_step": 248,
    "_timestamp": 1735478253.2206008,
    "_wandb.runtime": 475,
    "epoch": 1,
    "lr-AdamW": 1.0040546520789336e-05,
    "test_acc_result": 0,
    "total_compute": 2034192089088,
    "train_loss_epoch": 2.5911145210266113,
    "train_loss_step": 2.342261552810669,
    "trainer/global_step": 657,
    "val_loss": 2.3161261081695557
  }
}