{
  "config": {
    "loss_threshold": 0.0017157108429701616,
    "test_batch_size": 64,
    "threshold_testing": false,
    "validation_ratio": 0.005,
    "task": "graph_depth_first_search",
    "log_gradients": false,
    "run_id": "564c5459-c704-4795-aea9-1987d70973c3",
    "compute_budget": 1000000000000,
    "lr": 0.0001,
    "seed": 4533,
    "bias": false,
    "method": "normal",
    "test_dataset_filepath": "./datasets/graph_depth_first_search/1/11/normal/11111/1/True/True/1/8/4/4/1905/4533/test_dataset",
    "val_dataset_filepath": "./datasets/graph_depth_first_search/1/11/normal/11111/1/True/True/1/8/4/4/1905/4533/val_dataset",
    "train_dataset_filepath": "./datasets/graph_depth_first_search/1/11/normal/11111/1/True/True/1/8/4/4/1905/4533/train_dataset",
    "weight_decay": 0.1,
    "n_layer": 4,
    "precision": "32",
    "betas": [
      0.9,
      0.95
    ],
    "mask_idx": 23,
    "task_length": 11,
    "warmup_ratio": 0.1,
    "n_embd": 8,
    "batch_size": 8,
    "dropout": 0,
    "grad_clip": 1,
    "project_name": "binary-graph_depth_first_search1-gridsearch-11-normal-11111-iteration-113040",
    "max_steps": 56350,
    "early_stopping": false,
    "n_head": 4
  },
  "summary": {
    "_runtime": 2016.8132467269897,
    "_step": 2457,
    "_timestamp": 1735478442.0813768,
    "_wandb.runtime": 2016,
    "epoch": 1,
    "lr-AdamW": 1.0000000086339477e-05,
    "test_acc_result": 0,
    "total_compute": 2361182208000,
    "train_loss_epoch": 1.8305397033691406,
    "train_loss_step": 1.6032658815383911,
    "trainer/global_step": 56350,
    "val_loss": 1.5456043481826782
  }
}