{
  "config": {
    "compute_budget": 1000000000000,
    "n_layer": 16,
    "task_length": 11,
    "validation_ratio": 0.005,
    "task": "graph_depth_first_search",
    "bias": false,
    "log_gradients": false,
    "test_batch_size": 64,
    "threshold_testing": false,
    "mask_idx": 23,
    "run_id": "b2fc52a0-125a-482d-abf2-ed051c04dd34",
    "seed": 1955,
    "n_embd": 32,
    "project_name": "binary-graph_depth_first_search1-gridsearch-11-normal-11111-iteration-113040",
    "early_stopping": false,
    "warmup_ratio": 0.1,
    "lr": 0.01,
    "precision": "32",
    "betas": [
      0.9,
      0.95
    ],
    "test_dataset_filepath": "./datasets/graph_depth_first_search/1/11/normal/11111/100/True/True/1/32/16/4/33974/1955/test_dataset",
    "batch_size": 8,
    "dropout": 0,
    "loss_threshold": 0.0017157108429701616,
    "grad_clip": 1,
    "train_dataset_filepath": "./datasets/graph_depth_first_search/1/11/normal/11111/100/True/True/1/32/16/4/33974/1955/train_dataset",
    "n_head": 4,
    "weight_decay": 0.1,
    "max_steps": 1286,
    "method": "normal",
    "val_dataset_filepath": "./datasets/graph_depth_first_search/1/11/normal/11111/100/True/True/1/32/16/4/33974/1955/val_dataset"
  },
  "summary": {
    "_runtime": 628.0229988098145,
    "_step": 267,
    "_timestamp": 1735478376.7467568,
    "_wandb.runtime": 627,
    "epoch": 1,
    "lr-AdamW": 0.001022651861699007,
    "test_acc_result": 0.05000000074505806,
    "total_compute": 1990845530112,
    "train_loss_epoch": 0.902881383895874,
    "train_loss_step": 0.5982165336608887,
    "trainer/global_step": 1286,
    "val_loss": 0.5414460897445679
  }
}