{
  "config": {
    "lr": 0.01,
    "n_layer": 4,
    "threshold_testing": false,
    "batch_size": 64,
    "weight_decay": 0.1,
    "task": "graph_depth_first_search",
    "train_dataset_filepath": "./datasets/graph_depth_first_search/1/11/normal/11111/100/True/True/1/16/4/4/15895/35682/train_dataset",
    "test_dataset_filepath": "./datasets/graph_depth_first_search/1/11/normal/11111/100/True/True/1/16/4/4/15895/35682/test_dataset",
    "compute_budget": 1000000000000,
    "run_id": "5acb764c-b488-4205-87ed-9b1a3be301b3",
    "validation_ratio": 0.005,
    "max_steps": 2279,
    "mask_idx": 23,
    "betas": [
      0.9,
      0.95
    ],
    "task_length": 11,
    "val_dataset_filepath": "./datasets/graph_depth_first_search/1/11/normal/11111/100/True/True/1/16/4/4/15895/35682/val_dataset",
    "n_head": 4,
    "dropout": 0,
    "precision": "32",
    "method": "normal",
    "grad_clip": 1,
    "warmup_ratio": 0.1,
    "early_stopping": false,
    "n_embd": 16,
    "project_name": "binary-graph_depth_first_search1-gridsearch-11-normal-11111-iteration-113040",
    "log_gradients": false,
    "bias": false,
    "test_batch_size": 64,
    "loss_threshold": 0.0017157108429701616,
    "seed": 35682
  },
  "summary": {
    "_runtime": 318.7286763191223,
    "_step": 300,
    "_timestamp": 1735466651.1369922,
    "_wandb.runtime": 318,
    "epoch": 1,
    "lr-AdamW": 0.0010047456282206411,
    "test_acc_result": 0.0560000017285347,
    "total_compute": 2194645057536,
    "train_loss_epoch": 0.7648014426231384,
    "train_loss_step": 0.4345431625843048,
    "trainer/global_step": 2279,
    "val_loss": 0.47048282623291016
  }
}