{
  "config": {
    "loss_threshold": 0.0017157108429701616,
    "weight_decay": 0.1,
    "precision": "32",
    "validation_ratio": 0.005,
    "n_embd": 16,
    "grad_clip": 1,
    "n_head": 4,
    "method": "normal",
    "betas": [
      0.9,
      0.95
    ],
    "run_id": "775d37f4-c6fd-41eb-a924-4d1c428cb24f",
    "dropout": 0,
    "early_stopping": false,
    "lr": 0.001,
    "bias": false,
    "log_gradients": false,
    "compute_budget": 1000000000000,
    "test_dataset_filepath": "./datasets/graph_depth_first_search/1/11/normal/11111/10/True/True/1/16/4/4/13596/31079/test_dataset",
    "threshold_testing": false,
    "val_dataset_filepath": "./datasets/graph_depth_first_search/1/11/normal/11111/10/True/True/1/16/4/4/13596/31079/val_dataset",
    "mask_idx": 23,
    "max_steps": 2245,
    "batch_size": 64,
    "n_layer": 4,
    "train_dataset_filepath": "./datasets/graph_depth_first_search/1/11/normal/11111/10/True/True/1/16/4/4/13596/31079/train_dataset",
    "warmup_ratio": 0.1,
    "project_name": "binary-graph_depth_first_search1-gridsearch-11-normal-11111-iteration-113040",
    "test_batch_size": 64,
    "seed": 31079,
    "task": "graph_depth_first_search",
    "task_length": 11
  },
  "summary": {
    "_runtime": 1094.566134929657,
    "_step": 295,
    "_timestamp": 1735471806.702708,
    "_wandb.runtime": 1093,
    "epoch": 1,
    "lr-AdamW": 0.00010114995340449884,
    "test_acc_result": 0.0020000000949949026,
    "total_compute": 2161903534080,
    "train_loss_epoch": 1.3155739307403564,
    "train_loss_step": 0.8621495962142944,
    "trainer/global_step": 2245,
    "val_loss": 0.8960485458374023
  }
}