{
  "config": {
    "threshold_testing": false,
    "project_name": "binary-graph_depth_first_search1-gridsearch-11-normal-11111-iteration-113040",
    "precision": "32",
    "batch_size": 64,
    "test_batch_size": 64,
    "task": "graph_depth_first_search",
    "betas": [
      0.9,
      0.95
    ],
    "train_dataset_filepath": "./datasets/graph_depth_first_search/1/11/normal/11111/100/True/True/1/8/16/4/32015/24625/train_dataset",
    "log_gradients": false,
    "val_dataset_filepath": "./datasets/graph_depth_first_search/1/11/normal/11111/100/True/True/1/8/16/4/32015/24625/val_dataset",
    "task_length": 11,
    "compute_budget": 1000000000000,
    "run_id": "d83f0399-a161-4d69-910b-2db0cf7a511f",
    "test_dataset_filepath": "./datasets/graph_depth_first_search/1/11/normal/11111/100/True/True/1/8/16/4/32015/24625/test_dataset",
    "validation_ratio": 0.005,
    "lr": 0.01,
    "loss_threshold": 0.0017157108429701616,
    "n_embd": 8,
    "bias": false,
    "n_head": 4,
    "early_stopping": false,
    "mask_idx": 23,
    "warmup_ratio": 0.1,
    "max_steps": 1798,
    "method": "normal",
    "n_layer": 16,
    "seed": 24625,
    "dropout": 0,
    "grad_clip": 1,
    "weight_decay": 0.1
  },
  "summary": {
    "_runtime": 699.1562976837158,
    "_step": 297,
    "_timestamp": 1735467178.2225566,
    "_wandb.runtime": 698,
    "epoch": 1,
    "lr-AdamW": 0.0010203260743789281,
    "test_acc_result": 0.007000000216066837,
    "total_compute": 2410878074880,
    "train_loss_epoch": 1.2053853273391724,
    "train_loss_step": 0.9193518757820129,
    "trainer/global_step": 1798,
    "val_loss": 0.8991560935974121
  }
}