{
  "config": {
    "method": "normal",
    "n_layer": 16,
    "task_length": 11,
    "val_dataset_filepath": "./datasets/graph_depth_first_search/1/11/normal/11111/1/True/True/1/128/16/4/36030/13201/val_dataset",
    "n_embd": 128,
    "dropout": 0,
    "grad_clip": 1,
    "bias": false,
    "validation_ratio": 0.005,
    "batch_size": 8,
    "warmup_ratio": 0.1,
    "compute_budget": 1000000000000,
    "log_gradients": false,
    "project_name": "binary-graph_depth_first_search1-gridsearch-11-normal-11111-iteration-113040",
    "precision": "32",
    "threshold_testing": false,
    "test_dataset_filepath": "./datasets/graph_depth_first_search/1/11/normal/11111/1/True/True/1/128/16/4/36030/13201/test_dataset",
    "early_stopping": false,
    "n_head": 4,
    "task": "graph_depth_first_search",
    "betas": [
      0.9,
      0.95
    ],
    "test_batch_size": 64,
    "seed": 13201,
    "mask_idx": 23,
    "max_steps": 93,
    "train_dataset_filepath": "./datasets/graph_depth_first_search/1/11/normal/11111/1/True/True/1/128/16/4/36030/13201/train_dataset",
    "run_id": "1988787d-30cb-4a9a-824c-1bb11bfb1a65",
    "weight_decay": 0.1,
    "lr": 0.0001,
    "loss_threshold": 0.0017157108429701616
  },
  "summary": {
    "_runtime": 408.53663992881775,
    "_step": 98,
    "_timestamp": 1735474448.332398,
    "_wandb.runtime": 407,
    "epoch": 1,
    "lr-AdamW": 5.83628542113891e-05,
    "test_acc_result": 0,
    "total_compute": 1881845268480,
    "train_loss_epoch": 2.433541774749756,
    "train_loss_step": 2.450479030609131,
    "trainer/global_step": 93,
    "val_loss": 2.234661340713501
  }
}