{
  "config": {
    "betas": [
      0.9,
      0.95
    ],
    "task": "graph_depth_first_search",
    "val_dataset_filepath": "./datasets/graph_depth_first_search/1/11/normal/11111/1000/True/True/1/256/4/4/29163/35578/val_dataset",
    "test_dataset_filepath": "./datasets/graph_depth_first_search/1/11/normal/11111/1000/True/True/1/256/4/4/29163/35578/test_dataset",
    "bias": false,
    "lr": 0.1,
    "warmup_ratio": 0.1,
    "task_length": 11,
    "log_gradients": false,
    "compute_budget": 1000000000000,
    "validation_ratio": 0.005,
    "train_dataset_filepath": "./datasets/graph_depth_first_search/1/11/normal/11111/1000/True/True/1/256/4/4/29163/35578/train_dataset",
    "n_layer": 4,
    "loss_threshold": 0.0017157108429701616,
    "precision": "32",
    "n_embd": 256,
    "n_head": 4,
    "mask_idx": 23,
    "dropout": 0,
    "max_steps": 12,
    "early_stopping": false,
    "test_batch_size": 64,
    "project_name": "binary-graph_depth_first_search1-gridsearch-11-normal-11111-iteration-113040",
    "weight_decay": 0.1,
    "method": "normal",
    "seed": 35578,
    "batch_size": 64,
    "threshold_testing": false,
    "run_id": "29ec104e-2ae0-4dd7-a613-7a0f8113457c",
    "grad_clip": 1
  },
  "summary": {
    "_runtime": 1245.5561800003052,
    "_step": 15,
    "_timestamp": 1735472027.558605,
    "_wandb.runtime": 1244,
    "epoch": 1,
    "test_acc_result": 0,
    "total_compute": 1869996883968,
    "train_loss_epoch": 12.99006175994873,
    "trainer/global_step": 12,
    "val_loss": 14.270602226257324
  }
}