{
  "config": {
    "validation_ratio": 0.005,
    "precision": "32",
    "seed": 21783,
    "log_gradients": false,
    "n_embd": 32,
    "val_dataset_filepath": "./datasets/graph_depth_first_search/1/11/normal/11111/1000/True/True/1/32/16/4/29358/21783/val_dataset",
    "n_layer": 16,
    "task": "graph_depth_first_search",
    "threshold_testing": false,
    "n_head": 4,
    "project_name": "binary-graph_depth_first_search1-gridsearch-11-normal-11111-iteration-113040",
    "early_stopping": false,
    "batch_size": 64,
    "betas": [
      0.9,
      0.95
    ],
    "grad_clip": 1,
    "compute_budget": 1000000000000,
    "warmup_ratio": 0.1,
    "loss_threshold": 0.0017157108429701616,
    "mask_idx": 23,
    "method": "normal",
    "dropout": 0,
    "test_dataset_filepath": "./datasets/graph_depth_first_search/1/11/normal/11111/1000/True/True/1/32/16/4/29358/21783/test_dataset",
    "run_id": "fd6c40d5-7e92-419d-ac49-eccd7ab8d44c",
    "lr": 0.1,
    "max_steps": 162,
    "weight_decay": 0.1,
    "bias": false,
    "task_length": 11,
    "train_dataset_filepath": "./datasets/graph_depth_first_search/1/11/normal/11111/1000/True/True/1/32/16/4/29358/21783/train_dataset",
    "test_batch_size": 64
  },
  "summary": {
    "_runtime": 1414.4439597129822,
    "_step": 171,
    "_timestamp": 1735472020.2499018,
    "_wandb.runtime": 1413,
    "epoch": 1,
    "lr-AdamW": 0.011749159725746474,
    "test_acc_result": 0.0010000000474974513,
    "total_compute": 2006326444032,
    "train_loss_epoch": 1.8066740036010742,
    "train_loss_step": 1.3576867580413818,
    "trainer/global_step": 162,
    "val_loss": 1.3116984367370605
  }
}