{
  "config": {
    "max_steps": 5135,
    "task_length": 11,
    "train_dataset_filepath": "./datasets/graph_depth_first_search/1/11/normal/11111/1/True/True/1/32/4/4/18073/29995/train_dataset",
    "precision": "32",
    "early_stopping": false,
    "n_head": 4,
    "warmup_ratio": 0.1,
    "seed": 29995,
    "project_name": "binary-graph_depth_first_search1-gridsearch-11-normal-11111-iteration-113040",
    "validation_ratio": 0.005,
    "dropout": 0,
    "threshold_testing": false,
    "weight_decay": 0.1,
    "bias": false,
    "n_embd": 32,
    "log_gradients": false,
    "task": "graph_depth_first_search",
    "compute_budget": 1000000000000,
    "batch_size": 8,
    "grad_clip": 1,
    "loss_threshold": 0.0017157108429701616,
    "n_layer": 4,
    "run_id": "6d0a21f6-0df6-4e9d-9837-8066d2aebd28",
    "lr": 0.0001,
    "test_batch_size": 64,
    "test_dataset_filepath": "./datasets/graph_depth_first_search/1/11/normal/11111/1/True/True/1/32/4/4/18073/29995/test_dataset",
    "val_dataset_filepath": "./datasets/graph_depth_first_search/1/11/normal/11111/1/True/True/1/32/4/4/18073/29995/val_dataset",
    "method": "normal",
    "betas": [
      0.9,
      0.95
    ],
    "mask_idx": 23
  },
  "summary": {
    "_runtime": 353.53552198410034,
    "_step": 412,
    "_timestamp": 1735466611.101239,
    "_wandb.runtime": 352,
    "epoch": 1,
    "lr-AdamW": 1.0013471182296361e-05,
    "test_acc_result": 0,
    "total_compute": 1987362324480,
    "train_loss_epoch": 1.8813892602920532,
    "train_loss_step": 1.61660635471344,
    "trainer/global_step": 5135,
    "val_loss": 1.4722222089767456
  }
}