{
  "config": {
    "train_dataset_filepath": "./datasets/graph_depth_first_search/1/11/normal/11111/1000/True/True/1/32/4/4/35476/20838/train_dataset",
    "project_name": "binary-graph_depth_first_search1-gridsearch-11-normal-11111-iteration-113040",
    "batch_size": 64,
    "method": "normal",
    "n_layer": 4,
    "validation_ratio": 0.005,
    "task_length": 11,
    "log_gradients": false,
    "seed": 20838,
    "bias": false,
    "threshold_testing": false,
    "loss_threshold": 0.0017157108429701616,
    "dropout": 0,
    "max_steps": 647,
    "test_dataset_filepath": "./datasets/graph_depth_first_search/1/11/normal/11111/1000/True/True/1/32/4/4/35476/20838/test_dataset",
    "warmup_ratio": 0.1,
    "run_id": "ba6d2544-7d38-4446-9bad-a4b9389b5620",
    "precision": "32",
    "lr": 0.1,
    "n_embd": 32,
    "grad_clip": 1,
    "mask_idx": 23,
    "test_batch_size": 64,
    "weight_decay": 0.1,
    "task": "graph_depth_first_search",
    "betas": [
      0.9,
      0.95
    ],
    "n_head": 4,
    "compute_budget": 1000000000000,
    "early_stopping": false,
    "val_dataset_filepath": "./datasets/graph_depth_first_search/1/11/normal/11111/1000/True/True/1/32/4/4/35476/20838/val_dataset"
  },
  "summary": {
    "_runtime": 304.56076192855835,
    "_step": 242,
    "_timestamp": 1735467025.6194708,
    "_wandb.runtime": 303,
    "epoch": 1,
    "lr-AdamW": 0.01149694202101363,
    "test_acc_result": 0.008999999612569809,
    "total_compute": 2003230261248,
    "train_loss_epoch": 1.0948344469070435,
    "train_loss_step": 0.694926917552948,
    "trainer/global_step": 647,
    "val_loss": 0.639263927936554
  }
}