{
  "config": {
    "n_layer": 16,
    "task_length": 11,
    "n_head": 4,
    "threshold_testing": false,
    "early_stopping": false,
    "test_batch_size": 64,
    "method": "normal",
    "run_id": "f9a43f8d-ad52-42eb-941b-2182d0c286b2",
    "warmup_ratio": 0.1,
    "grad_clip": 1,
    "batch_size": 64,
    "seed": 257,
    "n_embd": 16,
    "bias": false,
    "max_steps": 562,
    "val_dataset_filepath": "./datasets/graph_depth_first_search/1/11/normal/11111/100/True/True/1/16/16/4/16258/257/val_dataset",
    "task": "graph_depth_first_search",
    "compute_budget": 1000000000000,
    "train_dataset_filepath": "./datasets/graph_depth_first_search/1/11/normal/11111/100/True/True/1/16/16/4/16258/257/train_dataset",
    "project_name": "binary-graph_depth_first_search1-gridsearch-11-normal-11111-iteration-113040",
    "precision": "32",
    "lr": 0.01,
    "validation_ratio": 0.005,
    "mask_idx": 23,
    "loss_threshold": 0.0017157108429701616,
    "test_dataset_filepath": "./datasets/graph_depth_first_search/1/11/normal/11111/100/True/True/1/16/16/4/16258/257/test_dataset",
    "weight_decay": 0.1,
    "betas": [
      0.9,
      0.95
    ],
    "dropout": 0,
    "log_gradients": false
  },
  "summary": {
    "_runtime": 550.02885222435,
    "_step": 306,
    "_timestamp": 1735467604.2846441,
    "_wandb.runtime": 549,
    "epoch": 1,
    "lr-AdamW": 0.00101464981538036,
    "test_acc_result": 0.009999999776482582,
    "total_compute": 2164792492032,
    "train_loss_epoch": 1.1025829315185547,
    "train_loss_step": 0.652232825756073,
    "trainer/global_step": 562,
    "val_loss": 0.6694896221160889
  }
}