{
  "config": {
    "run_id": "f18e0015-3e62-44c5-82b0-9ec9f9de05db",
    "project_name": "binary-graph_depth_first_search1-gridsearch-11-normal-11111-iteration-113040",
    "val_dataset_filepath": "./datasets/graph_depth_first_search/1/11/normal/11111/10/True/True/1/8/4/4/7786/5361/val_dataset",
    "mask_idx": 23,
    "threshold_testing": false,
    "compute_budget": 1000000000000,
    "validation_ratio": 0.005,
    "log_gradients": false,
    "n_embd": 8,
    "train_dataset_filepath": "./datasets/graph_depth_first_search/1/11/normal/11111/10/True/True/1/8/4/4/7786/5361/train_dataset",
    "task": "graph_depth_first_search",
    "bias": false,
    "seed": 5361,
    "weight_decay": 0.1,
    "batch_size": 8,
    "precision": "32",
    "max_steps": 56566,
    "betas": [
      0.9,
      0.95
    ],
    "method": "normal",
    "lr": 0.001,
    "test_dataset_filepath": "./datasets/graph_depth_first_search/1/11/normal/11111/10/True/True/1/8/4/4/7786/5361/test_dataset",
    "dropout": 0,
    "early_stopping": false,
    "warmup_ratio": 0.1,
    "test_batch_size": 64,
    "loss_threshold": 0.0017157108429701616,
    "n_head": 4,
    "n_layer": 4,
    "grad_clip": 1,
    "task_length": 11
  },
  "summary": {
    "_runtime": 2314.021661758423,
    "_step": 2465,
    "_timestamp": 1735473884.9853418,
    "_wandb.runtime": 2313,
    "epoch": 1,
    "lr-AdamW": 0.00010000024761324541,
    "test_acc_result": 0.003000000026077032,
    "total_compute": 2370233057280,
    "train_loss_epoch": 1.3274787664413452,
    "train_loss_step": 1.1772408485412598,
    "trainer/global_step": 56566,
    "val_loss": 1.1173028945922852
  }
}