{
  "config": {
    "loss_threshold": 0.0017157108429701616,
    "n_layer": 16,
    "max_steps": 3,
    "project_name": "binary-graph_depth_first_search1-gridsearch-11-normal-11111-iteration-113040",
    "dropout": 0,
    "grad_clip": 1,
    "train_dataset_filepath": "./datasets/graph_depth_first_search/1/11/normal/11111/10/True/True/1/256/16/4/15948/989/train_dataset",
    "batch_size": 64,
    "bias": false,
    "task": "graph_depth_first_search",
    "weight_decay": 0.1,
    "val_dataset_filepath": "./datasets/graph_depth_first_search/1/11/normal/11111/10/True/True/1/256/16/4/15948/989/val_dataset",
    "lr": 0.001,
    "warmup_ratio": 0.1,
    "compute_budget": 1000000000000,
    "threshold_testing": false,
    "run_id": "57009c01-251d-4e82-8df4-031b9b65a4d2",
    "task_length": 11,
    "betas": [
      0.9,
      0.95
    ],
    "n_head": 4,
    "seed": 989,
    "precision": "32",
    "early_stopping": false,
    "test_batch_size": 64,
    "validation_ratio": 0.005,
    "method": "normal",
    "n_embd": 256,
    "log_gradients": false,
    "test_dataset_filepath": "./datasets/graph_depth_first_search/1/11/normal/11111/10/True/True/1/256/16/4/15948/989/test_dataset",
    "mask_idx": 23
  },
  "summary": {
    "_runtime": 563.998033285141,
    "_step": 6,
    "_timestamp": 1735473747.2808232,
    "_wandb.runtime": 563,
    "epoch": 1,
    "test_acc_result": 0,
    "total_compute": 1869996883968,
    "train_loss_epoch": 2.9072329998016357,
    "trainer/global_step": 3,
    "val_loss": 2.4798450469970703
  }
}