{
  "config": {
    "n_layer": 16,
    "seed": 14791,
    "max_steps": 14088,
    "log_gradients": false,
    "loss_threshold": 0.0017157108429701616,
    "validation_ratio": 0.005,
    "batch_size": 8,
    "warmup_ratio": 0.1,
    "project_name": "binary-graph_depth_first_search1-gridsearch-11-normal-11111-iteration-113040",
    "val_dataset_filepath": "./datasets/graph_depth_first_search/1/11/normal/11111/100/True/True/1/8/16/4/24915/14791/val_dataset",
    "lr": 0.01,
    "task_length": 11,
    "run_id": "ba16cb4a-fef0-40ed-ac03-91feccc4a99b",
    "compute_budget": 1000000000000,
    "early_stopping": false,
    "n_head": 4,
    "betas": [
      0.9,
      0.95
    ],
    "weight_decay": 0.1,
    "bias": false,
    "task": "graph_depth_first_search",
    "dropout": 0,
    "test_dataset_filepath": "./datasets/graph_depth_first_search/1/11/normal/11111/100/True/True/1/8/16/4/24915/14791/test_dataset",
    "threshold_testing": false,
    "precision": "32",
    "grad_clip": 1,
    "mask_idx": 23,
    "method": "normal",
    "n_embd": 8,
    "train_dataset_filepath": "./datasets/graph_depth_first_search/1/11/normal/11111/100/True/True/1/8/16/4/24915/14791/train_dataset",
    "test_batch_size": 64
  },
  "summary": {
    "_runtime": 1482.630882024765,
    "_step": 766,
    "_timestamp": 1735477079.815064,
    "_wandb.runtime": 1482,
    "epoch": 1,
    "lr-AdamW": 0.0010002100726874664,
    "test_acc_result": 0.003000000026077032,
    "total_compute": 2361266012160,
    "train_loss_epoch": 1.1207560300827026,
    "train_loss_step": 0.8712540864944458,
    "trainer/global_step": 14088,
    "val_loss": 0.8716353178024292
  }
}