{
  "config": {
    "early_stopping": false,
    "precision": "32",
    "compute_budget": 1000000000000,
    "warmup_ratio": 0.1,
    "bias": false,
    "max_steps": 368,
    "test_batch_size": 64,
    "task_length": 11,
    "train_dataset_filepath": "./datasets/graph_depth_first_search/1/11/normal/11111/1000/True/True/1/128/4/4/1043/26001/train_dataset",
    "log_gradients": false,
    "dropout": 0,
    "loss_threshold": 0.0017157108429701616,
    "val_dataset_filepath": "./datasets/graph_depth_first_search/1/11/normal/11111/1000/True/True/1/128/4/4/1043/26001/val_dataset",
    "validation_ratio": 0.005,
    "lr": 0.1,
    "grad_clip": 1,
    "run_id": "21d5490a-0973-4b95-aa1d-642a23b026f5",
    "n_embd": 128,
    "batch_size": 8,
    "betas": [
      0.9,
      0.95
    ],
    "threshold_testing": false,
    "project_name": "binary-graph_depth_first_search1-gridsearch-11-normal-11111-iteration-113040",
    "n_head": 4,
    "test_dataset_filepath": "./datasets/graph_depth_first_search/1/11/normal/11111/1000/True/True/1/128/4/4/1043/26001/test_dataset",
    "weight_decay": 0.1,
    "method": "normal",
    "n_layer": 4,
    "seed": 26001,
    "task": "graph_depth_first_search",
    "mask_idx": 23
  },
  "summary": {
    "_runtime": 452.6772541999817,
    "_step": 385,
    "_timestamp": 1735473903.038613,
    "_wandb.runtime": 452,
    "epoch": 1,
    "lr-AdamW": 0.010725342496672539,
    "test_acc_result": 0,
    "total_compute": 1861610373120,
    "train_loss_epoch": 2.406503200531006,
    "train_loss_step": 2.283416509628296,
    "trainer/global_step": 368,
    "val_loss": 2.299680471420288
  }
}