{
  "config": {
    "betas": [
      0.9,
      0.95
    ],
    "task_length": 11,
    "weight_decay": 0.1,
    "bias": false,
    "train_dataset_filepath": "./datasets/graph_depth_first_search/1/11/normal/11111/10/True/True/1/512/4/4/150/20745/train_dataset",
    "batch_size": 8,
    "log_gradients": false,
    "project_name": "binary-graph_depth_first_search1-gridsearch-11-normal-11111-iteration-113040",
    "run_id": "78a65374-fdd6-41c5-8a5b-a4b281def7c4",
    "lr": 0.001,
    "n_embd": 512,
    "dropout": 0,
    "task": "graph_depth_first_search",
    "seed": 20745,
    "val_dataset_filepath": "./datasets/graph_depth_first_search/1/11/normal/11111/10/True/True/1/512/4/4/150/20745/val_dataset",
    "test_dataset_filepath": "./datasets/graph_depth_first_search/1/11/normal/11111/10/True/True/1/512/4/4/150/20745/test_dataset",
    "validation_ratio": 0.005,
    "method": "normal",
    "precision": "32",
    "loss_threshold": 0.0017157108429701616,
    "early_stopping": false,
    "mask_idx": 23,
    "compute_budget": 1000000000000,
    "grad_clip": 1,
    "threshold_testing": false,
    "n_head": 4,
    "test_batch_size": 64,
    "max_steps": 24,
    "n_layer": 4,
    "warmup_ratio": 0.1
  },
  "summary": {
    "_runtime": 386.5425457954407,
    "_step": 27,
    "_timestamp": 1735478847.9772427,
    "_wandb.runtime": 385,
    "epoch": 1,
    "test_acc_result": 0,
    "total_compute": 1833720348672,
    "train_loss_epoch": 2.3304851055145264,
    "trainer/global_step": 24,
    "val_loss": 1.9895756244659424
  }
}