{
  "config": {
    "max_steps": 561,
    "precision": "32",
    "log_gradients": false,
    "n_head": 4,
    "method": "normal",
    "weight_decay": 0.1,
    "test_dataset_filepath": "./datasets/graph_depth_first_search/1/11/normal/11111/1000/True/True/1/16/16/4/17349/13255/test_dataset",
    "project_name": "binary-graph_depth_first_search1-gridsearch-11-normal-11111-iteration-113040",
    "mask_idx": 23,
    "bias": false,
    "betas": [
      0.9,
      0.95
    ],
    "grad_clip": 1,
    "task_length": 11,
    "n_layer": 16,
    "early_stopping": false,
    "train_dataset_filepath": "./datasets/graph_depth_first_search/1/11/normal/11111/1000/True/True/1/16/16/4/17349/13255/train_dataset",
    "lr": 0.1,
    "run_id": "230173d4-842a-4073-956b-ac3f5d6a7a22",
    "batch_size": 64,
    "loss_threshold": 0.0017157108429701616,
    "warmup_ratio": 0.1,
    "validation_ratio": 0.005,
    "compute_budget": 1000000000000,
    "test_batch_size": 64,
    "threshold_testing": false,
    "seed": 13255,
    "n_embd": 16,
    "dropout": 0,
    "task": "graph_depth_first_search",
    "val_dataset_filepath": "./datasets/graph_depth_first_search/1/11/normal/11111/1000/True/True/1/16/16/4/17349/13255/val_dataset"
  },
  "summary": {
    "_runtime": 1256.0788247585297,
    "_step": 305,
    "_timestamp": 1735471876.3080187,
    "_wandb.runtime": 1255,
    "epoch": 1,
    "lr-AdamW": 0.01012533151829218,
    "test_acc_result": 0.010999999940395355,
    "total_compute": 2160940548096,
    "train_loss_epoch": 1.1440709829330444,
    "train_loss_step": 0.6531774997711182,
    "trainer/global_step": 561,
    "val_loss": 0.6645793318748474
  }
}