{
  "config": {
    "compute_budget": 1000000000000,
    "method": "normal",
    "log_gradients": false,
    "test_dataset_filepath": "./datasets/graph_depth_first_search/1/11/normal/11111/10/True/True/1/512/16/4/27560/37114/test_dataset",
    "threshold_testing": false,
    "betas": [
      0.9,
      0.95
    ],
    "mask_idx": 23,
    "max_steps": 1,
    "n_layer": 16,
    "n_embd": 512,
    "train_dataset_filepath": "./datasets/graph_depth_first_search/1/11/normal/11111/10/True/True/1/512/16/4/27560/37114/train_dataset",
    "early_stopping": false,
    "batch_size": 64,
    "lr": 0.001,
    "grad_clip": 1,
    "warmup_ratio": 0.1,
    "task": "graph_depth_first_search",
    "seed": 37114,
    "test_batch_size": 64,
    "weight_decay": 0.1,
    "n_head": 4,
    "task_length": 11,
    "val_dataset_filepath": "./datasets/graph_depth_first_search/1/11/normal/11111/10/True/True/1/512/16/4/27560/37114/val_dataset",
    "dropout": 0,
    "run_id": "d5a6770d-a3d4-4ea5-9165-5b80ee9b54cb",
    "project_name": "binary-graph_depth_first_search1-gridsearch-11-normal-11111-iteration-113040",
    "validation_ratio": 0.005,
    "loss_threshold": 0.0017157108429701616,
    "bias": false,
    "precision": "32"
  },
  "summary": {
    "_runtime": 557.1293022632599,
    "_step": 4,
    "_timestamp": 1735468066.7380214,
    "_wandb.runtime": 556,
    "epoch": 1,
    "test_acc_result": 0,
    "total_compute": 2444960464896,
    "train_loss_epoch": 3.599525213241577,
    "trainer/global_step": 1,
    "val_loss": 2.4969162940979004
  }
}