{
  "config": {
    "task_length": 11,
    "train_dataset_filepath": "./datasets/graph_depth_first_search/1/11/normal/11111/10/True/True/1/32/16/4/38556/25414/train_dataset",
    "early_stopping": false,
    "dropout": 0,
    "warmup_ratio": 0.1,
    "log_gradients": false,
    "threshold_testing": false,
    "mask_idx": 23,
    "grad_clip": 1,
    "bias": false,
    "n_head": 4,
    "test_dataset_filepath": "./datasets/graph_depth_first_search/1/11/normal/11111/10/True/True/1/32/16/4/38556/25414/test_dataset",
    "precision": "32",
    "n_layer": 16,
    "loss_threshold": 0.0017157108429701616,
    "batch_size": 64,
    "max_steps": 161,
    "weight_decay": 0.1,
    "lr": 0.001,
    "val_dataset_filepath": "./datasets/graph_depth_first_search/1/11/normal/11111/10/True/True/1/32/16/4/38556/25414/val_dataset",
    "method": "normal",
    "test_batch_size": 64,
    "run_id": "f2bbda7a-cc72-434a-aa5d-00c69721c310",
    "betas": [
      0.9,
      0.95
    ],
    "project_name": "binary-graph_depth_first_search1-gridsearch-11-normal-11111-iteration-113040",
    "seed": 25414,
    "n_embd": 32,
    "task": "graph_depth_first_search",
    "validation_ratio": 0.005,
    "compute_budget": 1000000000000
  },
  "summary": {
    "_runtime": 722.2614028453827,
    "_step": 170,
    "_timestamp": 1735472538.1786458,
    "_wandb.runtime": 721,
    "epoch": 1,
    "lr-AdamW": 0.0001151238012438869,
    "test_acc_result": 0,
    "total_compute": 1993941712896,
    "train_loss_epoch": 2.230527400970459,
    "train_loss_step": 1.8044822216033936,
    "trainer/global_step": 161,
    "val_loss": 1.7999958992004395
  }
}