{
  "config": {
    "dropout": 0,
    "warmup_ratio": 0.1,
    "val_dataset_filepath": "./datasets/graph_depth_first_search/1/11/normal/11111/1000/True/True/1/128/16/4/23802/37817/val_dataset",
    "train_dataset_filepath": "./datasets/graph_depth_first_search/1/11/normal/11111/1000/True/True/1/128/16/4/23802/37817/train_dataset",
    "compute_budget": 1000000000000,
    "loss_threshold": 0.0017157108429701616,
    "lr": 0.1,
    "n_head": 4,
    "log_gradients": false,
    "threshold_testing": false,
    "betas": [
      0.9,
      0.95
    ],
    "precision": "32",
    "grad_clip": 1,
    "seed": 37817,
    "run_id": "0c554505-0fdd-4b52-816e-abb43f4a0b42",
    "batch_size": 64,
    "method": "normal",
    "test_batch_size": 64,
    "mask_idx": 23,
    "task": "graph_depth_first_search",
    "project_name": "binary-graph_depth_first_search1-gridsearch-11-normal-11111-iteration-113040",
    "n_layer": 16,
    "n_embd": 128,
    "bias": false,
    "max_steps": 12,
    "validation_ratio": 0.005,
    "early_stopping": false,
    "task_length": 11,
    "weight_decay": 0.1,
    "test_dataset_filepath": "./datasets/graph_depth_first_search/1/11/normal/11111/1000/True/True/1/128/16/4/23802/37817/test_dataset"
  },
  "summary": {
    "_runtime": 411.629031419754,
    "_step": 15,
    "_timestamp": 1735477008.3721373,
    "_wandb.runtime": 410,
    "epoch": 1,
    "test_acc_result": 0,
    "total_compute": 1942549954560,
    "train_loss_epoch": 6.690525054931641,
    "trainer/global_step": 12,
    "val_loss": 4.244348526000977
  }
}