{
  "config": {
    "early_stopping": false,
    "weight_decay": 0.1,
    "batch_size": 8,
    "validation_ratio": 0.005,
    "threshold_testing": false,
    "log_gradients": false,
    "grad_clip": 1,
    "run_id": "e36e252d-bdd9-4d63-966b-04c94c7f5736",
    "compute_budget": 1000000000000,
    "test_dataset_filepath": "./datasets/graph_depth_first_search/1/11/normal/11111/100/True/True/1/32/4/4/11331/14541/test_dataset",
    "loss_threshold": 0.0017157108429701616,
    "task": "graph_depth_first_search",
    "train_dataset_filepath": "./datasets/graph_depth_first_search/1/11/normal/11111/100/True/True/1/32/4/4/11331/14541/train_dataset",
    "dropout": 0,
    "mask_idx": 23,
    "n_head": 4,
    "val_dataset_filepath": "./datasets/graph_depth_first_search/1/11/normal/11111/100/True/True/1/32/4/4/11331/14541/val_dataset",
    "seed": 14541,
    "n_embd": 32,
    "precision": "32",
    "method": "normal",
    "lr": 0.01,
    "n_layer": 4,
    "project_name": "binary-graph_depth_first_search1-gridsearch-11-normal-11111-iteration-113040",
    "max_steps": 5247,
    "warmup_ratio": 0.1,
    "bias": false,
    "betas": [
      0.9,
      0.95
    ],
    "test_batch_size": 64,
    "task_length": 11
  },
  "summary": {
    "_runtime": 507.32322430610657,
    "_step": 412,
    "_timestamp": 1735477392.7532403,
    "_wandb.runtime": 506,
    "epoch": 1,
    "lr-AdamW": 0.0010022934641363888,
    "test_acc_result": 0.6209999918937683,
    "total_compute": 2030708883456,
    "train_loss_epoch": 0.5451361536979675,
    "train_loss_step": 0.08434207737445831,
    "trainer/global_step": 5247,
    "val_loss": 0.10421489179134369
  }
}