{
  "config": {
    "dropout": 0,
    "grad_clip": 1,
    "bias": false,
    "n_head": 4,
    "validation_ratio": 0.005,
    "warmup_ratio": 0.1,
    "test_dataset_filepath": "./datasets/graph_depth_first_search/1/11/normal/11111/100/True/True/1/512/4/4/1741/14266/test_dataset",
    "betas": [
      0.9,
      0.95
    ],
    "run_id": "e7873935-5f27-4e0b-83f9-7a20f35f21f5",
    "mask_idx": 23,
    "loss_threshold": 0.0017157108429701616,
    "n_embd": 512,
    "compute_budget": 1000000000000,
    "task": "graph_depth_first_search",
    "task_length": 11,
    "log_gradients": false,
    "train_dataset_filepath": "./datasets/graph_depth_first_search/1/11/normal/11111/100/True/True/1/512/4/4/1741/14266/train_dataset",
    "precision": "32",
    "project_name": "binary-graph_depth_first_search1-gridsearch-11-normal-11111-iteration-113040",
    "seed": 14266,
    "n_layer": 4,
    "max_steps": 24,
    "val_dataset_filepath": "./datasets/graph_depth_first_search/1/11/normal/11111/100/True/True/1/512/4/4/1741/14266/val_dataset",
    "method": "normal",
    "weight_decay": 0.1,
    "lr": 0.01,
    "test_batch_size": 64,
    "early_stopping": false,
    "threshold_testing": false,
    "batch_size": 8
  },
  "summary": {
    "_runtime": 582.713634967804,
    "_step": 27,
    "_timestamp": 1735472549.056638,
    "_wandb.runtime": 582,
    "epoch": 1,
    "test_acc_result": 0,
    "total_compute": 1833720348672,
    "train_loss_epoch": 3.2093029022216797,
    "trainer/global_step": 24,
    "val_loss": 2.578481674194336
  }
}