{
  "config": {
    "max_steps": 24,
    "weight_decay": 0.1,
    "seed": 6246,
    "log_gradients": false,
    "lr": 0.0001,
    "grad_clip": 1,
    "train_dataset_filepath": "./datasets/graph_depth_first_search/1/11/normal/11111/1/True/True/1/512/4/4/37750/6246/train_dataset",
    "bias": false,
    "early_stopping": false,
    "precision": "32",
    "project_name": "binary-graph_depth_first_search1-gridsearch-11-normal-11111-iteration-113040",
    "warmup_ratio": 0.1,
    "task_length": 11,
    "compute_budget": 1000000000000,
    "test_batch_size": 64,
    "test_dataset_filepath": "./datasets/graph_depth_first_search/1/11/normal/11111/1/True/True/1/512/4/4/37750/6246/test_dataset",
    "n_head": 4,
    "method": "normal",
    "loss_threshold": 0.0017157108429701616,
    "val_dataset_filepath": "./datasets/graph_depth_first_search/1/11/normal/11111/1/True/True/1/512/4/4/37750/6246/val_dataset",
    "task": "graph_depth_first_search",
    "dropout": 0,
    "n_embd": 512,
    "validation_ratio": 0.005,
    "batch_size": 8,
    "n_layer": 4,
    "mask_idx": 23,
    "betas": [
      0.9,
      0.95
    ],
    "run_id": "9d0c6b41-309e-426a-9893-1ae08564cbe8",
    "threshold_testing": false
  },
  "summary": {
    "_runtime": 313.91050148010254,
    "_step": 27,
    "_timestamp": 1735475309.8004465,
    "_wandb.runtime": 313,
    "epoch": 1,
    "test_acc_result": 0,
    "total_compute": 1833720348672,
    "train_loss_epoch": 2.465487480163574,
    "trainer/global_step": 24,
    "val_loss": 2.2181074619293213
  }
}