{
  "config": {
    "bias": false,
    "threshold_testing": false,
    "project_name": "binary-graph_depth_first_search1-gridsearch-11-normal-11111-iteration-113040",
    "max_steps": 3,
    "val_dataset_filepath": "./datasets/graph_depth_first_search/1/11/normal/11111/1000/True/True/1/512/4/4/19761/6202/val_dataset",
    "dropout": 0,
    "loss_threshold": 0.0017157108429701616,
    "n_embd": 512,
    "weight_decay": 0.1,
    "n_layer": 4,
    "grad_clip": 1,
    "test_batch_size": 64,
    "early_stopping": false,
    "warmup_ratio": 0.1,
    "train_dataset_filepath": "./datasets/graph_depth_first_search/1/11/normal/11111/1000/True/True/1/512/4/4/19761/6202/train_dataset",
    "task": "graph_depth_first_search",
    "method": "normal",
    "batch_size": 64,
    "log_gradients": false,
    "validation_ratio": 0.005,
    "run_id": "a2117711-048b-4198-9581-714f3b10abe9",
    "seed": 6202,
    "n_head": 4,
    "mask_idx": 23,
    "task_length": 11,
    "precision": "32",
    "betas": [
      0.9,
      0.95
    ],
    "lr": 0.1,
    "compute_budget": 1000000000000,
    "test_dataset_filepath": "./datasets/graph_depth_first_search/1/11/normal/11111/1000/True/True/1/512/4/4/19761/6202/test_dataset"
  },
  "summary": {
    "_runtime": 317.219731092453,
    "_step": 6,
    "_timestamp": 1735467013.94547,
    "_wandb.runtime": 316,
    "epoch": 1,
    "test_acc_result": 0,
    "total_compute": 1833720348672,
    "train_loss_epoch": 7.699676513671875,
    "trainer/global_step": 3,
    "val_loss": 11.535303115844727
  }
}