{
  "config": {
    "precision": "32",
    "batch_size": 8,
    "threshold_testing": false,
    "train_dataset_filepath": "./datasets/graph_depth_first_search/1/11/normal/11111/100/True/True/1/128/4/4/19620/33816/train_dataset",
    "test_batch_size": 64,
    "mask_idx": 23,
    "loss_threshold": 0.0017157108429701616,
    "weight_decay": 0.1,
    "task_length": 11,
    "grad_clip": 1,
    "betas": [
      0.9,
      0.95
    ],
    "n_head": 4,
    "n_layer": 4,
    "test_dataset_filepath": "./datasets/graph_depth_first_search/1/11/normal/11111/100/True/True/1/128/4/4/19620/33816/test_dataset",
    "method": "normal",
    "val_dataset_filepath": "./datasets/graph_depth_first_search/1/11/normal/11111/100/True/True/1/128/4/4/19620/33816/val_dataset",
    "log_gradients": false,
    "validation_ratio": 0.005,
    "bias": false,
    "dropout": 0,
    "task": "graph_depth_first_search",
    "max_steps": 370,
    "early_stopping": false,
    "project_name": "binary-graph_depth_first_search1-gridsearch-11-normal-11111-iteration-113040",
    "run_id": "5e02a215-79ed-4b36-a4f1-4fea086297ac",
    "n_embd": 128,
    "compute_budget": 1000000000000,
    "warmup_ratio": 0.1,
    "lr": 0.01,
    "seed": 33816
  },
  "summary": {
    "_runtime": 1214.2770717144012,
    "_step": 387,
    "_timestamp": 1735472199.9773138,
    "_wandb.runtime": 1213,
    "epoch": 1,
    "lr-AdamW": 0.0010880260841740297,
    "test_acc_result": 0,
    "total_compute": 1871727820800,
    "train_loss_epoch": 1.7109836339950562,
    "train_loss_step": 1.420210599899292,
    "trainer/global_step": 370,
    "val_loss": 1.4615209102630615
  }
}