{
  "config": {
    "max_steps": 3,
    "task_length": 11,
    "loss_threshold": 0.0017157108429701616,
    "dropout": 0,
    "run_id": "4c7bc3cf-1f83-4bfb-b7c2-b91ab2f76d0e",
    "lr": 0.01,
    "n_embd": 256,
    "n_layer": 16,
    "grad_clip": 1,
    "validation_ratio": 0.005,
    "batch_size": 64,
    "test_batch_size": 64,
    "val_dataset_filepath": "./datasets/graph_depth_first_search/1/11/normal/11111/100/True/True/1/256/16/4/16883/21248/val_dataset",
    "task": "graph_depth_first_search",
    "test_dataset_filepath": "./datasets/graph_depth_first_search/1/11/normal/11111/100/True/True/1/256/16/4/16883/21248/test_dataset",
    "log_gradients": false,
    "seed": 21248,
    "n_head": 4,
    "betas": [
      0.9,
      0.95
    ],
    "weight_decay": 0.1,
    "precision": "32",
    "warmup_ratio": 0.1,
    "method": "normal",
    "bias": false,
    "mask_idx": 23,
    "compute_budget": 1000000000000,
    "early_stopping": false,
    "project_name": "binary-graph_depth_first_search1-gridsearch-11-normal-11111-iteration-113040",
    "train_dataset_filepath": "./datasets/graph_depth_first_search/1/11/normal/11111/100/True/True/1/256/16/4/16883/21248/train_dataset",
    "threshold_testing": false
  },
  "summary": {
    "_runtime": 375.354549407959,
    "_step": 6,
    "_timestamp": 1735475380.9166083,
    "_wandb.runtime": 374,
    "epoch": 1,
    "test_acc_result": 0,
    "total_compute": 1869996883968,
    "train_loss_epoch": 3.6110827922821045,
    "trainer/global_step": 3,
    "val_loss": 3.7659950256347656
  }
}