{
  "config": {
    "project_name": "binary-graph_depth_first_search1-gridsearch-11-normal-11111-iteration-113040",
    "val_dataset_filepath": "./datasets/graph_depth_first_search/1/11/normal/11111/10/True/True/1/16/4/4/17915/8339/val_dataset",
    "train_dataset_filepath": "./datasets/graph_depth_first_search/1/11/normal/11111/10/True/True/1/16/4/4/17915/8339/train_dataset",
    "max_steps": 17670,
    "log_gradients": false,
    "bias": false,
    "lr": 0.001,
    "test_batch_size": 64,
    "n_layer": 4,
    "n_embd": 16,
    "grad_clip": 1,
    "method": "normal",
    "batch_size": 8,
    "n_head": 4,
    "weight_decay": 0.1,
    "test_dataset_filepath": "./datasets/graph_depth_first_search/1/11/normal/11111/10/True/True/1/16/4/4/17915/8339/test_dataset",
    "loss_threshold": 0.0017157108429701616,
    "betas": [
      0.9,
      0.95
    ],
    "compute_budget": 1000000000000,
    "dropout": 0,
    "run_id": "89d4ff7b-b4a8-4c6d-8ad7-821cca0bb795",
    "mask_idx": 23,
    "warmup_ratio": 0.1,
    "seed": 8339,
    "task_length": 11,
    "early_stopping": false,
    "threshold_testing": false,
    "task": "graph_depth_first_search",
    "precision": "32",
    "validation_ratio": 0.005
  },
  "summary": {
    "_runtime": 807.8549230098724,
    "_step": 909,
    "_timestamp": 1735467334.549733,
    "_wandb.runtime": 807,
    "epoch": 1,
    "lr-AdamW": 0.00010000387223862105,
    "test_acc_result": 0.014000000432133675,
    "total_compute": 2126995292160,
    "train_loss_epoch": 0.9281145930290222,
    "train_loss_step": 0.7055599689483643,
    "trainer/global_step": 17670,
    "val_loss": 0.6370768547058105
  }
}