{
  "config": {
    "n_layer": 16,
    "val_dataset_filepath": "./datasets/graph_depth_first_search/1/11/normal/11111/1000/True/True/1/8/16/4/15093/39722/val_dataset",
    "dropout": 0,
    "test_batch_size": 64,
    "n_head": 4,
    "train_dataset_filepath": "./datasets/graph_depth_first_search/1/11/normal/11111/1000/True/True/1/8/16/4/15093/39722/train_dataset",
    "loss_threshold": 0.0017157108429701616,
    "mask_idx": 23,
    "batch_size": 64,
    "task_length": 11,
    "project_name": "binary-graph_depth_first_search1-gridsearch-11-normal-11111-iteration-113040",
    "max_steps": 1754,
    "run_id": "3c1aa6b2-bee2-4c8e-8098-01295018f708",
    "test_dataset_filepath": "./datasets/graph_depth_first_search/1/11/normal/11111/1000/True/True/1/8/16/4/15093/39722/test_dataset",
    "threshold_testing": false,
    "task": "graph_depth_first_search",
    "seed": 39722,
    "validation_ratio": 0.005,
    "method": "normal",
    "grad_clip": 1,
    "early_stopping": false,
    "bias": false,
    "n_embd": 8,
    "betas": [
      0.9,
      0.95
    ],
    "log_gradients": false,
    "compute_budget": 1000000000000,
    "warmup_ratio": 0.1,
    "weight_decay": 0.1,
    "lr": 0.1,
    "precision": "32"
  },
  "summary": {
    "_runtime": 922.0012943744659,
    "_step": 292,
    "_timestamp": 1735472533.3818963,
    "_wandb.runtime": 921,
    "epoch": 1,
    "lr-AdamW": 0.010002226662681819,
    "test_acc_result": 0.004999999888241291,
    "total_compute": 2351879946240,
    "train_loss_epoch": 1.2441997528076172,
    "train_loss_step": 0.9113038182258606,
    "trainer/global_step": 1754,
    "val_loss": 0.905482292175293
  }
}