{
  "config": {
    "compute_budget": 1000000000000,
    "train_dataset_filepath": "./datasets/graph_depth_first_search/1/11/normal/11111/1000/True/True/1/512/4/4/35971/26702/train_dataset",
    "method": "normal",
    "dropout": 0,
    "task": "graph_depth_first_search",
    "n_layer": 4,
    "warmup_ratio": 0.1,
    "test_batch_size": 64,
    "test_dataset_filepath": "./datasets/graph_depth_first_search/1/11/normal/11111/1000/True/True/1/512/4/4/35971/26702/test_dataset",
    "task_length": 11,
    "n_embd": 512,
    "betas": [
      0.9,
      0.95
    ],
    "log_gradients": false,
    "project_name": "binary-graph_depth_first_search1-gridsearch-11-normal-11111-iteration-113040",
    "bias": false,
    "n_head": 4,
    "run_id": "d878fa1f-53ac-4086-bd2d-70be7c27f0eb",
    "grad_clip": 1,
    "threshold_testing": false,
    "weight_decay": 0.1,
    "precision": "32",
    "lr": 0.1,
    "val_dataset_filepath": "./datasets/graph_depth_first_search/1/11/normal/11111/1000/True/True/1/512/4/4/35971/26702/val_dataset",
    "batch_size": 8,
    "early_stopping": false,
    "loss_threshold": 0.0017157108429701616,
    "seed": 26702,
    "mask_idx": 23,
    "validation_ratio": 0.005,
    "max_steps": 24
  },
  "summary": {
    "_runtime": 751.1690957546234,
    "_step": 27,
    "_timestamp": 1735472064.9073327,
    "_wandb.runtime": 750,
    "epoch": 1,
    "test_acc_result": 0,
    "total_compute": 1833720348672,
    "train_loss_epoch": 20.717735290527344,
    "trainer/global_step": 24,
    "val_loss": 9.114980697631836
  }
}