{
  "config": {
    "betas": [
      0.9,
      0.95
    ],
    "threshold_testing": false,
    "warmup_ratio": 0.1,
    "loss_threshold": 0.0017157108429701616,
    "n_head": 4,
    "precision": "32",
    "validation_ratio": 0.005,
    "lr": 0.001,
    "n_embd": 32,
    "seed": 30407,
    "dropout": 0,
    "train_dataset_filepath": "./datasets/graph_depth_first_search/1/11/normal/11111/10/True/True/1/32/16/4/35678/30407/train_dataset",
    "max_steps": 1287,
    "task_length": 11,
    "log_gradients": false,
    "mask_idx": 23,
    "batch_size": 8,
    "bias": false,
    "n_layer": 16,
    "project_name": "binary-graph_depth_first_search1-gridsearch-11-normal-11111-iteration-113040",
    "task": "graph_depth_first_search",
    "val_dataset_filepath": "./datasets/graph_depth_first_search/1/11/normal/11111/10/True/True/1/32/16/4/35678/30407/val_dataset",
    "grad_clip": 1,
    "method": "normal",
    "run_id": "d3f18c21-2b49-4325-99a4-7d7c7111a738",
    "early_stopping": false,
    "weight_decay": 0.1,
    "compute_budget": 1000000000000,
    "test_batch_size": 64,
    "test_dataset_filepath": "./datasets/graph_depth_first_search/1/11/normal/11111/10/True/True/1/32/16/4/35678/30407/test_dataset"
  },
  "summary": {
    "_runtime": 431.85784244537354,
    "_step": 267,
    "_timestamp": 1735474925.2635233,
    "_wandb.runtime": 431,
    "epoch": 1,
    "lr-AdamW": 0.00010238505597343493,
    "test_acc_result": 0.003000000026077032,
    "total_compute": 1992393621504,
    "train_loss_epoch": 1.2123215198516846,
    "train_loss_step": 0.7463887333869934,
    "trainer/global_step": 1287,
    "val_loss": 0.7493903636932373
  }
}