{
  "config": {
    "betas": [
      0.9,
      0.95
    ],
    "early_stopping": false,
    "n_layer": 4,
    "task_length": 11,
    "seed": 39103,
    "precision": "32",
    "project_name": "binary-graph_depth_first_search1-gridsearch-11-normal-11111-iteration-113040",
    "lr": 0.0001,
    "bias": false,
    "validation_ratio": 0.005,
    "val_dataset_filepath": "./datasets/graph_depth_first_search/1/11/normal/11111/1/True/True/1/16/4/4/26915/39103/val_dataset",
    "threshold_testing": false,
    "compute_budget": 1000000000000,
    "test_dataset_filepath": "./datasets/graph_depth_first_search/1/11/normal/11111/1/True/True/1/16/4/4/26915/39103/test_dataset",
    "weight_decay": 0.1,
    "method": "normal",
    "run_id": "63da4b44-d495-4771-9f98-84776e7a6c40",
    "grad_clip": 1,
    "task": "graph_depth_first_search",
    "n_embd": 16,
    "max_steps": 18217,
    "loss_threshold": 0.0017157108429701616,
    "dropout": 0,
    "mask_idx": 23,
    "log_gradients": false,
    "train_dataset_filepath": "./datasets/graph_depth_first_search/1/11/normal/11111/1/True/True/1/16/4/4/26915/39103/train_dataset",
    "batch_size": 8,
    "test_batch_size": 64,
    "n_head": 4,
    "warmup_ratio": 0.1
  },
  "summary": {
    "_runtime": 748.93727684021,
    "_step": 931,
    "_timestamp": 1735474626.6762228,
    "_wandb.runtime": 748,
    "epoch": 1,
    "lr-AdamW": 1.0000267640001672e-05,
    "test_acc_result": 0.0020000000949949026,
    "total_compute": 2192839458816,
    "train_loss_epoch": 1.7286975383758545,
    "train_loss_step": 1.089892864227295,
    "trainer/global_step": 18217,
    "val_loss": 1.3404741287231445
  }
}