{
  "config": {
    "loss_threshold": 0.0017157108429701616,
    "validation_ratio": 0.005,
    "task": "graph_depth_first_search",
    "early_stopping": false,
    "bias": false,
    "method": "normal",
    "compute_budget": 1000000000000,
    "mask_idx": 23,
    "lr": 0.0001,
    "seed": 19097,
    "task_length": 11,
    "precision": "32",
    "test_batch_size": 64,
    "n_head": 4,
    "warmup_ratio": 0.1,
    "val_dataset_filepath": "./datasets/graph_depth_first_search/1/11/normal/11111/1/True/True/1/8/16/4/2166/19097/val_dataset",
    "batch_size": 64,
    "grad_clip": 1,
    "train_dataset_filepath": "./datasets/graph_depth_first_search/1/11/normal/11111/1/True/True/1/8/16/4/2166/19097/train_dataset",
    "weight_decay": 0.1,
    "test_dataset_filepath": "./datasets/graph_depth_first_search/1/11/normal/11111/1/True/True/1/8/16/4/2166/19097/test_dataset",
    "betas": [
      0.9,
      0.95
    ],
    "run_id": "9eccf172-8f40-495c-a685-dedcc3c40812",
    "log_gradients": false,
    "dropout": 0,
    "n_layer": 16,
    "project_name": "binary-graph_depth_first_search1-gridsearch-11-normal-11111-iteration-113040",
    "n_embd": 8,
    "max_steps": 1799,
    "threshold_testing": false
  },
  "summary": {
    "_runtime": 704.3256146907806,
    "_step": 297,
    "_timestamp": 1735472791.3366396,
    "_wandb.runtime": 703,
    "epoch": 1,
    "lr-AdamW": 1.0211374189307538e-05,
    "test_acc_result": 0,
    "total_compute": 2412218941440,
    "train_loss_epoch": 2.913428544998169,
    "train_loss_step": 2.6914708614349365,
    "trainer/global_step": 1799,
    "val_loss": 2.67553973197937
  }
}