{
  "config": {
    "val_dataset_filepath": "./datasets/graph_depth_first_search/1/11/normal/11111/10/True/True/1/128/4/4/39825/3882/val_dataset",
    "mask_idx": 23,
    "threshold_testing": false,
    "max_steps": 366,
    "loss_threshold": 0.0017157108429701616,
    "warmup_ratio": 0.1,
    "early_stopping": false,
    "seed": 3882,
    "grad_clip": 1,
    "n_embd": 128,
    "log_gradients": false,
    "project_name": "binary-graph_depth_first_search1-gridsearch-11-normal-11111-iteration-113040",
    "test_batch_size": 64,
    "n_layer": 4,
    "weight_decay": 0.1,
    "test_dataset_filepath": "./datasets/graph_depth_first_search/1/11/normal/11111/10/True/True/1/128/4/4/39825/3882/test_dataset",
    "task": "graph_depth_first_search",
    "task_length": 11,
    "compute_budget": 1000000000000,
    "validation_ratio": 0.005,
    "dropout": 0,
    "batch_size": 8,
    "run_id": "06b1833f-f196-4580-a233-6ba2ce7202d8",
    "method": "normal",
    "train_dataset_filepath": "./datasets/graph_depth_first_search/1/11/normal/11111/10/True/True/1/128/4/4/39825/3882/train_dataset",
    "precision": "32",
    "lr": 0.001,
    "bias": false,
    "n_head": 4,
    "betas": [
      0.9,
      0.95
    ]
  },
  "summary": {
    "_runtime": 564.7831120491028,
    "_step": 383,
    "_timestamp": 1735478151.947103,
    "_wandb.runtime": 564,
    "epoch": 1,
    "lr-AdamW": 0.00010588036246998298,
    "test_acc_result": 0,
    "total_compute": 1851492925440,
    "train_loss_epoch": 1.423342227935791,
    "train_loss_step": 0.9888156652450562,
    "trainer/global_step": 366,
    "val_loss": 0.9890543818473816
  }
}