{
  "config": {
    "precision": "32",
    "max_steps": 5020,
    "task_length": 11,
    "bias": false,
    "lr": 0.1,
    "early_stopping": false,
    "seed": 16381,
    "dropout": 0,
    "validation_ratio": 0.005,
    "task": "graph_depth_first_search",
    "threshold_testing": false,
    "val_dataset_filepath": "./datasets/graph_depth_first_search/1/11/normal/11111/1000/True/True/1/32/4/4/19070/16381/val_dataset",
    "grad_clip": 1,
    "run_id": "3944268b-4cbd-4312-b5eb-a25716d3ddc9",
    "n_layer": 4,
    "batch_size": 8,
    "test_dataset_filepath": "./datasets/graph_depth_first_search/1/11/normal/11111/1000/True/True/1/32/4/4/19070/16381/test_dataset",
    "betas": [
      0.9,
      0.95
    ],
    "loss_threshold": 0.0017157108429701616,
    "test_batch_size": 64,
    "n_head": 4,
    "mask_idx": 23,
    "warmup_ratio": 0.1,
    "weight_decay": 0.1,
    "method": "normal",
    "project_name": "binary-graph_depth_first_search1-gridsearch-11-normal-11111-iteration-113040",
    "n_embd": 32,
    "compute_budget": 1000000000000,
    "log_gradients": false,
    "train_dataset_filepath": "./datasets/graph_depth_first_search/1/11/normal/11111/1000/True/True/1/32/4/4/19070/16381/train_dataset"
  },
  "summary": {
    "_runtime": 412.0044620037079,
    "_step": 403,
    "_timestamp": 1735475606.1183,
    "_wandb.runtime": 411,
    "epoch": 1,
    "lr-AdamW": 0.01000479756295937,
    "test_acc_result": 0.003000000026077032,
    "total_compute": 1942854696960,
    "train_loss_epoch": 1.4582669734954834,
    "train_loss_step": 0.8848260045051575,
    "trainer/global_step": 5020,
    "val_loss": 0.8344590663909912
  }
}