{
  "config": {
    "n_embd": 128,
    "seed": 29275,
    "n_head": 4,
    "lr": 0.01,
    "run_id": "68a60079-b2f9-4bcf-9efa-ca90a080e630",
    "warmup_ratio": 0.1,
    "test_batch_size": 64,
    "max_steps": 12,
    "test_dataset_filepath": "./datasets/graph_depth_first_search/1/11/normal/11111/100/True/True/1/128/16/4/5220/29275/test_dataset",
    "batch_size": 64,
    "early_stopping": false,
    "compute_budget": 1000000000000,
    "mask_idx": 23,
    "dropout": 0,
    "method": "normal",
    "task_length": 11,
    "betas": [
      0.9,
      0.95
    ],
    "validation_ratio": 0.005,
    "train_dataset_filepath": "./datasets/graph_depth_first_search/1/11/normal/11111/100/True/True/1/128/16/4/5220/29275/train_dataset",
    "loss_threshold": 0.0017157108429701616,
    "bias": false,
    "weight_decay": 0.1,
    "val_dataset_filepath": "./datasets/graph_depth_first_search/1/11/normal/11111/100/True/True/1/128/16/4/5220/29275/val_dataset",
    "task": "graph_depth_first_search",
    "threshold_testing": false,
    "n_layer": 16,
    "log_gradients": false,
    "precision": "32",
    "project_name": "binary-graph_depth_first_search1-gridsearch-11-normal-11111-iteration-113040",
    "grad_clip": 1
  },
  "summary": {
    "_runtime": 459.3517417907715,
    "_step": 15,
    "_timestamp": 1735477221.4258027,
    "_wandb.runtime": 458,
    "epoch": 1,
    "test_acc_result": 0,
    "total_compute": 1942549954560,
    "train_loss_epoch": 2.6270453929901123,
    "trainer/global_step": 12,
    "val_loss": 2.2404446601867676
  }
}