{
  "config": {
    "max_steps": 1416,
    "val_dataset_filepath": "./datasets/graph_depth_first_search/1/11/normal/11111/10/True/True/1/64/4/4/12021/2094/val_dataset",
    "n_embd": 64,
    "task": "graph_depth_first_search",
    "log_gradients": false,
    "weight_decay": 0.1,
    "precision": "32",
    "loss_threshold": 0.0017157108429701616,
    "train_dataset_filepath": "./datasets/graph_depth_first_search/1/11/normal/11111/10/True/True/1/64/4/4/12021/2094/train_dataset",
    "grad_clip": 1,
    "batch_size": 8,
    "early_stopping": false,
    "validation_ratio": 0.005,
    "compute_budget": 1000000000000,
    "test_dataset_filepath": "./datasets/graph_depth_first_search/1/11/normal/11111/10/True/True/1/64/4/4/12021/2094/test_dataset",
    "project_name": "binary-graph_depth_first_search1-gridsearch-11-normal-11111-iteration-113040",
    "n_head": 4,
    "dropout": 0,
    "threshold_testing": false,
    "betas": [
      0.9,
      0.95
    ],
    "seed": 2094,
    "task_length": 11,
    "warmup_ratio": 0.1,
    "test_batch_size": 64,
    "lr": 0.001,
    "mask_idx": 23,
    "n_layer": 4,
    "method": "normal",
    "bias": false,
    "run_id": "bbd8b1c9-b453-4575-8a30-134b512c7c65"
  },
  "summary": {
    "_runtime": 1065.8934190273285,
    "_step": 261,
    "_timestamp": 1735472191.259907,
    "_wandb.runtime": 1065,
    "epoch": 1,
    "lr-AdamW": 0.00010039472645551373,
    "test_acc_result": 0.020999999716877937,
    "total_compute": 1924557963264,
    "train_loss_epoch": 1.0413408279418945,
    "train_loss_step": 0.5927073359489441,
    "trainer/global_step": 1416,
    "val_loss": 0.6086561679840088
  }
}