{
  "config": {
    "dropout": 0,
    "train_dataset_filepath": "./datasets/graph_depth_first_search/1/11/normal/11111/1000/True/True/1/16/16/4/11734/22684/train_dataset",
    "run_id": "a8d5859f-e2f2-4642-9ef3-ee1547fd1d47",
    "n_head": 4,
    "warmup_ratio": 0.1,
    "compute_budget": 1000000000000,
    "weight_decay": 0.1,
    "lr": 0.1,
    "task": "graph_depth_first_search",
    "precision": "32",
    "project_name": "binary-graph_depth_first_search1-gridsearch-11-normal-11111-iteration-113040",
    "bias": false,
    "seed": 22684,
    "grad_clip": 1,
    "early_stopping": false,
    "method": "normal",
    "validation_ratio": 0.005,
    "task_length": 11,
    "batch_size": 8,
    "betas": [
      0.9,
      0.95
    ],
    "loss_threshold": 0.0017157108429701616,
    "log_gradients": false,
    "threshold_testing": false,
    "n_layer": 16,
    "mask_idx": 23,
    "test_dataset_filepath": "./datasets/graph_depth_first_search/1/11/normal/11111/1000/True/True/1/16/16/4/11734/22684/test_dataset",
    "val_dataset_filepath": "./datasets/graph_depth_first_search/1/11/normal/11111/1000/True/True/1/16/16/4/11734/22684/val_dataset",
    "n_embd": 16,
    "test_batch_size": 64,
    "max_steps": 4496
  },
  "summary": {
    "_runtime": 592.2937109470367,
    "_step": 385,
    "_timestamp": 1735468299.0540519,
    "_wandb.runtime": 591,
    "epoch": 1,
    "lr-AdamW": 0.010029947694480118,
    "test_acc_result": 0.004999999888241291,
    "total_compute": 2164792492032,
    "train_loss_epoch": 1.4905997514724731,
    "train_loss_step": 0.8927246928215027,
    "trainer/global_step": 4496,
    "val_loss": 0.8546543717384338
  }
}