{
  "config": {
    "n_head": 4,
    "project_name": "binary-graph_depth_first_search1-gridsearch-11-normal-11111-iteration-113040",
    "n_layer": 4,
    "train_dataset_filepath": "./datasets/graph_depth_first_search/1/11/normal/11111/1000/True/True/1/128/4/4/27212/24642/train_dataset",
    "task": "graph_depth_first_search",
    "betas": [
      0.9,
      0.95
    ],
    "max_steps": 46,
    "warmup_ratio": 0.1,
    "bias": false,
    "loss_threshold": 0.0017157108429701616,
    "val_dataset_filepath": "./datasets/graph_depth_first_search/1/11/normal/11111/1000/True/True/1/128/4/4/27212/24642/val_dataset",
    "dropout": 0,
    "log_gradients": false,
    "compute_budget": 1000000000000,
    "early_stopping": false,
    "seed": 24642,
    "threshold_testing": false,
    "method": "normal",
    "grad_clip": 1,
    "test_dataset_filepath": "./datasets/graph_depth_first_search/1/11/normal/11111/1000/True/True/1/128/4/4/27212/24642/test_dataset",
    "mask_idx": 23,
    "precision": "32",
    "weight_decay": 0.1,
    "batch_size": 64,
    "task_length": 11,
    "run_id": "c0a0f0f8-701f-4316-b28b-9de534c60f4e",
    "n_embd": 128,
    "lr": 0.1,
    "validation_ratio": 0.005,
    "test_batch_size": 64
  },
  "summary": {
    "_runtime": 275.3605670928955,
    "_step": 49,
    "_timestamp": 1735467449.901637,
    "_wandb.runtime": 274,
    "epoch": 1,
    "test_acc_result": 0,
    "total_compute": 1861610373120,
    "train_loss_epoch": 3.2199954986572266,
    "trainer/global_step": 46,
    "val_loss": 2.355268955230713
  }
}