{
  "config": {
    "compute_budget": 1000000000000,
    "val_dataset_filepath": "./datasets/graph_depth_first_search/1/11/normal/11111/1000/True/True/1/256/16/4/13171/34465/val_dataset",
    "project_name": "binary-graph_depth_first_search1-gridsearch-11-normal-11111-iteration-113040",
    "batch_size": 8,
    "run_id": "9c810618-f990-42e3-a330-ec5d7a2d9fda",
    "dropout": 0,
    "max_steps": 24,
    "early_stopping": false,
    "threshold_testing": false,
    "n_head": 4,
    "train_dataset_filepath": "./datasets/graph_depth_first_search/1/11/normal/11111/1000/True/True/1/256/16/4/13171/34465/train_dataset",
    "loss_threshold": 0.0017157108429701616,
    "grad_clip": 1,
    "test_batch_size": 64,
    "task_length": 11,
    "bias": false,
    "test_dataset_filepath": "./datasets/graph_depth_first_search/1/11/normal/11111/1000/True/True/1/256/16/4/13171/34465/test_dataset",
    "precision": "32",
    "lr": 0.1,
    "weight_decay": 0.1,
    "validation_ratio": 0.005,
    "seed": 34465,
    "betas": [
      0.9,
      0.95
    ],
    "warmup_ratio": 0.1,
    "mask_idx": 23,
    "task": "graph_depth_first_search",
    "n_layer": 16,
    "n_embd": 256,
    "log_gradients": false,
    "method": "normal"
  },
  "summary": {
    "_runtime": 394.5892496109009,
    "_step": 27,
    "_timestamp": 1735478296.6921556,
    "_wandb.runtime": 394,
    "epoch": 1,
    "test_acc_result": 0,
    "total_compute": 1869996883968,
    "train_loss_epoch": 9.095440864562988,
    "trainer/global_step": 24,
    "val_loss": 3.0313758850097656
  }
}