{
  "config": {
    "lr": 0.0001,
    "train_dataset_filepath": "./datasets/graph_depth_first_search/1/11/normal/11111/1/True/True/1/8/16/4/2326/25998/train_dataset",
    "task": "graph_depth_first_search",
    "run_id": "7876f295-0b7e-4171-b80e-2c2ee8a61635",
    "compute_budget": 1000000000000,
    "test_batch_size": 64,
    "batch_size": 8,
    "project_name": "binary-graph_depth_first_search1-gridsearch-11-normal-11111-iteration-113040",
    "method": "normal",
    "seed": 25998,
    "n_embd": 8,
    "n_layer": 16,
    "warmup_ratio": 0.1,
    "betas": [
      0.9,
      0.95
    ],
    "loss_threshold": 0.0017157108429701616,
    "log_gradients": false,
    "bias": false,
    "n_head": 4,
    "test_dataset_filepath": "./datasets/graph_depth_first_search/1/11/normal/11111/1/True/True/1/8/16/4/2326/25998/test_dataset",
    "mask_idx": 23,
    "early_stopping": false,
    "grad_clip": 1,
    "threshold_testing": false,
    "weight_decay": 0.1,
    "dropout": 0,
    "val_dataset_filepath": "./datasets/graph_depth_first_search/1/11/normal/11111/1/True/True/1/8/16/4/2326/25998/val_dataset",
    "task_length": 11,
    "validation_ratio": 0.005,
    "precision": "32",
    "max_steps": 14370
  },
  "summary": {
    "_runtime": 1430.380612373352,
    "_step": 779,
    "_timestamp": 1735479881.3998754,
    "_wandb.runtime": 1429,
    "epoch": 1,
    "lr-AdamW": 1.0000585492526702e-05,
    "test_acc_result": 0,
    "total_compute": 2408531558400,
    "train_loss_epoch": 2.08349609375,
    "train_loss_step": 1.589012861251831,
    "trainer/global_step": 14370,
    "val_loss": 1.7524950504302979
  }
}