{
  "config": {
    "train_dataset_filepath": "./datasets/graph_depth_first_search/1/11/normal/11111/100/True/True/1/64/4/4/33465/26342/train_dataset",
    "n_embd": 64,
    "grad_clip": 1,
    "test_batch_size": 64,
    "lr": 0.01,
    "warmup_ratio": 0.1,
    "compute_budget": 1000000000000,
    "early_stopping": false,
    "threshold_testing": false,
    "test_dataset_filepath": "./datasets/graph_depth_first_search/1/11/normal/11111/100/True/True/1/64/4/4/33465/26342/test_dataset",
    "mask_idx": 23,
    "bias": false,
    "method": "normal",
    "task": "graph_depth_first_search",
    "weight_decay": 0.1,
    "batch_size": 64,
    "val_dataset_filepath": "./datasets/graph_depth_first_search/1/11/normal/11111/100/True/True/1/64/4/4/33465/26342/val_dataset",
    "loss_threshold": 0.0017157108429701616,
    "dropout": 0,
    "max_steps": 178,
    "task_length": 11,
    "run_id": "19a19934-f444-475f-b5bf-0bcc85e939ca",
    "precision": "32",
    "betas": [
      0.9,
      0.95
    ],
    "n_head": 4,
    "n_layer": 4,
    "log_gradients": false,
    "validation_ratio": 0.005,
    "seed": 26342,
    "project_name": "binary-graph_depth_first_search1-gridsearch-11-normal-11111-iteration-113040"
  },
  "summary": {
    "_runtime": 1216.125756263733,
    "_step": 187,
    "_timestamp": 1735472031.9659684,
    "_wandb.runtime": 1215,
    "epoch": 1,
    "lr-AdamW": 0.0017014656273912762,
    "test_acc_result": 0.004000000189989805,
    "total_compute": 1935431172096,
    "train_loss_epoch": 1.3892600536346436,
    "train_loss_step": 0.922468900680542,
    "trainer/global_step": 178,
    "val_loss": 0.8884928226470947
  }
}