{
  "config": {
    "seed": 802,
    "dropout": 0,
    "val_dataset_filepath": "./datasets/graph_depth_first_search/1/11/normal/11111/1/True/True/1/256/16/4/29985/802/val_dataset",
    "n_layer": 16,
    "grad_clip": 1,
    "batch_size": 64,
    "bias": false,
    "method": "normal",
    "mask_idx": 23,
    "threshold_testing": false,
    "task_length": 11,
    "test_dataset_filepath": "./datasets/graph_depth_first_search/1/11/normal/11111/1/True/True/1/256/16/4/29985/802/test_dataset",
    "n_head": 4,
    "precision": "32",
    "validation_ratio": 0.005,
    "test_batch_size": 64,
    "betas": [
      0.9,
      0.95
    ],
    "run_id": "bdc72826-ed10-4f57-bd85-4c9829a700db",
    "log_gradients": false,
    "project_name": "binary-graph_depth_first_search1-gridsearch-11-normal-11111-iteration-113040",
    "lr": 0.0001,
    "compute_budget": 1000000000000,
    "task": "graph_depth_first_search",
    "weight_decay": 0.1,
    "n_embd": 256,
    "warmup_ratio": 0.1,
    "train_dataset_filepath": "./datasets/graph_depth_first_search/1/11/normal/11111/1/True/True/1/256/16/4/29985/802/train_dataset",
    "early_stopping": false,
    "max_steps": 3,
    "loss_threshold": 0.0017157108429701616
  },
  "summary": {
    "_runtime": 598.1243407726288,
    "_step": 6,
    "_timestamp": 1735472647.3219268,
    "_wandb.runtime": 597,
    "epoch": 1,
    "test_acc_result": 0,
    "total_compute": 1869996883968,
    "train_loss_epoch": 3.104862928390503,
    "trainer/global_step": 3,
    "val_loss": 2.693135976791382
  }
}