{
  "config": {
    "n_layer": 16,
    "warmup_ratio": 0.1,
    "task": "graph_depth_first_search",
    "mask_idx": 23,
    "early_stopping": false,
    "n_head": 4,
    "test_batch_size": 64,
    "threshold_testing": false,
    "max_steps": 349,
    "train_dataset_filepath": "./datasets/graph_depth_first_search/1/11/normal/11111/10/True/True/1/64/16/4/12544/39311/train_dataset",
    "log_gradients": false,
    "loss_threshold": 0.0017157108429701616,
    "weight_decay": 0.1,
    "n_embd": 64,
    "batch_size": 8,
    "precision": "32",
    "dropout": 0,
    "bias": false,
    "project_name": "binary-graph_depth_first_search1-gridsearch-11-normal-11111-iteration-113040",
    "grad_clip": 1,
    "test_dataset_filepath": "./datasets/graph_depth_first_search/1/11/normal/11111/10/True/True/1/64/16/4/12544/39311/test_dataset",
    "seed": 39311,
    "betas": [
      0.9,
      0.95
    ],
    "compute_budget": 1000000000000,
    "lr": 0.001,
    "method": "normal",
    "run_id": "aca9279d-16b2-4794-8e48-ee2e10cbb98d",
    "validation_ratio": 0.005,
    "val_dataset_filepath": "./datasets/graph_depth_first_search/1/11/normal/11111/10/True/True/1/64/16/4/12544/39311/val_dataset",
    "task_length": 11
  },
  "summary": {
    "_runtime": 685.0373201370239,
    "_step": 364,
    "_timestamp": 1735467872.9817662,
    "_wandb.runtime": 684,
    "epoch": 1,
    "lr-AdamW": 0.00015480029198339712,
    "test_acc_result": 0.004999999888241291,
    "total_compute": 1897374941184,
    "train_loss_epoch": 1.501049280166626,
    "train_loss_step": 1.0373069047927856,
    "trainer/global_step": 349,
    "val_loss": 0.8948567509651184
  }
}