{
  "config": {
    "mask_idx": 23,
    "early_stopping": false,
    "batch_size": 64,
    "n_layer": 4,
    "run_id": "9ea71558-6e2f-46ec-b4b4-90f6dbc83618",
    "lr": 0.001,
    "dropout": 0,
    "n_head": 4,
    "validation_ratio": 0.005,
    "betas": [
      0.9,
      0.95
    ],
    "method": "normal",
    "project_name": "binary-graph_depth_first_search1-gridsearch-11-normal-11111-iteration-113040",
    "compute_budget": 1000000000000,
    "loss_threshold": 0.0017157108429701616,
    "warmup_ratio": 0.1,
    "n_embd": 8,
    "max_steps": 7064,
    "bias": false,
    "task_length": 11,
    "train_dataset_filepath": "./datasets/graph_depth_first_search/1/11/normal/11111/10/True/True/1/8/4/4/92/29562/train_dataset",
    "weight_decay": 0.1,
    "test_batch_size": 64,
    "seed": 29562,
    "precision": "32",
    "grad_clip": 1,
    "threshold_testing": false,
    "test_dataset_filepath": "./datasets/graph_depth_first_search/1/11/normal/11111/10/True/True/1/8/4/4/92/29562/test_dataset",
    "log_gradients": false,
    "task": "graph_depth_first_search",
    "val_dataset_filepath": "./datasets/graph_depth_first_search/1/11/normal/11111/10/True/True/1/8/4/4/92/29562/val_dataset"
  },
  "summary": {
    "_runtime": 1505.5221683979034,
    "_step": 486,
    "_timestamp": 1735471897.2560894,
    "_wandb.runtime": 1504,
    "epoch": 1,
    "lr-AdamW": 0.00010001236009322297,
    "test_acc_result": 0,
    "total_compute": 2367970344960,
    "train_loss_epoch": 1.5544100999832153,
    "train_loss_step": 1.2605211734771729,
    "trainer/global_step": 7064,
    "val_loss": 1.2780704498291016
  }
}