{
  "config": {
    "max_steps": 14283,
    "precision": "32",
    "lr": 0.1,
    "n_layer": 16,
    "n_head": 4,
    "run_id": "a9dc1bc2-18f5-4f4c-b9b9-e5b24e333dd8",
    "early_stopping": false,
    "task": "graph_depth_first_search",
    "threshold_testing": false,
    "weight_decay": 0.1,
    "loss_threshold": 0.0017157108429701616,
    "validation_ratio": 0.005,
    "val_dataset_filepath": "./datasets/graph_depth_first_search/1/11/normal/11111/1000/True/True/1/8/16/4/36964/8909/val_dataset",
    "log_gradients": false,
    "betas": [
      0.9,
      0.95
    ],
    "mask_idx": 23,
    "project_name": "binary-graph_depth_first_search1-gridsearch-11-normal-11111-iteration-113040",
    "task_length": 11,
    "warmup_ratio": 0.1,
    "test_dataset_filepath": "./datasets/graph_depth_first_search/1/11/normal/11111/1000/True/True/1/8/16/4/36964/8909/test_dataset",
    "train_dataset_filepath": "./datasets/graph_depth_first_search/1/11/normal/11111/1000/True/True/1/8/16/4/36964/8909/train_dataset",
    "n_embd": 8,
    "grad_clip": 1,
    "bias": false,
    "seed": 8909,
    "test_batch_size": 64,
    "method": "normal",
    "batch_size": 8,
    "compute_budget": 1000000000000,
    "dropout": 0
  },
  "summary": {
    "_runtime": 1531.1892204284668,
    "_step": 774,
    "_timestamp": 1735473866.9530115,
    "_wandb.runtime": 1530,
    "epoch": 1,
    "lr-AdamW": 0.010001553436255563,
    "test_acc_result": 0,
    "total_compute": 2393949634560,
    "train_loss_epoch": 1.5709936618804932,
    "train_loss_step": 1.2215042114257812,
    "trainer/global_step": 14283,
    "val_loss": 1.1998074054718018
  }
}