{
  "config": {
    "lr": 0.0001,
    "warmup_ratio": 0.1,
    "grad_clip": 1,
    "loss_threshold": 0.0017157108429701616,
    "train_dataset_filepath": "./datasets/graph_depth_first_search/1/11/normal/11111/1/True/True/1/256/4/4/15134/10610/train_dataset",
    "test_dataset_filepath": "./datasets/graph_depth_first_search/1/11/normal/11111/1/True/True/1/256/4/4/15134/10610/test_dataset",
    "val_dataset_filepath": "./datasets/graph_depth_first_search/1/11/normal/11111/1/True/True/1/256/4/4/15134/10610/val_dataset",
    "method": "normal",
    "project_name": "binary-graph_depth_first_search1-gridsearch-11-normal-11111-iteration-113040",
    "mask_idx": 23,
    "seed": 10610,
    "n_layer": 4,
    "validation_ratio": 0.005,
    "weight_decay": 0.1,
    "run_id": "30eb205e-1401-4ed2-9f2e-9f759bba2955",
    "test_batch_size": 64,
    "early_stopping": false,
    "compute_budget": 1000000000000,
    "max_steps": 94,
    "dropout": 0,
    "betas": [
      0.9,
      0.95
    ],
    "threshold_testing": false,
    "log_gradients": false,
    "precision": "32",
    "bias": false,
    "task": "graph_depth_first_search",
    "n_head": 4,
    "task_length": 11,
    "batch_size": 8,
    "n_embd": 256
  },
  "summary": {
    "_runtime": 329.42061495780945,
    "_step": 99,
    "_timestamp": 1735476078.123024,
    "_wandb.runtime": 328,
    "epoch": 1,
    "lr-AdamW": 5.9152076175848594e-05,
    "test_acc_result": 0,
    "total_compute": 1831038615552,
    "train_loss_epoch": 2.4131243228912354,
    "train_loss_step": 2.172196388244629,
    "trainer/global_step": 94,
    "val_loss": 2.172222375869751
  }
}