{
  "config": {
    "weight_decay": 0.1,
    "n_embd": 512,
    "warmup_ratio": 0.1,
    "log_gradients": false,
    "dropout": 0,
    "test_batch_size": 64,
    "lr": 0.1,
    "precision": "32",
    "n_layer": 16,
    "compute_budget": 1000000000000,
    "loss_threshold": 0.0017157108429701616,
    "project_name": "binary-graph_depth_first_search1-gridsearch-11-normal-11111-iteration-113040",
    "validation_ratio": 0.005,
    "threshold_testing": false,
    "grad_clip": 1,
    "task_length": 11,
    "seed": 19526,
    "run_id": "8dbd5dbe-6dfd-4528-8ce2-c1829eef3d0a",
    "bias": false,
    "method": "normal",
    "test_dataset_filepath": "./datasets/graph_depth_first_search/1/11/normal/11111/1000/True/True/1/512/16/4/11084/19526/test_dataset",
    "task": "graph_depth_first_search",
    "betas": [
      0.9,
      0.95
    ],
    "early_stopping": false,
    "train_dataset_filepath": "./datasets/graph_depth_first_search/1/11/normal/11111/1000/True/True/1/512/16/4/11084/19526/train_dataset",
    "val_dataset_filepath": "./datasets/graph_depth_first_search/1/11/normal/11111/1000/True/True/1/512/16/4/11084/19526/val_dataset",
    "max_steps": 6,
    "mask_idx": 23,
    "batch_size": 8,
    "n_head": 4
  },
  "summary": {
    "_runtime": 489.3107898235321,
    "_step": 9,
    "_timestamp": 1735476073.4885137,
    "_wandb.runtime": 489,
    "epoch": 1,
    "test_acc_result": 0,
    "total_compute": 1833720348672,
    "train_loss_epoch": 14.786080360412598,
    "trainer/global_step": 6,
    "val_loss": 22.50449562072754
  }
}