{
  "config": {
    "betas": [
      0.9,
      0.95
    ],
    "threshold_testing": false,
    "mask_idx": 23,
    "compute_budget": 1000000000000,
    "max_steps": 7199,
    "lr": 0.0001,
    "log_gradients": false,
    "run_id": "06c81684-44df-4299-8686-2f7f7a3532bf",
    "dropout": 0,
    "project_name": "binary-graph_depth_first_search1-gridsearch-11-normal-11111-iteration-113040",
    "n_head": 4,
    "validation_ratio": 0.005,
    "train_dataset_filepath": "./datasets/graph_depth_first_search/1/11/normal/11111/1/True/True/1/8/4/4/5101/38222/train_dataset",
    "bias": false,
    "n_layer": 4,
    "loss_threshold": 0.0017157108429701616,
    "task_length": 11,
    "grad_clip": 1,
    "method": "normal",
    "precision": "32",
    "weight_decay": 0.1,
    "val_dataset_filepath": "./datasets/graph_depth_first_search/1/11/normal/11111/1/True/True/1/8/4/4/5101/38222/val_dataset",
    "seed": 38222,
    "n_embd": 8,
    "warmup_ratio": 0.1,
    "test_batch_size": 64,
    "task": "graph_depth_first_search",
    "batch_size": 64,
    "early_stopping": false,
    "test_dataset_filepath": "./datasets/graph_depth_first_search/1/11/normal/11111/1/True/True/1/8/4/4/5101/38222/test_dataset"
  },
  "summary": {
    "_runtime": 590.6082367897034,
    "_step": 494,
    "_timestamp": 1735477290.8174038,
    "_wandb.runtime": 589,
    "epoch": 1,
    "lr-AdamW": 1.0013220594778904e-05,
    "test_acc_result": 0,
    "total_compute": 2413224591360,
    "train_loss_epoch": 2.4043657779693604,
    "train_loss_step": 2.064046859741211,
    "trainer/global_step": 7199,
    "val_loss": 2.0375828742980957
  }
}