{
  "config": {
    "train_dataset_filepath": "./datasets/graph_depth_first_search/1/11/normal/11111/1000/True/True/1/64/16/4/26063/11351/train_dataset",
    "project_name": "binary-graph_depth_first_search1-gridsearch-11-normal-11111-iteration-113040",
    "max_steps": 45,
    "val_dataset_filepath": "./datasets/graph_depth_first_search/1/11/normal/11111/1000/True/True/1/64/16/4/26063/11351/val_dataset",
    "n_embd": 64,
    "n_head": 4,
    "validation_ratio": 0.005,
    "precision": "32",
    "run_id": "61676487-8aed-4b4b-913f-a9adda7b88ea",
    "loss_threshold": 0.0017157108429701616,
    "test_dataset_filepath": "./datasets/graph_depth_first_search/1/11/normal/11111/1000/True/True/1/64/16/4/26063/11351/test_dataset",
    "weight_decay": 0.1,
    "seed": 11351,
    "task": "graph_depth_first_search",
    "mask_idx": 23,
    "method": "normal",
    "test_batch_size": 64,
    "task_length": 11,
    "threshold_testing": false,
    "dropout": 0,
    "betas": [
      0.9,
      0.95
    ],
    "log_gradients": false,
    "lr": 0.1,
    "grad_clip": 1,
    "early_stopping": false,
    "bias": false,
    "n_layer": 16,
    "compute_budget": 1000000000000,
    "batch_size": 64,
    "warmup_ratio": 0.1
  },
  "summary": {
    "_runtime": 506.96003794670105,
    "_step": 48,
    "_timestamp": 1735475864.397624,
    "_wandb.runtime": 506,
    "epoch": 1,
    "test_acc_result": 0,
    "total_compute": 1957177589760,
    "train_loss_epoch": 2.7225563526153564,
    "trainer/global_step": 45,
    "val_loss": 2.3260693550109863
  }
}