{
  "config": {
    "val_dataset_filepath": "./datasets/graph_depth_first_search/1/11/normal/11111/1/True/True/1/64/16/4/15847/9299/val_dataset",
    "train_dataset_filepath": "./datasets/graph_depth_first_search/1/11/normal/11111/1/True/True/1/64/16/4/15847/9299/train_dataset",
    "threshold_testing": false,
    "method": "normal",
    "n_head": 4,
    "test_dataset_filepath": "./datasets/graph_depth_first_search/1/11/normal/11111/1/True/True/1/64/16/4/15847/9299/test_dataset",
    "log_gradients": false,
    "task": "graph_depth_first_search",
    "run_id": "370e4c4e-427a-4bd2-a287-56b814b1ab9c",
    "n_embd": 64,
    "seed": 9299,
    "warmup_ratio": 0.1,
    "validation_ratio": 0.005,
    "betas": [
      0.9,
      0.95
    ],
    "precision": "32",
    "grad_clip": 1,
    "bias": false,
    "batch_size": 64,
    "lr": 0.0001,
    "task_length": 11,
    "project_name": "binary-graph_depth_first_search1-gridsearch-11-normal-11111-iteration-113040",
    "early_stopping": false,
    "weight_decay": 0.1,
    "compute_budget": 1000000000000,
    "dropout": 0,
    "mask_idx": 23,
    "max_steps": 44,
    "test_batch_size": 64,
    "loss_threshold": 0.0017157108429701616,
    "n_layer": 16
  },
  "summary": {
    "_runtime": 527.4732115268707,
    "_step": 47,
    "_timestamp": 1735473548.8486505,
    "_wandb.runtime": 526,
    "epoch": 1,
    "test_acc_result": 0,
    "total_compute": 1913684754432,
    "train_loss_epoch": 2.9580729007720947,
    "trainer/global_step": 44,
    "val_loss": 2.692542791366577
  }
}