{
  "config": {
    "precision": "32",
    "max_steps": 43,
    "log_gradients": false,
    "n_embd": 64,
    "mask_idx": 23,
    "n_layer": 16,
    "betas": [
      0.9,
      0.95
    ],
    "lr": 0.01,
    "method": "normal",
    "run_id": "31cd129c-fb4a-4d99-89d2-719f9034a50a",
    "dropout": 0,
    "early_stopping": false,
    "seed": 28819,
    "train_dataset_filepath": "./datasets/graph_depth_first_search/1/11/normal/11111/100/True/True/1/64/16/4/26710/28819/train_dataset",
    "project_name": "binary-graph_depth_first_search1-gridsearch-11-normal-11111-iteration-113040",
    "weight_decay": 0.1,
    "test_dataset_filepath": "./datasets/graph_depth_first_search/1/11/normal/11111/100/True/True/1/64/16/4/26710/28819/test_dataset",
    "task_length": 11,
    "threshold_testing": false,
    "batch_size": 64,
    "grad_clip": 1,
    "val_dataset_filepath": "./datasets/graph_depth_first_search/1/11/normal/11111/100/True/True/1/64/16/4/26710/28819/val_dataset",
    "compute_budget": 1000000000000,
    "n_head": 4,
    "loss_threshold": 0.0017157108429701616,
    "warmup_ratio": 0.1,
    "bias": false,
    "validation_ratio": 0.005,
    "task": "graph_depth_first_search",
    "test_batch_size": 64
  },
  "summary": {
    "_runtime": 1026.2655017375946,
    "_step": 46,
    "_timestamp": 1735472313.1812897,
    "_wandb.runtime": 1025,
    "epoch": 1,
    "test_acc_result": 0,
    "total_compute": 1870191919104,
    "train_loss_epoch": 2.1511595249176025,
    "trainer/global_step": 43,
    "val_loss": 1.7671252489089966
  }
}