{
  "config": {
    "max_steps": 13893,
    "bias": false,
    "mask_idx": 23,
    "val_dataset_filepath": "./datasets/graph_depth_first_search/1/11/normal/11111/10/True/True/1/8/16/4/24474/23190/val_dataset",
    "task_length": 11,
    "task": "graph_depth_first_search",
    "n_head": 4,
    "grad_clip": 1,
    "log_gradients": false,
    "validation_ratio": 0.005,
    "betas": [
      0.9,
      0.95
    ],
    "dropout": 0,
    "test_batch_size": 64,
    "weight_decay": 0.1,
    "lr": 0.001,
    "early_stopping": false,
    "threshold_testing": false,
    "compute_budget": 1000000000000,
    "method": "normal",
    "batch_size": 8,
    "n_embd": 8,
    "n_layer": 16,
    "project_name": "binary-graph_depth_first_search1-gridsearch-11-normal-11111-iteration-113040",
    "seed": 23190,
    "run_id": "b5c8de02-8ae3-40fe-a201-110e0d0ea65e",
    "precision": "32",
    "warmup_ratio": 0.1,
    "train_dataset_filepath": "./datasets/graph_depth_first_search/1/11/normal/11111/10/True/True/1/8/16/4/24474/23190/train_dataset",
    "loss_threshold": 0.0017157108429701616,
    "test_dataset_filepath": "./datasets/graph_depth_first_search/1/11/normal/11111/10/True/True/1/8/16/4/24474/23190/test_dataset"
  },
  "summary": {
    "_runtime": 1718.6382021903992,
    "_step": 758,
    "_timestamp": 1735472638.930756,
    "_wandb.runtime": 1717,
    "epoch": 1,
    "lr-AdamW": 0.00010002749699682463,
    "test_acc_result": 0.0020000000949949026,
    "total_compute": 2328582389760,
    "train_loss_epoch": 1.3145016431808472,
    "train_loss_step": 0.9312905669212341,
    "trainer/global_step": 13893,
    "val_loss": 1.0227221250534058
  }
}