{
  "config": {
    "grad_clip": 1,
    "compute_budget": 1000000000000,
    "betas": [
      0.9,
      0.95
    ],
    "run_id": "2c0dbfcb-debb-4037-9b91-fe5858332a84",
    "task_length": 11,
    "lr": 0.01,
    "batch_size": 8,
    "loss_threshold": 0.0017157108429701616,
    "seed": 10804,
    "task": "graph_depth_first_search",
    "threshold_testing": false,
    "warmup_ratio": 0.1,
    "n_head": 4,
    "bias": false,
    "early_stopping": false,
    "val_dataset_filepath": "./datasets/graph_depth_first_search/1/11/normal/11111/100/True/True/1/8/4/4/23623/10804/val_dataset",
    "method": "normal",
    "precision": "32",
    "test_dataset_filepath": "./datasets/graph_depth_first_search/1/11/normal/11111/100/True/True/1/8/4/4/23623/10804/test_dataset",
    "weight_decay": 0.1,
    "log_gradients": false,
    "n_embd": 8,
    "validation_ratio": 0.005,
    "mask_idx": 23,
    "n_layer": 4,
    "max_steps": 56965,
    "project_name": "binary-graph_depth_first_search1-gridsearch-11-normal-11111-iteration-113040",
    "test_batch_size": 64,
    "train_dataset_filepath": "./datasets/graph_depth_first_search/1/11/normal/11111/100/True/True/1/8/4/4/23623/10804/train_dataset",
    "dropout": 0
  },
  "summary": {
    "_runtime": 2280.238156557083,
    "_step": 2481,
    "_timestamp": 1735476431.9716785,
    "_wandb.runtime": 2279,
    "epoch": 1,
    "lr-AdamW": 0.0010000021627807765,
    "test_acc_result": 0.004000000189989805,
    "total_compute": 2386951987200,
    "train_loss_epoch": 1.221423625946045,
    "train_loss_step": 1.0998772382736206,
    "trainer/global_step": 56965,
    "val_loss": 1.0858738422393799
  }
}