{
  "config": {
    "n_layer": 4,
    "bias": false,
    "grad_clip": 1,
    "weight_decay": 0.1,
    "dropout": 0,
    "early_stopping": false,
    "run_id": "c95590ac-8925-41b5-bb7f-dd6615300955",
    "batch_size": 64,
    "lr": 0.001,
    "threshold_testing": false,
    "mask_idx": 23,
    "task": "graph_depth_first_search",
    "val_dataset_filepath": "./datasets/graph_depth_first_search/1/11/normal/11111/10/True/True/1/64/4/4/33319/7656/val_dataset",
    "log_gradients": false,
    "n_embd": 64,
    "max_steps": 176,
    "test_dataset_filepath": "./datasets/graph_depth_first_search/1/11/normal/11111/10/True/True/1/64/4/4/33319/7656/test_dataset",
    "method": "normal",
    "validation_ratio": 0.005,
    "seed": 7656,
    "precision": "32",
    "task_length": 11,
    "n_head": 4,
    "test_batch_size": 64,
    "project_name": "binary-graph_depth_first_search1-gridsearch-11-normal-11111-iteration-113040",
    "warmup_ratio": 0.1,
    "loss_threshold": 0.0017157108429701616,
    "compute_budget": 1000000000000,
    "train_dataset_filepath": "./datasets/graph_depth_first_search/1/11/normal/11111/10/True/True/1/64/4/4/33319/7656/train_dataset",
    "betas": [
      0.9,
      0.95
    ]
  },
  "summary": {
    "_runtime": 196.88725543022156,
    "_step": 185,
    "_timestamp": 1735466430.2279735,
    "_wandb.runtime": 196,
    "epoch": 1,
    "lr-AdamW": 0.00016253037470469,
    "test_acc_result": 0,
    "total_compute": 1913684754432,
    "train_loss_epoch": 1.913390040397644,
    "train_loss_step": 1.4094353914260864,
    "trainer/global_step": 176,
    "val_loss": 1.3885514736175537
  }
}