{
  "config": {
    "task_length": 11,
    "train_dataset_filepath": "./datasets/graph_depth_first_search/1/11/normal/11111/100/True/True/1/512/4/4/8009/2537/train_dataset",
    "weight_decay": 0.1,
    "task": "graph_depth_first_search",
    "project_name": "binary-graph_depth_first_search1-gridsearch-11-normal-11111-iteration-113040",
    "compute_budget": 1000000000000,
    "batch_size": 64,
    "loss_threshold": 0.0017157108429701616,
    "log_gradients": false,
    "dropout": 0,
    "lr": 0.01,
    "n_layer": 4,
    "precision": "32",
    "bias": false,
    "max_steps": 3,
    "method": "normal",
    "mask_idx": 23,
    "threshold_testing": false,
    "n_embd": 512,
    "run_id": "5148cb0f-8560-426c-a9a2-f096f4847a21",
    "early_stopping": false,
    "grad_clip": 1,
    "test_batch_size": 64,
    "betas": [
      0.9,
      0.95
    ],
    "warmup_ratio": 0.1,
    "val_dataset_filepath": "./datasets/graph_depth_first_search/1/11/normal/11111/100/True/True/1/512/4/4/8009/2537/val_dataset",
    "seed": 2537,
    "validation_ratio": 0.005,
    "n_head": 4,
    "test_dataset_filepath": "./datasets/graph_depth_first_search/1/11/normal/11111/100/True/True/1/512/4/4/8009/2537/test_dataset"
  },
  "summary": {
    "_runtime": 414.7825050354004,
    "_step": 6,
    "_timestamp": 1735477495.547008,
    "_wandb.runtime": 414,
    "epoch": 1,
    "test_acc_result": 0,
    "total_compute": 1833720348672,
    "train_loss_epoch": 3.522150993347168,
    "trainer/global_step": 3,
    "val_loss": 3.561577320098877
  }
}