{
  "config": {
    "log_gradients": false,
    "bias": false,
    "test_batch_size": 64,
    "weight_decay": 0.1,
    "compute_budget": 1000000000000,
    "test_dataset_filepath": "./datasets/graph_depth_first_search/1/11/normal/11111/10/True/True/1/128/16/4/23490/37396/test_dataset",
    "task_length": 11,
    "validation_ratio": 0.005,
    "warmup_ratio": 0.1,
    "dropout": 0,
    "val_dataset_filepath": "./datasets/graph_depth_first_search/1/11/normal/11111/10/True/True/1/128/16/4/23490/37396/val_dataset",
    "train_dataset_filepath": "./datasets/graph_depth_first_search/1/11/normal/11111/10/True/True/1/128/16/4/23490/37396/train_dataset",
    "loss_threshold": 0.0017157108429701616,
    "seed": 37396,
    "task": "graph_depth_first_search",
    "n_head": 4,
    "early_stopping": false,
    "project_name": "binary-graph_depth_first_search1-gridsearch-11-normal-11111-iteration-113040",
    "n_embd": 128,
    "batch_size": 64,
    "lr": 0.001,
    "max_steps": 12,
    "method": "normal",
    "grad_clip": 1,
    "n_layer": 16,
    "precision": "32",
    "threshold_testing": false,
    "run_id": "74dc9ae0-2d0c-471a-9f04-2a0507b26bbb",
    "betas": [
      0.9,
      0.95
    ],
    "mask_idx": 23
  },
  "summary": {
    "_runtime": 1144.1152114868164,
    "_step": 15,
    "_timestamp": 1735472238.9836464,
    "_wandb.runtime": 1143,
    "epoch": 1,
    "test_acc_result": 0,
    "total_compute": 1942549954560,
    "train_loss_epoch": 2.5247397422790527,
    "trainer/global_step": 12,
    "val_loss": 2.240849256515503
  }
}