{
  "config": {
    "run_id": "99051b30-5e33-493a-a7e7-83ebef488c5c",
    "weight_decay": 0.1,
    "train_dataset_filepath": "./datasets/graph_depth_first_search/1/11/normal/11111/100/True/True/1/8/4/4/18961/7410/train_dataset",
    "seed": 7410,
    "betas": [
      0.9,
      0.95
    ],
    "n_layer": 4,
    "val_dataset_filepath": "./datasets/graph_depth_first_search/1/11/normal/11111/100/True/True/1/8/4/4/18961/7410/val_dataset",
    "lr": 0.01,
    "early_stopping": false,
    "max_steps": 7298,
    "dropout": 0,
    "test_dataset_filepath": "./datasets/graph_depth_first_search/1/11/normal/11111/100/True/True/1/8/4/4/18961/7410/test_dataset",
    "compute_budget": 1000000000000,
    "validation_ratio": 0.005,
    "mask_idx": 23,
    "bias": false,
    "task_length": 11,
    "precision": "32",
    "warmup_ratio": 0.1,
    "batch_size": 64,
    "test_batch_size": 64,
    "threshold_testing": false,
    "project_name": "binary-graph_depth_first_search1-gridsearch-11-normal-11111-iteration-113040",
    "loss_threshold": 0.0017157108429701616,
    "n_embd": 8,
    "n_head": 4,
    "grad_clip": 1,
    "method": "normal",
    "log_gradients": false,
    "task": "graph_depth_first_search"
  },
  "summary": {
    "_runtime": 566.0595872402191,
    "_step": 495,
    "_timestamp": 1735473101.9077532,
    "_wandb.runtime": 565,
    "epoch": 1,
    "lr-AdamW": 0.0010012355377672488,
    "test_acc_result": 0.004999999888241291,
    "total_compute": 2446411038720,
    "train_loss_epoch": 1.153286337852478,
    "train_loss_step": 0.9105031490325928,
    "trainer/global_step": 7298,
    "val_loss": 0.9537020921707153
  }
}