{
  "config": {
    "log_gradients": false,
    "bias": false,
    "run_id": "a010609b-2f01-40c3-8e68-5be51cebe7e0",
    "betas": [
      0.9,
      0.95
    ],
    "task": "graph_depth_first_search",
    "loss_threshold": 0.0017157108429701616,
    "test_batch_size": 64,
    "threshold_testing": false,
    "n_embd": 512,
    "batch_size": 64,
    "mask_idx": 23,
    "method": "normal",
    "val_dataset_filepath": "./datasets/graph_depth_first_search/1/11/normal/11111/10/True/True/1/512/4/4/16593/19204/val_dataset",
    "warmup_ratio": 0.1,
    "grad_clip": 1,
    "task_length": 11,
    "test_dataset_filepath": "./datasets/graph_depth_first_search/1/11/normal/11111/10/True/True/1/512/4/4/16593/19204/test_dataset",
    "n_head": 4,
    "seed": 19204,
    "dropout": 0,
    "project_name": "binary-graph_depth_first_search1-gridsearch-11-normal-11111-iteration-113040",
    "train_dataset_filepath": "./datasets/graph_depth_first_search/1/11/normal/11111/10/True/True/1/512/4/4/16593/19204/train_dataset",
    "weight_decay": 0.1,
    "early_stopping": false,
    "max_steps": 3,
    "lr": 0.001,
    "compute_budget": 1000000000000,
    "validation_ratio": 0.005,
    "n_layer": 4,
    "precision": "32"
  },
  "summary": {
    "_runtime": 105.64532852172852,
    "_step": 6,
    "_timestamp": 1735472951.9483664,
    "_wandb.runtime": 105,
    "epoch": 1,
    "test_acc_result": 0,
    "total_compute": 1833720348672,
    "train_loss_epoch": 2.854445457458496,
    "trainer/global_step": 3,
    "val_loss": 2.443905830383301
  }
}