{
  "config": {
    "n_embd": 32,
    "batch_size": 64,
    "test_batch_size": 64,
    "precision": "32",
    "grad_clip": 1,
    "weight_decay": 0.1,
    "n_layer": 4,
    "project_name": "binary-graph_depth_first_search1-gridsearch-11-normal-11111-iteration-113040",
    "warmup_ratio": 0.1,
    "max_steps": 659,
    "loss_threshold": 0.0017157108429701616,
    "threshold_testing": false,
    "train_dataset_filepath": "./datasets/graph_depth_first_search/1/11/normal/11111/100/True/True/1/32/4/4/6826/18072/train_dataset",
    "betas": [
      0.9,
      0.95
    ],
    "method": "normal",
    "run_id": "b56b8cde-6f34-4cd1-a403-72d6c0ec2691",
    "val_dataset_filepath": "./datasets/graph_depth_first_search/1/11/normal/11111/100/True/True/1/32/4/4/6826/18072/val_dataset",
    "test_dataset_filepath": "./datasets/graph_depth_first_search/1/11/normal/11111/100/True/True/1/32/4/4/6826/18072/test_dataset",
    "dropout": 0,
    "log_gradients": false,
    "task": "graph_depth_first_search",
    "compute_budget": 1000000000000,
    "lr": 0.01,
    "n_head": 4,
    "task_length": 11,
    "bias": false,
    "mask_idx": 23,
    "seed": 18072,
    "validation_ratio": 0.005,
    "early_stopping": false
  },
  "summary": {
    "_runtime": 792.7868731021881,
    "_step": 248,
    "_timestamp": 1735472301.566528,
    "_wandb.runtime": 792,
    "epoch": 1,
    "lr-AdamW": 0.0010062922813954783,
    "test_acc_result": 0.032999999821186066,
    "total_compute": 2040384454656,
    "train_loss_epoch": 0.9271702170372009,
    "train_loss_step": 0.5179193615913391,
    "trainer/global_step": 659,
    "val_loss": 0.5215907692909241
  }
}