{
  "config": {
    "dropout": 0,
    "n_embd": 64,
    "max_steps": 44,
    "log_gradients": false,
    "train_dataset_filepath": "./datasets/graph_depth_first_search/1/11/normal/11111/10/True/True/1/64/16/4/17558/33976/train_dataset",
    "compute_budget": 1000000000000,
    "n_head": 4,
    "threshold_testing": false,
    "test_dataset_filepath": "./datasets/graph_depth_first_search/1/11/normal/11111/10/True/True/1/64/16/4/17558/33976/test_dataset",
    "loss_threshold": 0.0017157108429701616,
    "early_stopping": false,
    "seed": 33976,
    "run_id": "c7e04bd1-c565-4986-936d-d71565daf77a",
    "lr": 0.001,
    "project_name": "binary-graph_depth_first_search1-gridsearch-11-normal-11111-iteration-113040",
    "method": "normal",
    "warmup_ratio": 0.1,
    "bias": false,
    "betas": [
      0.9,
      0.95
    ],
    "mask_idx": 23,
    "precision": "32",
    "task": "graph_depth_first_search",
    "test_batch_size": 64,
    "n_layer": 16,
    "batch_size": 64,
    "validation_ratio": 0.005,
    "task_length": 11,
    "weight_decay": 0.1,
    "grad_clip": 1,
    "val_dataset_filepath": "./datasets/graph_depth_first_search/1/11/normal/11111/10/True/True/1/64/16/4/17558/33976/val_dataset"
  },
  "summary": {
    "_runtime": 731.3807971477509,
    "_step": 47,
    "_timestamp": 1735473808.817629,
    "_wandb.runtime": 730,
    "epoch": 1,
    "test_acc_result": 0,
    "total_compute": 1913684754432,
    "train_loss_epoch": 2.3860557079315186,
    "trainer/global_step": 44,
    "val_loss": 2.192505359649658
  }
}