{
  "config": {
    "early_stopping": false,
    "grad_clip": 1,
    "test_batch_size": 64,
    "run_id": "867bd4af-fec4-4c81-8fd5-d7ab139d0087",
    "n_embd": 256,
    "weight_decay": 0.1,
    "task": "graph_depth_first_search",
    "warmup_ratio": 0.1,
    "threshold_testing": false,
    "max_steps": 23,
    "n_layer": 16,
    "batch_size": 8,
    "bias": false,
    "betas": [
      0.9,
      0.95
    ],
    "seed": 37756,
    "loss_threshold": 0.0017157108429701616,
    "method": "normal",
    "log_gradients": false,
    "dropout": 0,
    "train_dataset_filepath": "./datasets/graph_depth_first_search/1/11/normal/11111/100/True/True/1/256/16/4/4007/37756/train_dataset",
    "compute_budget": 1000000000000,
    "val_dataset_filepath": "./datasets/graph_depth_first_search/1/11/normal/11111/100/True/True/1/256/16/4/4007/37756/val_dataset",
    "validation_ratio": 0.005,
    "n_head": 4,
    "precision": "32",
    "test_dataset_filepath": "./datasets/graph_depth_first_search/1/11/normal/11111/100/True/True/1/256/16/4/4007/37756/test_dataset",
    "mask_idx": 23,
    "task_length": 11,
    "lr": 0.01,
    "project_name": "binary-graph_depth_first_search1-gridsearch-11-normal-11111-iteration-113040"
  },
  "summary": {
    "_runtime": 365.068017244339,
    "_step": 26,
    "_timestamp": 1735466575.3639772,
    "_wandb.runtime": 364,
    "epoch": 1,
    "test_acc_result": 0,
    "total_compute": 1792080347136,
    "train_loss_epoch": 3.043849229812622,
    "trainer/global_step": 23,
    "val_loss": 2.4274868965148926
  }
}