{
  "config": {
    "project_name": "binary-graph_depth_first_search1-gridsearch-11-normal-11111-iteration-113040",
    "task": "graph_depth_first_search",
    "betas": [
      0.9,
      0.95
    ],
    "mask_idx": 23,
    "warmup_ratio": 0.1,
    "test_batch_size": 64,
    "validation_ratio": 0.005,
    "method": "normal",
    "run_id": "52f72cbf-a932-42d9-8b7e-e8097d3cb807",
    "loss_threshold": 0.0017157108429701616,
    "test_dataset_filepath": "./datasets/graph_depth_first_search/1/11/normal/11111/1/True/True/1/512/16/4/32504/34196/test_dataset",
    "task_length": 11,
    "train_dataset_filepath": "./datasets/graph_depth_first_search/1/11/normal/11111/1/True/True/1/512/16/4/32504/34196/train_dataset",
    "grad_clip": 1,
    "lr": 0.0001,
    "precision": "32",
    "weight_decay": 0.1,
    "dropout": 0,
    "val_dataset_filepath": "./datasets/graph_depth_first_search/1/11/normal/11111/1/True/True/1/512/16/4/32504/34196/val_dataset",
    "n_embd": 512,
    "log_gradients": false,
    "threshold_testing": false,
    "bias": false,
    "seed": 34196,
    "early_stopping": false,
    "n_layer": 16,
    "max_steps": 1,
    "batch_size": 64,
    "compute_budget": 1000000000000,
    "n_head": 4
  },
  "summary": {
    "_runtime": 539.0851764678955,
    "_step": 4,
    "_timestamp": 1735474220.2976305,
    "_wandb.runtime": 538,
    "epoch": 1,
    "test_acc_result": 0,
    "total_compute": 2444960464896,
    "train_loss_epoch": 3.5077805519104004,
    "trainer/global_step": 1,
    "val_loss": 2.5694479942321777
  }
}