{
  "config": {
    "log_gradients": false,
    "batch_size": 8,
    "dropout": 0,
    "bias": false,
    "mask_idx": 23,
    "task_length": 11,
    "precision": "32",
    "task": "graph_depth_first_search",
    "early_stopping": false,
    "method": "normal",
    "lr": 0.001,
    "n_embd": 256,
    "train_dataset_filepath": "./datasets/graph_depth_first_search/1/11/normal/11111/10/True/True/1/256/4/4/9990/15512/train_dataset",
    "threshold_testing": false,
    "n_head": 4,
    "seed": 15512,
    "compute_budget": 1000000000000,
    "run_id": "6713b079-da12-4bab-9c70-a029bdd027d2",
    "validation_ratio": 0.005,
    "max_steps": 93,
    "test_dataset_filepath": "./datasets/graph_depth_first_search/1/11/normal/11111/10/True/True/1/256/4/4/9990/15512/test_dataset",
    "betas": [
      0.9,
      0.95
    ],
    "test_batch_size": 64,
    "warmup_ratio": 0.1,
    "val_dataset_filepath": "./datasets/graph_depth_first_search/1/11/normal/11111/10/True/True/1/256/4/4/9990/15512/val_dataset",
    "loss_threshold": 0.0017157108429701616,
    "grad_clip": 1,
    "project_name": "binary-graph_depth_first_search1-gridsearch-11-normal-11111-iteration-113040",
    "weight_decay": 0.1,
    "n_layer": 4
  },
  "summary": {
    "_runtime": 188.78259086608887,
    "_step": 98,
    "_timestamp": 1735466836.2499368,
    "_wandb.runtime": 188,
    "epoch": 1,
    "lr-AdamW": 0.000583628542113891,
    "test_acc_result": 0,
    "total_compute": 1811559481344,
    "train_loss_epoch": 1.8206688165664673,
    "train_loss_step": 1.7707648277282715,
    "trainer/global_step": 93,
    "val_loss": 1.2910875082015991
  }
}