{
  "config": {
    "precision": "32",
    "test_dataset_filepath": "./datasets/graph_depth_first_search/1/11/normal/11111/10/True/True/1/512/16/4/31917/39759/test_dataset",
    "batch_size": 8,
    "method": "normal",
    "grad_clip": 1,
    "max_steps": 6,
    "seed": 39759,
    "dropout": 0,
    "n_layer": 16,
    "test_batch_size": 64,
    "warmup_ratio": 0.1,
    "n_head": 4,
    "run_id": "0953d47b-7e04-4349-b460-ca77853f0c0d",
    "threshold_testing": false,
    "loss_threshold": 0.0017157108429701616,
    "val_dataset_filepath": "./datasets/graph_depth_first_search/1/11/normal/11111/10/True/True/1/512/16/4/31917/39759/val_dataset",
    "betas": [
      0.9,
      0.95
    ],
    "mask_idx": 23,
    "task": "graph_depth_first_search",
    "n_embd": 512,
    "log_gradients": false,
    "project_name": "binary-graph_depth_first_search1-gridsearch-11-normal-11111-iteration-113040",
    "bias": false,
    "train_dataset_filepath": "./datasets/graph_depth_first_search/1/11/normal/11111/10/True/True/1/512/16/4/31917/39759/train_dataset",
    "task_length": 11,
    "validation_ratio": 0.005,
    "compute_budget": 1000000000000,
    "early_stopping": false,
    "weight_decay": 0.1,
    "lr": 0.001
  },
  "summary": {
    "_runtime": 706.4297256469727,
    "_step": 9,
    "_timestamp": 1735472395.4388456,
    "_wandb.runtime": 706,
    "epoch": 1,
    "test_acc_result": 0,
    "total_compute": 1833720348672,
    "train_loss_epoch": 2.8979475498199463,
    "trainer/global_step": 6,
    "val_loss": 2.447737455368042
  }
}