{
  "config": {
    "threshold_testing": false,
    "log_gradients": false,
    "grad_clip": 1,
    "task_length": 11,
    "early_stopping": false,
    "max_steps": 568,
    "lr": 0.001,
    "validation_ratio": 0.005,
    "betas": [
      0.9,
      0.95
    ],
    "n_embd": 16,
    "batch_size": 64,
    "compute_budget": 1000000000000,
    "train_dataset_filepath": "./datasets/graph_depth_first_search/1/11/normal/11111/10/True/True/1/16/16/4/7903/22084/train_dataset",
    "n_head": 4,
    "task": "graph_depth_first_search",
    "bias": false,
    "test_batch_size": 64,
    "dropout": 0,
    "weight_decay": 0.1,
    "precision": "32",
    "test_dataset_filepath": "./datasets/graph_depth_first_search/1/11/normal/11111/10/True/True/1/16/16/4/7903/22084/test_dataset",
    "project_name": "binary-graph_depth_first_search1-gridsearch-11-normal-11111-iteration-113040",
    "loss_threshold": 0.0017157108429701616,
    "mask_idx": 23,
    "val_dataset_filepath": "./datasets/graph_depth_first_search/1/11/normal/11111/10/True/True/1/16/16/4/7903/22084/val_dataset",
    "run_id": "03886767-2159-46cd-a16f-7fa1e33f1d16",
    "warmup_ratio": 0.1,
    "seed": 22084,
    "n_layer": 16,
    "method": "normal"
  },
  "summary": {
    "_runtime": 548.1473863124847,
    "_step": 309,
    "_timestamp": 1735473305.3935354,
    "_wandb.runtime": 547,
    "epoch": 1,
    "lr-AdamW": 0.00010305462284434247,
    "test_acc_result": 0,
    "total_compute": 2187904155648,
    "train_loss_epoch": 1.8957854509353638,
    "train_loss_step": 1.4290860891342163,
    "trainer/global_step": 568,
    "val_loss": 1.3674967288970947
  }
}