{
  "config": {
    "max_steps": 24,
    "train_dataset_filepath": "./datasets/graph_depth_first_search/1/11/normal/11111/1/True/True/1/256/16/4/14520/34114/train_dataset",
    "mask_idx": 23,
    "bias": false,
    "warmup_ratio": 0.1,
    "lr": 0.0001,
    "dropout": 0,
    "task_length": 11,
    "test_batch_size": 64,
    "early_stopping": false,
    "loss_threshold": 0.0017157108429701616,
    "validation_ratio": 0.005,
    "n_embd": 256,
    "weight_decay": 0.1,
    "seed": 34114,
    "project_name": "binary-graph_depth_first_search1-gridsearch-11-normal-11111-iteration-113040",
    "log_gradients": false,
    "val_dataset_filepath": "./datasets/graph_depth_first_search/1/11/normal/11111/1/True/True/1/256/16/4/14520/34114/val_dataset",
    "batch_size": 8,
    "method": "normal",
    "test_dataset_filepath": "./datasets/graph_depth_first_search/1/11/normal/11111/1/True/True/1/256/16/4/14520/34114/test_dataset",
    "run_id": "3cce6031-baaf-44aa-a9bd-bc8c692d85ff",
    "compute_budget": 1000000000000,
    "grad_clip": 1,
    "betas": [
      0.9,
      0.95
    ],
    "threshold_testing": false,
    "n_layer": 16,
    "n_head": 4,
    "precision": "32",
    "task": "graph_depth_first_search"
  },
  "summary": {
    "_runtime": 1056.8698844909668,
    "_step": 27,
    "_timestamp": 1735472237.7442555,
    "_wandb.runtime": 1056,
    "epoch": 1,
    "test_acc_result": 0,
    "total_compute": 1869996883968,
    "train_loss_epoch": 2.461773633956909,
    "trainer/global_step": 24,
    "val_loss": 2.2395825386047363
  }
}