{
  "config": {
    "bias": false,
    "task": "graph_depth_first_search",
    "max_steps": 2336,
    "run_id": "583b24e9-d329-4ec2-b2d1-91ba52d571a9",
    "loss_threshold": 0.0017157108429701616,
    "precision": "32",
    "log_gradients": false,
    "train_dataset_filepath": "./datasets/graph_depth_first_search/1/11/normal/11111/1000/True/True/1/16/4/4/78/26760/train_dataset",
    "test_dataset_filepath": "./datasets/graph_depth_first_search/1/11/normal/11111/1000/True/True/1/16/4/4/78/26760/test_dataset",
    "weight_decay": 0.1,
    "betas": [
      0.9,
      0.95
    ],
    "warmup_ratio": 0.1,
    "compute_budget": 1000000000000,
    "test_batch_size": 64,
    "dropout": 0,
    "n_embd": 16,
    "task_length": 11,
    "project_name": "binary-graph_depth_first_search1-gridsearch-11-normal-11111-iteration-113040",
    "method": "normal",
    "n_layer": 4,
    "early_stopping": false,
    "n_head": 4,
    "val_dataset_filepath": "./datasets/graph_depth_first_search/1/11/normal/11111/1000/True/True/1/16/4/4/78/26760/val_dataset",
    "validation_ratio": 0.005,
    "grad_clip": 1,
    "batch_size": 64,
    "threshold_testing": false,
    "lr": 0.1,
    "seed": 26760,
    "mask_idx": 23
  },
  "summary": {
    "_runtime": 1254.4371650218964,
    "_step": 307,
    "_timestamp": 1735471635.981903,
    "_wandb.runtime": 1253,
    "epoch": 1,
    "lr-AdamW": 0.010068722127494744,
    "test_acc_result": 0.03500000014901161,
    "total_compute": 2249535258624,
    "train_loss_epoch": 0.8661405444145203,
    "train_loss_step": 0.5406765341758728,
    "trainer/global_step": 2336,
    "val_loss": 0.5210568904876709
  }
}