{
  "config": {
    "weight_decay": 0.1,
    "log_gradients": false,
    "max_steps": 4509,
    "method": "normal",
    "test_batch_size": 64,
    "validation_ratio": 0.005,
    "betas": [
      0.9,
      0.95
    ],
    "task_length": 11,
    "grad_clip": 1,
    "val_dataset_filepath": "./datasets/graph_depth_first_search/1/11/normal/11111/10/True/True/1/16/16/4/12588/15321/val_dataset",
    "precision": "32",
    "batch_size": 8,
    "seed": 15321,
    "n_head": 4,
    "loss_threshold": 0.0017157108429701616,
    "compute_budget": 1000000000000,
    "n_layer": 16,
    "lr": 0.001,
    "mask_idx": 23,
    "threshold_testing": false,
    "dropout": 0,
    "train_dataset_filepath": "./datasets/graph_depth_first_search/1/11/normal/11111/10/True/True/1/16/16/4/12588/15321/train_dataset",
    "n_embd": 16,
    "early_stopping": false,
    "test_dataset_filepath": "./datasets/graph_depth_first_search/1/11/normal/11111/10/True/True/1/16/16/4/12588/15321/test_dataset",
    "bias": false,
    "task": "graph_depth_first_search",
    "warmup_ratio": 0.1,
    "project_name": "binary-graph_depth_first_search1-gridsearch-11-normal-11111-iteration-113040",
    "run_id": "e9623ef4-ecde-409b-86ef-4c206bfe7b20"
  },
  "summary": {
    "_runtime": 782.6848216056824,
    "_step": 387,
    "_timestamp": 1735474308.1389656,
    "_wandb.runtime": 782,
    "epoch": 1,
    "lr-AdamW": 0.00010001347851334099,
    "test_acc_result": 0.012000000104308128,
    "total_compute": 2171051900928,
    "train_loss_epoch": 1.113380789756775,
    "train_loss_step": 0.6999404430389404,
    "trainer/global_step": 4509,
    "val_loss": 0.7155609130859375
  }
}