{
  "config": {
    "precision": "32",
    "grad_clip": 1,
    "test_dataset_filepath": "./datasets/graph_depth_first_search/1/11/normal/11111/1/True/True/1/16/16/4/21871/31154/test_dataset",
    "early_stopping": false,
    "test_batch_size": 64,
    "mask_idx": 23,
    "warmup_ratio": 0.1,
    "threshold_testing": false,
    "train_dataset_filepath": "./datasets/graph_depth_first_search/1/11/normal/11111/1/True/True/1/16/16/4/21871/31154/train_dataset",
    "compute_budget": 1000000000000,
    "lr": 0.0001,
    "dropout": 0,
    "task_length": 11,
    "betas": [
      0.9,
      0.95
    ],
    "seed": 31154,
    "method": "normal",
    "n_embd": 16,
    "max_steps": 4523,
    "task": "graph_depth_first_search",
    "run_id": "e8734ad3-5145-4bf1-a8a3-c62a1f788587",
    "log_gradients": false,
    "n_head": 4,
    "n_layer": 16,
    "loss_threshold": 0.0017157108429701616,
    "val_dataset_filepath": "./datasets/graph_depth_first_search/1/11/normal/11111/1/True/True/1/16/16/4/21871/31154/val_dataset",
    "project_name": "binary-graph_depth_first_search1-gridsearch-11-normal-11111-iteration-113040",
    "bias": false,
    "batch_size": 8,
    "weight_decay": 0.1,
    "validation_ratio": 0.005
  },
  "summary": {
    "_runtime": 734.8159980773926,
    "_step": 388,
    "_timestamp": 1735474009.379568,
    "_wandb.runtime": 734,
    "epoch": 1,
    "lr-AdamW": 1.000771773971751e-05,
    "test_acc_result": 0,
    "total_compute": 2177792802816,
    "train_loss_epoch": 2.128765344619751,
    "train_loss_step": 1.6405085325241089,
    "trainer/global_step": 4523,
    "val_loss": 1.7086626291275024
  }
}