{
  "config": {
    "early_stopping": false,
    "n_embd": 32,
    "task": "graph_depth_first_search",
    "grad_clip": 1,
    "project_name": "binary-graph_depth_first_search1-gridsearch-11-normal-11111-iteration-113040",
    "test_batch_size": 64,
    "loss_threshold": 0.0017157108429701616,
    "compute_budget": 1000000000000,
    "weight_decay": 0.1,
    "log_gradients": false,
    "run_id": "0b6921ab-4861-42a2-8655-045705a774c2",
    "test_dataset_filepath": "./datasets/graph_depth_first_search/1/11/normal/11111/1000/True/True/1/32/16/4/36079/6503/test_dataset",
    "val_dataset_filepath": "./datasets/graph_depth_first_search/1/11/normal/11111/1000/True/True/1/32/16/4/36079/6503/val_dataset",
    "method": "normal",
    "mask_idx": 23,
    "batch_size": 8,
    "train_dataset_filepath": "./datasets/graph_depth_first_search/1/11/normal/11111/1000/True/True/1/32/16/4/36079/6503/train_dataset",
    "seed": 6503,
    "betas": [
      0.9,
      0.95
    ],
    "n_layer": 16,
    "max_steps": 1301,
    "validation_ratio": 0.005,
    "precision": "32",
    "threshold_testing": false,
    "lr": 0.1,
    "dropout": 0,
    "n_head": 4,
    "warmup_ratio": 0.1,
    "task_length": 11,
    "bias": false
  },
  "summary": {
    "_runtime": 624.3070266246796,
    "_step": 271,
    "_timestamp": 1735477874.3348296,
    "_wandb.runtime": 623,
    "epoch": 1,
    "lr-AdamW": 0.010000647779832277,
    "test_acc_result": 0.004000000189989805,
    "total_compute": 2014066900992,
    "train_loss_epoch": 1.4918653964996338,
    "train_loss_step": 0.8402704000473022,
    "trainer/global_step": 1301,
    "val_loss": 0.7923961281776428
  }
}