{
  "config": {
    "compute_budget": 1000000000000,
    "seed": 12194,
    "betas": [
      0.9,
      0.95
    ],
    "precision": "32",
    "test_batch_size": 64,
    "lr": 0.1,
    "bias": false,
    "weight_decay": 0.1,
    "n_layer": 4,
    "project_name": "binary-graph_depth_first_search1-gridsearch-11-normal-11111-iteration-113040",
    "task_length": 11,
    "log_gradients": false,
    "threshold_testing": false,
    "dropout": 0,
    "val_dataset_filepath": "./datasets/graph_depth_first_search/1/11/normal/11111/1000/True/True/1/64/4/4/15009/12194/val_dataset",
    "warmup_ratio": 0.1,
    "loss_threshold": 0.0017157108429701616,
    "train_dataset_filepath": "./datasets/graph_depth_first_search/1/11/normal/11111/1000/True/True/1/64/4/4/15009/12194/train_dataset",
    "validation_ratio": 0.005,
    "batch_size": 8,
    "n_embd": 64,
    "task": "graph_depth_first_search",
    "method": "normal",
    "max_steps": 1403,
    "grad_clip": 1,
    "early_stopping": false,
    "test_dataset_filepath": "./datasets/graph_depth_first_search/1/11/normal/11111/1000/True/True/1/64/4/4/15009/12194/test_dataset",
    "mask_idx": 23,
    "n_head": 4,
    "run_id": "250e0c36-f186-415c-bb7a-595e298cc7ad"
  },
  "summary": {
    "_runtime": 785.3425307273865,
    "_step": 259,
    "_timestamp": 1735472179.3759136,
    "_wandb.runtime": 784,
    "epoch": 1,
    "lr-AdamW": 0.010002227367929833,
    "test_acc_result": 0,
    "total_compute": 1906888998912,
    "train_loss_epoch": 2.058389186859131,
    "train_loss_step": 1.2727948427200317,
    "trainer/global_step": 1403,
    "val_loss": 1.3752801418304443
  }
}