{
  "config": {
    "run_id": "9f6fc92e-3de3-4f85-82af-7d113959b68c",
    "batch_size": 8,
    "compute_budget": 1000000000000,
    "lr": 0.01,
    "grad_clip": 1,
    "task_length": 11,
    "val_dataset_filepath": "./datasets/graph_depth_first_search/1/11/normal/11111/100/True/True/1/128/16/4/16891/13605/val_dataset",
    "betas": [
      0.9,
      0.95
    ],
    "method": "normal",
    "bias": false,
    "n_embd": 128,
    "early_stopping": false,
    "test_batch_size": 64,
    "seed": 13605,
    "loss_threshold": 0.0017157108429701616,
    "threshold_testing": false,
    "project_name": "binary-graph_depth_first_search1-gridsearch-11-normal-11111-iteration-113040",
    "log_gradients": false,
    "precision": "32",
    "test_dataset_filepath": "./datasets/graph_depth_first_search/1/11/normal/11111/100/True/True/1/128/16/4/16891/13605/test_dataset",
    "dropout": 0,
    "warmup_ratio": 0.1,
    "max_steps": 92,
    "validation_ratio": 0.005,
    "train_dataset_filepath": "./datasets/graph_depth_first_search/1/11/normal/11111/100/True/True/1/128/16/4/16891/13605/train_dataset",
    "n_layer": 16,
    "weight_decay": 0.1,
    "n_head": 4,
    "mask_idx": 23,
    "task": "graph_depth_first_search"
  },
  "summary": {
    "_runtime": 658.9293642044067,
    "_step": 97,
    "_timestamp": 1735474276.1519601,
    "_wandb.runtime": 658,
    "epoch": 1,
    "lr-AdamW": 0.0057553537289188345,
    "test_acc_result": 0,
    "total_compute": 1861610373120,
    "train_loss_epoch": 2.1010782718658447,
    "train_loss_step": 2.128108501434326,
    "trainer/global_step": 92,
    "val_loss": 1.700925588607788
  }
}