{
  "config": {
    "bias": false,
    "project_name": "binary-graph_depth_first_search1-gridsearch-11-normal-11111-iteration-113040",
    "mask_idx": 23,
    "compute_budget": 1000000000000,
    "warmup_ratio": 0.1,
    "early_stopping": false,
    "n_head": 4,
    "test_batch_size": 64,
    "threshold_testing": false,
    "loss_threshold": 0.0017157108429701616,
    "seed": 27256,
    "n_embd": 16,
    "n_layer": 4,
    "run_id": "db367234-7b2b-49f1-bd3c-162f5792102c",
    "train_dataset_filepath": "./datasets/graph_depth_first_search/1/11/normal/11111/100/True/True/1/16/4/4/171/27256/train_dataset",
    "batch_size": 8,
    "log_gradients": false,
    "grad_clip": 1,
    "max_steps": 17770,
    "weight_decay": 0.1,
    "lr": 0.01,
    "betas": [
      0.9,
      0.95
    ],
    "task": "graph_depth_first_search",
    "val_dataset_filepath": "./datasets/graph_depth_first_search/1/11/normal/11111/100/True/True/1/16/4/4/171/27256/val_dataset",
    "method": "normal",
    "test_dataset_filepath": "./datasets/graph_depth_first_search/1/11/normal/11111/100/True/True/1/16/4/4/171/27256/test_dataset",
    "precision": "32",
    "task_length": 11,
    "validation_ratio": 0.005,
    "dropout": 0
  },
  "summary": {
    "_runtime": 1817.5302889347076,
    "_step": 914,
    "_timestamp": 1735472188.796244,
    "_wandb.runtime": 1816,
    "epoch": 1,
    "lr-AdamW": 0.001000038287795585,
    "test_acc_result": 0.10300000011920929,
    "total_compute": 2139032616960,
    "train_loss_epoch": 0.6667852997779846,
    "train_loss_step": 0.3990192711353302,
    "trainer/global_step": 17770,
    "val_loss": 0.34799498319625854
  }
}