{
  "config": {
    "seed": 7275,
    "betas": [
      0.9,
      0.95
    ],
    "log_gradients": false,
    "bias": false,
    "n_layer": 16,
    "run_id": "905830cc-bfa2-4f30-9266-b17d75471da8",
    "task_length": 11,
    "n_head": 4,
    "grad_clip": 1,
    "weight_decay": 0.1,
    "mask_idx": 23,
    "method": "normal",
    "train_dataset_filepath": "./datasets/graph_depth_first_search/1/11/normal/11111/1/True/True/1/32/16/4/35640/7275/train_dataset",
    "threshold_testing": false,
    "loss_threshold": 0.0017157108429701616,
    "precision": "32",
    "dropout": 0,
    "validation_ratio": 0.005,
    "batch_size": 64,
    "task": "graph_depth_first_search",
    "warmup_ratio": 0.1,
    "early_stopping": false,
    "max_steps": 160,
    "compute_budget": 1000000000000,
    "lr": 0.0001,
    "project_name": "binary-graph_depth_first_search1-gridsearch-11-normal-11111-iteration-113040",
    "val_dataset_filepath": "./datasets/graph_depth_first_search/1/11/normal/11111/1/True/True/1/32/16/4/35640/7275/val_dataset",
    "test_dataset_filepath": "./datasets/graph_depth_first_search/1/11/normal/11111/1/True/True/1/32/16/4/35640/7275/test_dataset",
    "test_batch_size": 64,
    "n_embd": 32
  },
  "summary": {
    "_runtime": 680.4540629386902,
    "_step": 169,
    "_timestamp": 1735472566.97805,
    "_wandb.runtime": 679,
    "epoch": 1,
    "lr-AdamW": 1.128960685840324e-05,
    "test_acc_result": 0,
    "total_compute": 1981556981760,
    "train_loss_epoch": 2.8786215782165527,
    "train_loss_step": 2.652121067047119,
    "trainer/global_step": 160,
    "val_loss": 2.635007619857788
  }
}