{
  "config": {
    "n_head": 4,
    "grad_clip": 1,
    "log_gradients": false,
    "task_length": 11,
    "mask_idx": 23,
    "val_dataset_filepath": "./datasets/graph_depth_first_search/1/11/normal/11111/100/True/True/1/512/16/4/35639/4981/val_dataset",
    "run_id": "fe2e3029-1f97-4607-846f-07951aef931a",
    "n_embd": 512,
    "task": "graph_depth_first_search",
    "precision": "32",
    "test_batch_size": 64,
    "batch_size": 8,
    "seed": 4981,
    "bias": false,
    "early_stopping": false,
    "compute_budget": 1000000000000,
    "project_name": "binary-graph_depth_first_search1-gridsearch-11-normal-11111-iteration-113040",
    "max_steps": 7,
    "train_dataset_filepath": "./datasets/graph_depth_first_search/1/11/normal/11111/100/True/True/1/512/16/4/35639/4981/train_dataset",
    "n_layer": 16,
    "loss_threshold": 0.0017157108429701616,
    "validation_ratio": 0.005,
    "test_dataset_filepath": "./datasets/graph_depth_first_search/1/11/normal/11111/100/True/True/1/512/16/4/35639/4981/test_dataset",
    "betas": [
      0.9,
      0.95
    ],
    "weight_decay": 0.1,
    "threshold_testing": false,
    "method": "normal",
    "dropout": 0,
    "warmup_ratio": 0.1,
    "lr": 0.01
  },
  "summary": {
    "_runtime": 388.9061026573181,
    "_step": 10,
    "_timestamp": 1735473302.2364306,
    "_wandb.runtime": 388,
    "epoch": 1,
    "test_acc_result": 0,
    "total_compute": 2139340406784,
    "train_loss_epoch": 3.2637898921966553,
    "trainer/global_step": 7,
    "val_loss": 2.8150131702423096
  }
}