{
  "config": {
    "weight_decay": 0.1,
    "batch_size": 64,
    "test_batch_size": 64,
    "bias": false,
    "threshold_testing": false,
    "precision": "32",
    "run_id": "3ced0ca5-f05c-449d-bf42-14da7910d9da",
    "grad_clip": 1,
    "n_layer": 4,
    "n_embd": 64,
    "log_gradients": false,
    "validation_ratio": 0.005,
    "n_head": 4,
    "max_steps": 1762,
    "train_dataset_filepath": "./datasets/graph_depth_first_search/1/11/normal/11111/100/True/True/1/64/4/4/23984/25662/train_dataset",
    "val_dataset_filepath": "./datasets/graph_depth_first_search/1/11/normal/11111/100/True/True/1/64/4/4/23984/25662/val_dataset",
    "dropout": 0,
    "method": "normal",
    "mask_idx": 23,
    "test_dataset_filepath": "./datasets/graph_depth_first_search/1/11/normal/11111/100/True/True/1/64/4/4/23984/25662/test_dataset",
    "loss_threshold": 0.0017157108429701616,
    "task": "graph_depth_first_search",
    "lr": 0.01,
    "warmup_ratio": 0.1,
    "project_name": "binary-graph_depth_first_search1-gridsearch-11-normal-11111-iteration-113050",
    "seed": 25662,
    "betas": [
      0.9,
      0.95
    ],
    "task_length": 11,
    "compute_budget": 10000000000000,
    "early_stopping": false
  },
  "summary": {
    "_runtime": 335.6808543205261,
    "_step": 293,
    "_timestamp": 1735464392.3074813,
    "_wandb.runtime": 334,
    "epoch": 1,
    "lr-AdamW": 0.0010014918961855914,
    "test_acc_result": 0.8080000281333923,
    "total_compute": 19158593961984,
    "train_loss_epoch": 0.28662458062171936,
    "train_loss_step": 0.032881345599889755,
    "trainer/global_step": 1762,
    "val_loss": 0.03297717869281769
  }
}