{
  "config": {
    "log_gradients": false,
    "test_dataset_filepath": "./datasets/graph_depth_first_search/1/11/normal/11111/1/True/True/1/512/16/4/11967/2955/test_dataset",
    "task_length": 11,
    "threshold_testing": false,
    "n_embd": 512,
    "bias": false,
    "n_layer": 16,
    "mask_idx": 23,
    "seed": 2955,
    "task": "graph_depth_first_search",
    "batch_size": 64,
    "project_name": "binary-graph_depth_first_search1-gridsearch-11-normal-11111-iteration-113050",
    "compute_budget": 10000000000000,
    "n_head": 4,
    "run_id": "943621e2-ce27-4e23-b8d4-817efe6ac49a",
    "warmup_ratio": 0.1,
    "validation_ratio": 0.005,
    "grad_clip": 1,
    "early_stopping": false,
    "test_batch_size": 64,
    "val_dataset_filepath": "./datasets/graph_depth_first_search/1/11/normal/11111/1/True/True/1/512/16/4/11967/2955/val_dataset",
    "train_dataset_filepath": "./datasets/graph_depth_first_search/1/11/normal/11111/1/True/True/1/512/16/4/11967/2955/train_dataset",
    "weight_decay": 0.1,
    "method": "normal",
    "precision": "32",
    "lr": 0.0001,
    "dropout": 0,
    "betas": [
      0.9,
      0.95
    ],
    "max_steps": 8,
    "loss_threshold": 0.0017157108429701616
  },
  "summary": {
    "_runtime": 394.74463415145874,
    "_step": 11,
    "_timestamp": 1735466682.6784692,
    "_wandb.runtime": 394,
    "epoch": 1,
    "test_acc_result": 0,
    "total_compute": 19559683719168,
    "train_loss_epoch": 2.4179506301879883,
    "trainer/global_step": 8,
    "val_loss": 2.1937944889068604
  }
}