{
  "config": {
    "n_embd": 64,
    "compute_budget": 10000000000000,
    "validation_ratio": 0.005,
    "weight_decay": 0.1,
    "loss_threshold": 0.0017157108429701616,
    "max_steps": 1831,
    "bias": false,
    "task_length": 11,
    "dropout": 0,
    "log_gradients": false,
    "test_batch_size": 64,
    "n_head": 4,
    "run_id": "f3893aab-c0fd-4177-8c00-77ff5e8a0073",
    "project_name": "binary-graph_depth_first_search1-gridsearch-11-normal-11111-iteration-113050",
    "method": "normal",
    "warmup_ratio": 0.1,
    "val_dataset_filepath": "./datasets/graph_depth_first_search/1/11/normal/11111/10/True/True/1/64/4/4/1826/27334/val_dataset",
    "precision": "32",
    "n_layer": 4,
    "seed": 27334,
    "lr": 0.001,
    "early_stopping": false,
    "task": "graph_depth_first_search",
    "train_dataset_filepath": "./datasets/graph_depth_first_search/1/11/normal/11111/10/True/True/1/64/4/4/1826/27334/train_dataset",
    "grad_clip": 1,
    "threshold_testing": false,
    "mask_idx": 23,
    "batch_size": 64,
    "betas": [
      0.9,
      0.95
    ],
    "test_dataset_filepath": "./datasets/graph_depth_first_search/1/11/normal/11111/10/True/True/1/64/4/4/1826/27334/test_dataset"
  },
  "summary": {
    "_runtime": 820.5892753601074,
    "_step": 278,
    "_timestamp": 1735463094.4819553,
    "_wandb.runtime": 820,
    "epoch": 1,
    "lr-AdamW": 0.00010083701477804777,
    "test_acc_result": 0.12399999797344208,
    "total_compute": 19908845371392,
    "train_loss_epoch": 0.7080847024917603,
    "train_loss_step": 0.3620484471321106,
    "trainer/global_step": 1831,
    "val_loss": 0.33421605825424194
  }
}