{
  "config": {
    "grad_clip": 1,
    "validation_ratio": 0.005,
    "betas": [
      0.9,
      0.95
    ],
    "method": "normal",
    "dropout": 0,
    "seed": 21226,
    "warmup_ratio": 0.1,
    "early_stopping": false,
    "max_steps": 60,
    "task_length": 11,
    "compute_budget": 10000000000000,
    "precision": "32",
    "lr": 0.1,
    "loss_threshold": 0.0017157108429701616,
    "n_embd": 512,
    "run_id": "afe582a6-b46c-4dcb-8ef8-2ec583c455a1",
    "n_layer": 16,
    "batch_size": 8,
    "mask_idx": 23,
    "threshold_testing": false,
    "log_gradients": false,
    "test_batch_size": 64,
    "project_name": "binary-graph_depth_first_search1-gridsearch-11-normal-11111-iteration-113050",
    "train_dataset_filepath": "./datasets/graph_depth_first_search/1/11/normal/11111/1000/True/True/1/512/16/4/38443/21226/train_dataset",
    "bias": false,
    "task": "graph_depth_first_search",
    "n_head": 4,
    "val_dataset_filepath": "./datasets/graph_depth_first_search/1/11/normal/11111/1000/True/True/1/512/16/4/38443/21226/val_dataset",
    "test_dataset_filepath": "./datasets/graph_depth_first_search/1/11/normal/11111/1000/True/True/1/512/16/4/38443/21226/test_dataset",
    "weight_decay": 0.1
  },
  "summary": {
    "_runtime": 733.3889546394348,
    "_step": 65,
    "_timestamp": 1735456067.0254016,
    "_wandb.runtime": 733,
    "epoch": 1,
    "lr-AdamW": 0.018904456326023028,
    "test_acc_result": 0,
    "total_compute": 18337203486720,
    "train_loss_epoch": 7.324504375457764,
    "train_loss_step": 2.5737833976745605,
    "trainer/global_step": 60,
    "val_loss": 2.564880609512329
  }
}