{
  "config": {
    "batch_size": 8,
    "project_name": "binary-graph_depth_first_search1-gridsearch-11-normal-11111-iteration-113050",
    "precision": "32",
    "grad_clip": 1,
    "run_id": "4e2d3ada-409a-4ede-b74b-87d8b4cdf473",
    "betas": [
      0.9,
      0.95
    ],
    "n_head": 4,
    "lr": 0.001,
    "method": "normal",
    "task": "graph_depth_first_search",
    "mask_idx": 23,
    "max_steps": 45034,
    "dropout": 0,
    "val_dataset_filepath": "./datasets/graph_depth_first_search/1/11/normal/11111/10/True/True/1/16/16/4/9032/24099/val_dataset",
    "n_embd": 16,
    "compute_budget": 10000000000000,
    "test_dataset_filepath": "./datasets/graph_depth_first_search/1/11/normal/11111/10/True/True/1/16/16/4/9032/24099/test_dataset",
    "n_layer": 16,
    "log_gradients": false,
    "threshold_testing": false,
    "train_dataset_filepath": "./datasets/graph_depth_first_search/1/11/normal/11111/10/True/True/1/16/16/4/9032/24099/train_dataset",
    "warmup_ratio": 0.1,
    "early_stopping": false,
    "bias": false,
    "test_batch_size": 64,
    "loss_threshold": 0.0017157108429701616,
    "seed": 24099,
    "task_length": 11,
    "validation_ratio": 0.005,
    "weight_decay": 0.1
  },
  "summary": {
    "_runtime": 4526.558382034302,
    "_step": 2003,
    "_timestamp": 1735460126.941474,
    "_wandb.runtime": 4526,
    "epoch": 1,
    "lr-AdamW": 0.00010000165593561894,
    "test_acc_result": 0.17399999499320984,
    "total_compute": 21683555401728,
    "train_loss_epoch": 0.5917894840240479,
    "train_loss_step": 0.2840633988380432,
    "trainer/global_step": 45034,
    "val_loss": 0.3269796669483185
  }
}