{
  "config": {
    "run_id": "ac600596-d0d0-410f-ac3c-94db0deb0a28",
    "n_head": 4,
    "lr": 0.0001,
    "bias": false,
    "loss_threshold": 0.0017157108429701616,
    "train_dataset_filepath": "./datasets/graph_depth_first_search/1/11/normal/11111/1/True/True/1/32/4/4/16950/16193/train_dataset",
    "compute_budget": 10000000000000,
    "validation_ratio": 0.005,
    "test_dataset_filepath": "./datasets/graph_depth_first_search/1/11/normal/11111/1/True/True/1/32/4/4/16950/16193/test_dataset",
    "threshold_testing": false,
    "task_length": 11,
    "n_embd": 32,
    "mask_idx": 23,
    "project_name": "binary-graph_depth_first_search1-gridsearch-11-normal-11111-iteration-113050",
    "method": "normal",
    "batch_size": 8,
    "grad_clip": 1,
    "warmup_ratio": 0.1,
    "test_batch_size": 64,
    "early_stopping": false,
    "precision": "32",
    "weight_decay": 0.1,
    "n_layer": 4,
    "log_gradients": false,
    "seed": 16193,
    "dropout": 0,
    "task": "graph_depth_first_search",
    "max_steps": 51910,
    "betas": [
      0.9,
      0.95
    ],
    "val_dataset_filepath": "./datasets/graph_depth_first_search/1/11/normal/11111/1/True/True/1/32/4/4/16950/16193/val_dataset"
  },
  "summary": {
    "_runtime": 2999.7370204925537,
    "_step": 2279,
    "_timestamp": 1735460271.6748016,
    "_wandb.runtime": 2999,
    "epoch": 1,
    "lr-AdamW": 1.0000012310637335e-05,
    "test_acc_result": 0.03799999877810478,
    "total_compute": 20090356039680,
    "train_loss_epoch": 0.7947409152984619,
    "train_loss_step": 0.4659402668476105,
    "trainer/global_step": 51910,
    "val_loss": 0.5108738541603088
  }
}