{
  "config": {
    "method": "normal",
    "n_head": 4,
    "max_steps": 438,
    "run_id": "090efcd5-6d9e-45a7-aeb3-4c41d1d91882",
    "n_layer": 16,
    "mask_idx": 23,
    "train_dataset_filepath": "./datasets/graph_depth_first_search/1/11/normal/11111/1/True/True/1/64/16/4/25947/34728/train_dataset",
    "n_embd": 64,
    "compute_budget": 10000000000000,
    "val_dataset_filepath": "./datasets/graph_depth_first_search/1/11/normal/11111/1/True/True/1/64/16/4/25947/34728/val_dataset",
    "betas": [
      0.9,
      0.95
    ],
    "threshold_testing": false,
    "task": "graph_depth_first_search",
    "early_stopping": false,
    "test_dataset_filepath": "./datasets/graph_depth_first_search/1/11/normal/11111/1/True/True/1/64/16/4/25947/34728/test_dataset",
    "test_batch_size": 64,
    "project_name": "binary-graph_depth_first_search1-gridsearch-11-normal-11111-iteration-113050",
    "lr": 0.0001,
    "grad_clip": 1,
    "validation_ratio": 0.005,
    "loss_threshold": 0.0017157108429701616,
    "dropout": 0,
    "seed": 34728,
    "precision": "32",
    "log_gradients": false,
    "warmup_ratio": 0.1,
    "batch_size": 64,
    "task_length": 11,
    "weight_decay": 0.1,
    "bias": false
  },
  "summary": {
    "_runtime": 1389.2776322364807,
    "_step": 238,
    "_timestamp": 1735460516.9059682,
    "_wandb.runtime": 1388,
    "epoch": 1,
    "lr-AdamW": 1.2147496266609249e-05,
    "test_acc_result": 0.0020000000949949026,
    "total_compute": 19049861873664,
    "train_loss_epoch": 2.0829763412475586,
    "train_loss_step": 1.6752374172210693,
    "trainer/global_step": 438,
    "val_loss": 1.6734415292739868
  }
}