{
  "config": {
    "grad_clip": 1,
    "early_stopping": false,
    "mask_idx": 23,
    "dropout": 0,
    "bias": false,
    "loss_threshold": 0.0017157108429701616,
    "batch_size": 8,
    "train_dataset_filepath": "./datasets/graph_depth_first_search/1/11/normal/11111/10/True/True/1/256/16/4/30674/28450/train_dataset",
    "task": "graph_depth_first_search",
    "run_id": "39036bd0-0091-43a9-b2dd-621815f5446a",
    "test_batch_size": 64,
    "val_dataset_filepath": "./datasets/graph_depth_first_search/1/11/normal/11111/10/True/True/1/256/16/4/30674/28450/val_dataset",
    "threshold_testing": false,
    "n_embd": 256,
    "betas": [
      0.9,
      0.95
    ],
    "n_head": 4,
    "n_layer": 16,
    "validation_ratio": 0.005,
    "warmup_ratio": 0.1,
    "precision": "32",
    "log_gradients": false,
    "project_name": "binary-graph_depth_first_search1-gridsearch-11-normal-11111-iteration-113050",
    "method": "normal",
    "seed": 28450,
    "max_steps": 236,
    "test_dataset_filepath": "./datasets/graph_depth_first_search/1/11/normal/11111/10/True/True/1/256/16/4/30674/28450/test_dataset",
    "weight_decay": 0.1,
    "task_length": 11,
    "lr": 0.001,
    "compute_budget": 10000000000000
  },
  "summary": {
    "_runtime": 433.6932804584503,
    "_step": 247,
    "_timestamp": 1735466171.3640635,
    "_wandb.runtime": 433,
    "epoch": 1,
    "lr-AdamW": 0.00016536140937983476,
    "test_acc_result": 0.004999999888241291,
    "total_compute": 18388302692352,
    "train_loss_epoch": 1.2788335084915161,
    "train_loss_step": 0.887505292892456,
    "trainer/global_step": 236,
    "val_loss": 0.7984876036643982
  }
}