{
  "config": {
    "project_name": "binary-graph_depth_first_search1-gridsearch-11-normal-11111-iteration-113050",
    "n_head": 4,
    "batch_size": 64,
    "train_dataset_filepath": "./datasets/graph_depth_first_search/1/11/normal/11111/100/True/True/1/64/16/4/732/2118/train_dataset",
    "lr": 0.01,
    "bias": false,
    "max_steps": 435,
    "n_layer": 16,
    "early_stopping": false,
    "test_batch_size": 64,
    "mask_idx": 23,
    "val_dataset_filepath": "./datasets/graph_depth_first_search/1/11/normal/11111/100/True/True/1/64/16/4/732/2118/val_dataset",
    "grad_clip": 1,
    "log_gradients": false,
    "compute_budget": 10000000000000,
    "run_id": "38d371d6-143a-4620-8c9c-6c26accc010c",
    "threshold_testing": false,
    "betas": [
      0.9,
      0.95
    ],
    "dropout": 0,
    "method": "normal",
    "validation_ratio": 0.005,
    "precision": "32",
    "warmup_ratio": 0.1,
    "task_length": 11,
    "seed": 2118,
    "test_dataset_filepath": "./datasets/graph_depth_first_search/1/11/normal/11111/100/True/True/1/64/16/4/732/2118/test_dataset",
    "weight_decay": 0.1,
    "n_embd": 64,
    "loss_threshold": 0.0017157108429701616,
    "task": "graph_depth_first_search"
  },
  "summary": {
    "_runtime": 681.4141645431519,
    "_step": 236,
    "_timestamp": 1735463371.9645815,
    "_wandb.runtime": 680,
    "epoch": 1,
    "lr-AdamW": 0.001185994661335027,
    "test_acc_result": 0.11999999731779099,
    "total_compute": 18919383367680,
    "train_loss_epoch": 0.8279973864555359,
    "train_loss_step": 0.4404859244823456,
    "trainer/global_step": 435,
    "val_loss": 0.3784443438053131
  }
}