{
  "config": {
    "precision": "32",
    "mask_idx": 23,
    "task": "graph_depth_first_search",
    "betas": [
      0.9,
      0.95
    ],
    "n_embd": 512,
    "seed": 6282,
    "threshold_testing": false,
    "grad_clip": 1,
    "max_steps": 8,
    "lr": 0.1,
    "val_dataset_filepath": "./datasets/graph_depth_first_search/1/11/normal/11111/1000/True/True/1/512/16/4/32642/6282/val_dataset",
    "warmup_ratio": 0.1,
    "test_batch_size": 64,
    "early_stopping": false,
    "log_gradients": false,
    "batch_size": 64,
    "validation_ratio": 0.005,
    "compute_budget": 10000000000000,
    "n_head": 4,
    "test_dataset_filepath": "./datasets/graph_depth_first_search/1/11/normal/11111/1000/True/True/1/512/16/4/32642/6282/test_dataset",
    "train_dataset_filepath": "./datasets/graph_depth_first_search/1/11/normal/11111/1000/True/True/1/512/16/4/32642/6282/train_dataset",
    "task_length": 11,
    "run_id": "c9850512-c987-4e3b-9993-6546302dcebb",
    "project_name": "binary-graph_depth_first_search1-gridsearch-11-normal-11111-iteration-113050",
    "method": "normal",
    "dropout": 0,
    "bias": false,
    "loss_threshold": 0.0017157108429701616,
    "n_layer": 16,
    "weight_decay": 0.1
  },
  "summary": {
    "_runtime": 847.6189608573914,
    "_step": 11,
    "_timestamp": 1735456337.0398338,
    "_wandb.runtime": 848,
    "epoch": 1,
    "test_acc_result": 0,
    "total_compute": 19559683719168,
    "train_loss_epoch": 14.614346504211426,
    "trainer/global_step": 8,
    "val_loss": 23.07299041748047
  }
}