{
  "config": {
    "batch_size": 64,
    "seed": 14972,
    "log_gradients": false,
    "train_dataset_filepath": "./datasets/graph_depth_first_search/1/11/normal/11111/1000/True/True/1/256/16/4/30168/14972/train_dataset",
    "mask_idx": 23,
    "betas": [
      0.9,
      0.95
    ],
    "task_length": 11,
    "val_dataset_filepath": "./datasets/graph_depth_first_search/1/11/normal/11111/1000/True/True/1/256/16/4/30168/14972/val_dataset",
    "warmup_ratio": 0.1,
    "max_steps": 30,
    "weight_decay": 0.1,
    "compute_budget": 10000000000000,
    "lr": 0.1,
    "project_name": "binary-graph_depth_first_search1-gridsearch-11-normal-11111-iteration-113050",
    "n_head": 4,
    "run_id": "29e8435b-b699-4d26-905e-d733b23bdb14",
    "bias": false,
    "loss_threshold": 0.0017157108429701616,
    "early_stopping": false,
    "grad_clip": 1,
    "dropout": 0,
    "test_batch_size": 64,
    "n_layer": 16,
    "validation_ratio": 0.005,
    "test_dataset_filepath": "./datasets/graph_depth_first_search/1/11/normal/11111/1000/True/True/1/256/16/4/30168/14972/test_dataset",
    "threshold_testing": false,
    "n_embd": 256,
    "task": "graph_depth_first_search",
    "precision": "32",
    "method": "normal"
  },
  "summary": {
    "_runtime": 947.0141687393188,
    "_step": 33,
    "_timestamp": 1735462596.3386018,
    "_wandb.runtime": 946,
    "epoch": 1,
    "test_acc_result": 0,
    "total_compute": 18699968839680,
    "train_loss_epoch": 6.532195091247559,
    "trainer/global_step": 30,
    "val_loss": 2.622661828994751
  }
}