{
  "config": {
    "test_batch_size": 64,
    "task_length": 11,
    "compute_budget": 10000000000000,
    "validation_ratio": 0.005,
    "bias": false,
    "dropout": 0,
    "log_gradients": false,
    "warmup_ratio": 0.1,
    "precision": "32",
    "lr": 0.0001,
    "project_name": "binary-graph_depth_first_search1-gridsearch-11-normal-11111-iteration-113050",
    "train_dataset_filepath": "./datasets/graph_depth_first_search/1/11/normal/11111/1/True/True/1/128/16/4/1726/20548/train_dataset",
    "n_head": 4,
    "mask_idx": 23,
    "n_layer": 16,
    "batch_size": 8,
    "weight_decay": 0.1,
    "max_steps": 917,
    "threshold_testing": false,
    "grad_clip": 1,
    "task": "graph_depth_first_search",
    "seed": 20548,
    "method": "normal",
    "val_dataset_filepath": "./datasets/graph_depth_first_search/1/11/normal/11111/1/True/True/1/128/16/4/1726/20548/val_dataset",
    "n_embd": 128,
    "betas": [
      0.9,
      0.95
    ],
    "loss_threshold": 0.0017157108429701616,
    "test_dataset_filepath": "./datasets/graph_depth_first_search/1/11/normal/11111/1/True/True/1/128/16/4/1726/20548/test_dataset",
    "run_id": "f542cde7-957d-4162-be60-ed4faa0b0330",
    "early_stopping": false
  },
  "summary": {
    "_runtime": 601.2001338005066,
    "_step": 268,
    "_timestamp": 1735466973.9241807,
    "_wandb.runtime": 600,
    "epoch": 1,
    "lr-AdamW": 1.0105413819183304e-05,
    "test_acc_result": 0.004000000189989805,
    "total_compute": 18555399045120,
    "train_loss_epoch": 1.3869343996047974,
    "train_loss_step": 0.8851454854011536,
    "trainer/global_step": 917,
    "val_loss": 0.8634525537490845
  }
}