{
  "config": {
    "mask_idx": 23,
    "loss_threshold": 0.0017157108429701616,
    "seed": 32670,
    "train_dataset_filepath": "./datasets/graph_depth_first_search/1/11/normal/11111/1000/True/True/1/8/16/4/7553/32670/train_dataset",
    "task_length": 11,
    "task": "graph_depth_first_search",
    "batch_size": 64,
    "dropout": 0,
    "warmup_ratio": 0.1,
    "early_stopping": false,
    "project_name": "binary-graph_depth_first_search1-gridsearch-11-normal-11111-iteration-113050",
    "betas": [
      0.9,
      0.95
    ],
    "n_layer": 16,
    "method": "normal",
    "validation_ratio": 0.005,
    "compute_budget": 10000000000000,
    "run_id": "e306768c-253c-4177-89e4-0317cc55dc92",
    "weight_decay": 0.1,
    "max_steps": 18027,
    "threshold_testing": false,
    "test_dataset_filepath": "./datasets/graph_depth_first_search/1/11/normal/11111/1000/True/True/1/8/16/4/7553/32670/test_dataset",
    "log_gradients": false,
    "n_embd": 8,
    "lr": 0.1,
    "grad_clip": 1,
    "val_dataset_filepath": "./datasets/graph_depth_first_search/1/11/normal/11111/1000/True/True/1/8/16/4/7553/32670/val_dataset",
    "n_head": 4,
    "bias": false,
    "precision": "32",
    "test_batch_size": 64
  },
  "summary": {
    "_runtime": 1889.52348279953,
    "_step": 923,
    "_timestamp": 1735463514.8795087,
    "_wandb.runtime": 1888,
    "epoch": 1,
    "lr-AdamW": 0.010000661344660402,
    "test_acc_result": 0.004999999888241291,
    "total_compute": 24171801477120,
    "train_loss_epoch": 1.0776760578155518,
    "train_loss_step": 0.8919374942779541,
    "trainer/global_step": 18027,
    "val_loss": 0.8985040783882141
  }
}