{
  "config": {
    "betas": [
      0.9,
      0.95
    ],
    "val_dataset_filepath": "./datasets/graph_depth_first_search/1/11/normal/11111/10/True/True/1/512/16/4/38849/23290/val_dataset",
    "bias": false,
    "lr": 0.001,
    "test_dataset_filepath": "./datasets/graph_depth_first_search/1/11/normal/11111/10/True/True/1/512/16/4/38849/23290/test_dataset",
    "mask_idx": 23,
    "seed": 23290,
    "n_embd": 512,
    "grad_clip": 1,
    "task_length": 11,
    "batch_size": 8,
    "threshold_testing": false,
    "test_batch_size": 64,
    "project_name": "binary-graph_depth_first_search1-gridsearch-11-normal-11111-iteration-113050",
    "dropout": 0,
    "run_id": "488b3a9e-9086-408a-8453-d21f8589a891",
    "precision": "32",
    "max_steps": 60,
    "task": "graph_depth_first_search",
    "compute_budget": 10000000000000,
    "early_stopping": false,
    "weight_decay": 0.1,
    "n_head": 4,
    "train_dataset_filepath": "./datasets/graph_depth_first_search/1/11/normal/11111/10/True/True/1/512/16/4/38849/23290/train_dataset",
    "log_gradients": false,
    "n_layer": 16,
    "warmup_ratio": 0.1,
    "method": "normal",
    "validation_ratio": 0.005,
    "loss_threshold": 0.0017157108429701616
  },
  "summary": {
    "_runtime": 1568.1499156951904,
    "_step": 65,
    "_timestamp": 1735460259.2299957,
    "_wandb.runtime": 1567,
    "epoch": 1,
    "lr-AdamW": 0.00018904456326023026,
    "test_acc_result": 0,
    "total_compute": 18337203486720,
    "train_loss_epoch": 1.9451241493225098,
    "train_loss_step": 1.4940649271011353,
    "trainer/global_step": 60,
    "val_loss": 1.4654276371002197
  }
}