{
  "config": {
    "mask_idx": 23,
    "warmup_ratio": 0.1,
    "dropout": 0,
    "grad_clip": 1,
    "task_length": 11,
    "log_gradients": false,
    "run_id": "12a42ef0-cae9-4217-8db8-9ae81ae89475",
    "precision": "32",
    "method": "normal",
    "betas": [
      0.9,
      0.95
    ],
    "seed": 24042,
    "n_head": 4,
    "n_layer": 16,
    "threshold_testing": false,
    "test_batch_size": 64,
    "lr": 0.001,
    "compute_budget": 10000000000000,
    "project_name": "binary-graph_depth_first_search1-gridsearch-11-normal-11111-iteration-113050",
    "weight_decay": 0.1,
    "bias": false,
    "train_dataset_filepath": "./datasets/graph_depth_first_search/1/11/normal/11111/10/True/True/1/8/16/4/12740/24042/train_dataset",
    "early_stopping": false,
    "task": "graph_depth_first_search",
    "val_dataset_filepath": "./datasets/graph_depth_first_search/1/11/normal/11111/10/True/True/1/8/16/4/12740/24042/val_dataset",
    "max_steps": 18321,
    "validation_ratio": 0.005,
    "n_embd": 8,
    "test_dataset_filepath": "./datasets/graph_depth_first_search/1/11/normal/11111/10/True/True/1/8/16/4/12740/24042/test_dataset",
    "loss_threshold": 0.0017157108429701616,
    "batch_size": 64
  },
  "summary": {
    "_runtime": 2033.1143980026245,
    "_step": 936,
    "_timestamp": 1735468036.778065,
    "_wandb.runtime": 2032,
    "epoch": 1,
    "lr-AdamW": 0.00010000395310503012,
    "test_acc_result": 0.003000000026077032,
    "total_compute": 24566016245760,
    "train_loss_epoch": 1.12492835521698,
    "train_loss_step": 0.8873656988143921,
    "trainer/global_step": 18321,
    "val_loss": 0.859961748123169
  }
}