{
  "config": {
    "mask_idx": 23,
    "loss_threshold": 0.0017157108429701616,
    "train_dataset_filepath": "./datasets/graph_depth_first_search/1/11/normal/11111/10/True/True/1/256/16/4/21410/3658/train_dataset",
    "early_stopping": false,
    "precision": "32",
    "betas": [
      0.9,
      0.95
    ],
    "n_head": 4,
    "log_gradients": false,
    "batch_size": 64,
    "threshold_testing": false,
    "project_name": "binary-graph_depth_first_search1-gridsearch-11-normal-11111-iteration-113050",
    "grad_clip": 1,
    "val_dataset_filepath": "./datasets/graph_depth_first_search/1/11/normal/11111/10/True/True/1/256/16/4/21410/3658/val_dataset",
    "task_length": 11,
    "seed": 3658,
    "method": "normal",
    "n_layer": 16,
    "n_embd": 256,
    "dropout": 0,
    "bias": false,
    "task": "graph_depth_first_search",
    "run_id": "fb96a4d0-e7b6-40be-8692-bca62e90422a",
    "warmup_ratio": 0.1,
    "max_steps": 30,
    "lr": 0.001,
    "compute_budget": 10000000000000,
    "test_dataset_filepath": "./datasets/graph_depth_first_search/1/11/normal/11111/10/True/True/1/256/16/4/21410/3658/test_dataset",
    "test_batch_size": 64,
    "validation_ratio": 0.005,
    "weight_decay": 0.1
  },
  "summary": {
    "_runtime": 595.1136815547943,
    "_step": 33,
    "_timestamp": 1735467944.2928655,
    "_wandb.runtime": 594,
    "epoch": 1,
    "test_acc_result": 0,
    "total_compute": 18699968839680,
    "train_loss_epoch": 2.2016561031341553,
    "trainer/global_step": 30,
    "val_loss": 1.8916901350021362
  }
}