{
  "config": {
    "grad_clip": 1,
    "threshold_testing": false,
    "betas": [
      0.9,
      0.95
    ],
    "method": "normal",
    "weight_decay": 0.1,
    "val_dataset_filepath": "./datasets/graph_depth_first_search/1/11/normal/11111/1/True/True/1/32/16/4/11881/12611/val_dataset",
    "test_dataset_filepath": "./datasets/graph_depth_first_search/1/11/normal/11111/1/True/True/1/32/16/4/11881/12611/test_dataset",
    "project_name": "binary-graph_depth_first_search1-gridsearch-11-normal-11111-iteration-113050",
    "warmup_ratio": 0.1,
    "max_steps": 12964,
    "precision": "32",
    "n_head": 4,
    "batch_size": 8,
    "seed": 12611,
    "early_stopping": false,
    "validation_ratio": 0.005,
    "lr": 0.0001,
    "run_id": "cc843c31-f55a-4d7d-a7d3-031b2b6b3eb6",
    "task": "graph_depth_first_search",
    "loss_threshold": 0.0017157108429701616,
    "test_batch_size": 64,
    "train_dataset_filepath": "./datasets/graph_depth_first_search/1/11/normal/11111/1/True/True/1/32/16/4/11881/12611/train_dataset",
    "bias": false,
    "n_embd": 32,
    "compute_budget": 10000000000000,
    "task_length": 11,
    "log_gradients": false,
    "n_layer": 16,
    "mask_idx": 23,
    "dropout": 0
  },
  "summary": {
    "_runtime": 2845.1825432777405,
    "_step": 723,
    "_timestamp": 1735460242.4972203,
    "_wandb.runtime": 2844,
    "epoch": 1,
    "lr-AdamW": 1.0000367004467067e-05,
    "test_acc_result": 0.023000000044703484,
    "total_compute": 20069456805888,
    "train_loss_epoch": 1.0697695016860962,
    "train_loss_step": 0.6814187169075012,
    "trainer/global_step": 12964,
    "val_loss": 0.6431326270103455
  }
}