{
  "config": {
    "seed": 20756,
    "n_layer": 16,
    "batch_size": 64,
    "bias": false,
    "threshold_testing": false,
    "run_id": "1742ff1a-a9dc-491f-a225-f98ed5f69f2b",
    "warmup_ratio": 0.1,
    "precision": "32",
    "n_embd": 16,
    "val_dataset_filepath": "./datasets/graph_depth_first_search/1/11/normal/11111/1/True/True/1/16/16/4/25870/20756/val_dataset",
    "loss_threshold": 0.0017157108429701616,
    "lr": 0.0001,
    "method": "normal",
    "task": "graph_depth_first_search",
    "task_length": 11,
    "train_dataset_filepath": "./datasets/graph_depth_first_search/1/11/normal/11111/1/True/True/1/16/16/4/25870/20756/train_dataset",
    "compute_budget": 10000000000000,
    "betas": [
      0.9,
      0.95
    ],
    "project_name": "binary-graph_depth_first_search1-gridsearch-11-normal-11111-iteration-113050",
    "log_gradients": false,
    "dropout": 0,
    "n_head": 4,
    "test_dataset_filepath": "./datasets/graph_depth_first_search/1/11/normal/11111/1/True/True/1/16/16/4/25870/20756/test_dataset",
    "validation_ratio": 0.005,
    "test_batch_size": 64,
    "weight_decay": 0.1,
    "early_stopping": false,
    "mask_idx": 23,
    "max_steps": 5741,
    "grad_clip": 1
  },
  "summary": {
    "_runtime": 735.0211026668549,
    "_step": 436,
    "_timestamp": 1735463886.7036066,
    "_wandb.runtime": 734,
    "epoch": 1,
    "lr-AdamW": 1.0014671696021411e-05,
    "test_acc_result": 0.0010000000474974513,
    "total_compute": 22114010136576,
    "train_loss_epoch": 1.7807265520095825,
    "train_loss_step": 1.4434787034988403,
    "trainer/global_step": 5741,
    "val_loss": 1.3636316061019897
  }
}