{
  "config": {
    "max_steps": 44893,
    "test_dataset_filepath": "./datasets/graph_depth_first_search/1/11/normal/11111/1000/True/True/1/16/16/4/39757/32361/test_dataset",
    "n_head": 4,
    "grad_clip": 1,
    "run_id": "994fb9be-8aaf-4f98-9036-2c42f7009f54",
    "mask_idx": 23,
    "batch_size": 8,
    "test_batch_size": 64,
    "log_gradients": false,
    "bias": false,
    "task": "graph_depth_first_search",
    "compute_budget": 10000000000000,
    "project_name": "binary-graph_depth_first_search1-gridsearch-11-normal-11111-iteration-113050",
    "loss_threshold": 0.0017157108429701616,
    "threshold_testing": false,
    "validation_ratio": 0.005,
    "n_layer": 16,
    "warmup_ratio": 0.1,
    "val_dataset_filepath": "./datasets/graph_depth_first_search/1/11/normal/11111/1000/True/True/1/16/16/4/39757/32361/val_dataset",
    "early_stopping": false,
    "n_embd": 16,
    "seed": 32361,
    "weight_decay": 0.1,
    "betas": [
      0.9,
      0.95
    ],
    "train_dataset_filepath": "./datasets/graph_depth_first_search/1/11/normal/11111/1000/True/True/1/16/16/4/39757/32361/train_dataset",
    "lr": 0.1,
    "precision": "32",
    "method": "normal",
    "dropout": 0,
    "task_length": 11
  },
  "summary": {
    "_runtime": 3985.3698632717133,
    "_step": 1997,
    "_timestamp": 1735462488.1131313,
    "_wandb.runtime": 3984,
    "epoch": 1,
    "lr-AdamW": 0.010000263353120058,
    "test_acc_result": 0.00800000037997961,
    "total_compute": 21615664889856,
    "train_loss_epoch": 1.1316214799880981,
    "train_loss_step": 0.8091086745262146,
    "trainer/global_step": 44893,
    "val_loss": 0.7439274787902832
  }
}