{
  "config": {
    "test_batch_size": 64,
    "loss_threshold": 0.0017157108429701616,
    "test_dataset_filepath": "./datasets/graph_depth_first_search/1/11/normal/11111/100/True/True/1/16/16/4/5438/32836/test_dataset",
    "threshold_testing": false,
    "task_length": 11,
    "compute_budget": 10000000000000,
    "max_steps": 5773,
    "seed": 32836,
    "warmup_ratio": 0.1,
    "early_stopping": false,
    "betas": [
      0.9,
      0.95
    ],
    "bias": false,
    "validation_ratio": 0.005,
    "weight_decay": 0.1,
    "grad_clip": 1,
    "val_dataset_filepath": "./datasets/graph_depth_first_search/1/11/normal/11111/100/True/True/1/16/16/4/5438/32836/val_dataset",
    "train_dataset_filepath": "./datasets/graph_depth_first_search/1/11/normal/11111/100/True/True/1/16/16/4/5438/32836/train_dataset",
    "batch_size": 64,
    "mask_idx": 23,
    "dropout": 0,
    "project_name": "binary-graph_depth_first_search1-gridsearch-11-normal-11111-iteration-113050",
    "run_id": "594598a0-1e80-4545-9f7f-ddc746b619d9",
    "lr": 0.01,
    "n_embd": 16,
    "n_head": 4,
    "task": "graph_depth_first_search",
    "method": "normal",
    "log_gradients": false,
    "precision": "32",
    "n_layer": 16
  },
  "summary": {
    "_runtime": 2315.65439081192,
    "_step": 439,
    "_timestamp": 1735460554.4383128,
    "_wandb.runtime": 2315,
    "epoch": 1,
    "lr-AdamW": 0.0010004737604925294,
    "test_acc_result": 0.7649999856948853,
    "total_compute": 22237272342528,
    "train_loss_epoch": 0.32890403270721436,
    "train_loss_step": 0.05868088826537132,
    "trainer/global_step": 5773,
    "val_loss": 0.05203777924180031
  }
}