{
  "config": {
    "task": "graph_depth_first_search",
    "early_stopping": false,
    "n_head": 4,
    "threshold_testing": false,
    "n_embd": 128,
    "betas": [
      0.9,
      0.95
    ],
    "test_batch_size": 64,
    "warmup_ratio": 0.1,
    "precision": "32",
    "validation_ratio": 0.005,
    "method": "normal",
    "log_gradients": false,
    "compute_budget": 10000000000000,
    "n_layer": 4,
    "loss_threshold": 0.0017157108429701616,
    "val_dataset_filepath": "./datasets/graph_depth_first_search/1/11/normal/11111/1000/True/True/1/128/4/4/37878/2769/val_dataset",
    "max_steps": 452,
    "dropout": 0,
    "task_length": 11,
    "project_name": "binary-graph_depth_first_search1-gridsearch-11-normal-11111-iteration-113050",
    "run_id": "269f039b-4f08-407f-bf1f-04b1d26e0043",
    "train_dataset_filepath": "./datasets/graph_depth_first_search/1/11/normal/11111/1000/True/True/1/128/4/4/37878/2769/train_dataset",
    "lr": 0.1,
    "batch_size": 64,
    "grad_clip": 1,
    "seed": 2769,
    "weight_decay": 0.1,
    "mask_idx": 23,
    "bias": false,
    "test_dataset_filepath": "./datasets/graph_depth_first_search/1/11/normal/11111/1000/True/True/1/128/4/4/37878/2769/test_dataset"
  },
  "summary": {
    "_runtime": 1681.8057689666748,
    "_step": 247,
    "_timestamp": 1735458569.4878569,
    "_wandb.runtime": 1681,
    "epoch": 1,
    "lr-AdamW": 0.010012064700562394,
    "test_acc_result": 0,
    "total_compute": 18292345405440,
    "train_loss_epoch": 1.9613587856292725,
    "train_loss_step": 1.4714405536651611,
    "trainer/global_step": 452,
    "val_loss": 1.4281527996063232
  }
}