{
  "config": {
    "max_steps": 939,
    "dropout": 0,
    "log_gradients": false,
    "early_stopping": false,
    "train_dataset_filepath": "./datasets/graph_depth_first_search/1/11/normal/11111/1/True/True/1/256/4/4/20023/13827/train_dataset",
    "mask_idx": 23,
    "compute_budget": 10000000000000,
    "weight_decay": 0.1,
    "threshold_testing": false,
    "method": "normal",
    "val_dataset_filepath": "./datasets/graph_depth_first_search/1/11/normal/11111/1/True/True/1/256/4/4/20023/13827/val_dataset",
    "run_id": "ebf1db4a-37b3-4785-8721-f32146085b07",
    "validation_ratio": 0.005,
    "n_embd": 256,
    "n_layer": 4,
    "grad_clip": 1,
    "test_dataset_filepath": "./datasets/graph_depth_first_search/1/11/normal/11111/1/True/True/1/256/4/4/20023/13827/test_dataset",
    "seed": 13827,
    "n_head": 4,
    "lr": 0.0001,
    "bias": false,
    "test_batch_size": 64,
    "batch_size": 8,
    "precision": "32",
    "project_name": "binary-graph_depth_first_search1-gridsearch-11-normal-11111-iteration-113050",
    "loss_threshold": 0.0017157108429701616,
    "betas": [
      0.9,
      0.95
    ],
    "warmup_ratio": 0.1,
    "task": "graph_depth_first_search",
    "task_length": 11
  },
  "summary": {
    "_runtime": 279.10042667388916,
    "_step": 273,
    "_timestamp": 1735464091.2561088,
    "_wandb.runtime": 278,
    "epoch": 1,
    "lr-AdamW": 1.0495521907779879e-05,
    "test_acc_result": 0.008999999612569809,
    "total_compute": 18290907021312,
    "train_loss_epoch": 1.2615400552749634,
    "train_loss_step": 0.7115170359611511,
    "trainer/global_step": 939,
    "val_loss": 0.764653205871582
  }
}