{
  "config": {
    "n_embd": 256,
    "log_gradients": false,
    "n_head": 4,
    "train_dataset_filepath": "./datasets/graph_depth_first_search/1/11/normal/11111/100/True/True/1/256/16/4/14040/14627/train_dataset",
    "grad_clip": 1,
    "betas": [
      0.9,
      0.95
    ],
    "validation_ratio": 0.005,
    "compute_budget": 10000000000000,
    "early_stopping": false,
    "max_steps": 234,
    "dropout": 0,
    "warmup_ratio": 0.1,
    "seed": 14627,
    "test_batch_size": 64,
    "test_dataset_filepath": "./datasets/graph_depth_first_search/1/11/normal/11111/100/True/True/1/256/16/4/14040/14627/test_dataset",
    "n_layer": 16,
    "threshold_testing": false,
    "method": "normal",
    "task_length": 11,
    "loss_threshold": 0.0017157108429701616,
    "lr": 0.01,
    "precision": "32",
    "project_name": "binary-graph_depth_first_search1-gridsearch-11-normal-11111-iteration-113050",
    "bias": false,
    "mask_idx": 23,
    "val_dataset_filepath": "./datasets/graph_depth_first_search/1/11/normal/11111/100/True/True/1/256/16/4/14040/14627/val_dataset",
    "run_id": "427c3e92-3e90-4885-a4c8-642eb2dcea5a",
    "weight_decay": 0.1,
    "task": "graph_depth_first_search",
    "batch_size": 8
  },
  "summary": {
    "_runtime": 514.754474401474,
    "_step": 245,
    "_timestamp": 1735469095.3543015,
    "_wandb.runtime": 514,
    "epoch": 1,
    "lr-AdamW": 0.0015973142884402357,
    "test_acc_result": 0,
    "total_compute": 18232469618688,
    "train_loss_epoch": 2.080803155899048,
    "train_loss_step": 1.7917813062667847,
    "trainer/global_step": 234,
    "val_loss": 1.755007028579712
  }
}