{
  "config": {
    "n_head": 4,
    "task_length": 11,
    "n_embd": 64,
    "val_dataset_filepath": "./datasets/graph_depth_first_search/1/11/normal/11111/1/True/True/1/64/4/4/18421/10446/val_dataset",
    "n_layer": 4,
    "log_gradients": false,
    "compute_budget": 10000000000000,
    "precision": "32",
    "task": "graph_depth_first_search",
    "warmup_ratio": 0.1,
    "test_dataset_filepath": "./datasets/graph_depth_first_search/1/11/normal/11111/1/True/True/1/64/4/4/18421/10446/test_dataset",
    "dropout": 0,
    "mask_idx": 23,
    "grad_clip": 1,
    "early_stopping": false,
    "validation_ratio": 0.005,
    "train_dataset_filepath": "./datasets/graph_depth_first_search/1/11/normal/11111/1/True/True/1/64/4/4/18421/10446/train_dataset",
    "test_batch_size": 64,
    "lr": 0.0001,
    "batch_size": 64,
    "bias": false,
    "betas": [
      0.9,
      0.95
    ],
    "project_name": "binary-graph_depth_first_search1-gridsearch-11-normal-11111-iteration-113050",
    "loss_threshold": 0.0017157108429701616,
    "run_id": "476000fe-f02f-4f91-ad7f-1ccd40630b5e",
    "method": "normal",
    "threshold_testing": false,
    "weight_decay": 0.1,
    "max_steps": 1766,
    "seed": 10446
  },
  "summary": {
    "_runtime": 337.5788230895996,
    "_step": 293,
    "_timestamp": 1735467509.24296,
    "_wandb.runtime": 336,
    "epoch": 1,
    "lr-AdamW": 1.0025383121272168e-05,
    "test_acc_result": 0.0020000000949949026,
    "total_compute": 19202086797312,
    "train_loss_epoch": 1.6212445497512817,
    "train_loss_step": 1.0075269937515259,
    "trainer/global_step": 1766,
    "val_loss": 1.0000430345535278
  }
}