{
  "config": {
    "warmup_ratio": 0.1,
    "run_id": "dfcc868d-fe07-4f6f-8293-8bf0e2cc6be5",
    "task_length": 11,
    "early_stopping": false,
    "lr": 0.01,
    "precision": "32",
    "validation_ratio": 0.005,
    "max_steps": 912,
    "n_head": 4,
    "batch_size": 8,
    "log_gradients": false,
    "betas": [
      0.9,
      0.95
    ],
    "dropout": 0,
    "val_dataset_filepath": "./datasets/graph_depth_first_search/1/11/normal/11111/100/True/True/1/128/16/4/14112/5064/val_dataset",
    "bias": false,
    "project_name": "binary-graph_depth_first_search1-gridsearch-11-normal-11111-iteration-113050",
    "threshold_testing": false,
    "loss_threshold": 0.0017157108429701616,
    "test_dataset_filepath": "./datasets/graph_depth_first_search/1/11/normal/11111/100/True/True/1/128/16/4/14112/5064/test_dataset",
    "mask_idx": 23,
    "grad_clip": 1,
    "n_embd": 128,
    "train_dataset_filepath": "./datasets/graph_depth_first_search/1/11/normal/11111/100/True/True/1/128/16/4/14112/5064/train_dataset",
    "method": "normal",
    "test_batch_size": 64,
    "task": "graph_depth_first_search",
    "seed": 5064,
    "compute_budget": 10000000000000,
    "n_layer": 16,
    "weight_decay": 0.1
  },
  "summary": {
    "_runtime": 527.44850897789,
    "_step": 267,
    "_timestamp": 1735463755.812888,
    "_wandb.runtime": 527,
    "epoch": 1,
    "lr-AdamW": 0.0010055666394655249,
    "test_acc_result": 0,
    "total_compute": 18454224568320,
    "train_loss_epoch": 1.5180648565292358,
    "train_loss_step": 1.266357421875,
    "trainer/global_step": 912,
    "val_loss": 1.1846476793289185
  }
}