{
  "config": {
    "early_stopping": false,
    "batch_size": 64,
    "mask_idx": 23,
    "lr": 0.1,
    "task": "graph_depth_first_search",
    "project_name": "binary-graph_depth_first_search1-gridsearch-11-normal-11111-iteration-113050",
    "train_dataset_filepath": "./datasets/graph_depth_first_search/1/11/normal/11111/1000/True/True/1/8/4/4/8296/23504/train_dataset",
    "threshold_testing": false,
    "test_dataset_filepath": "./datasets/graph_depth_first_search/1/11/normal/11111/1000/True/True/1/8/4/4/8296/23504/test_dataset",
    "compute_budget": 10000000000000,
    "warmup_ratio": 0.1,
    "betas": [
      0.9,
      0.95
    ],
    "val_dataset_filepath": "./datasets/graph_depth_first_search/1/11/normal/11111/1000/True/True/1/8/4/4/8296/23504/val_dataset",
    "n_layer": 4,
    "n_head": 4,
    "log_gradients": false,
    "test_batch_size": 64,
    "max_steps": 71275,
    "task_length": 11,
    "dropout": 0,
    "seed": 23504,
    "grad_clip": 1,
    "n_embd": 8,
    "precision": "32",
    "bias": false,
    "method": "normal",
    "run_id": "517cdb76-be25-4fd4-8021-3ff9e9a27f01",
    "weight_decay": 0.1,
    "validation_ratio": 0.005,
    "loss_threshold": 0.0017157108429701616
  },
  "summary": {
    "_runtime": 3129.5901045799255,
    "_step": 3053,
    "_timestamp": 1735463772.1299727,
    "_wandb.runtime": 3128,
    "epoch": 1,
    "lr-AdamW": 0.010000036480657717,
    "test_acc_result": 0.0010000000474974513,
    "total_compute": 23892566016000,
    "train_loss_epoch": 1.1434844732284546,
    "train_loss_step": 0.9457499384880066,
    "trainer/global_step": 71275,
    "val_loss": 0.9949778914451599
  }
}