{
  "config": {
    "loss_threshold": 0.0017157108429701616,
    "method": "normal",
    "task_length": 11,
    "bias": false,
    "mask_idx": 23,
    "val_dataset_filepath": "./datasets/graph_depth_first_search/1/11/normal/11111/1/True/True/1/256/16/4/12187/13707/val_dataset",
    "project_name": "binary-graph_depth_first_search1-gridsearch-11-normal-11111-iteration-113050",
    "log_gradients": false,
    "betas": [
      0.9,
      0.95
    ],
    "batch_size": 8,
    "task": "graph_depth_first_search",
    "run_id": "a7a5f3e6-2ec9-40b6-8cae-63b07d42a3b6",
    "max_steps": 229,
    "test_dataset_filepath": "./datasets/graph_depth_first_search/1/11/normal/11111/1/True/True/1/256/16/4/12187/13707/test_dataset",
    "test_batch_size": 64,
    "early_stopping": false,
    "warmup_ratio": 0.1,
    "n_layer": 16,
    "precision": "32",
    "seed": 13707,
    "train_dataset_filepath": "./datasets/graph_depth_first_search/1/11/normal/11111/1/True/True/1/256/16/4/12187/13707/train_dataset",
    "weight_decay": 0.1,
    "lr": 0.0001,
    "n_embd": 256,
    "grad_clip": 1,
    "n_head": 4,
    "threshold_testing": false,
    "compute_budget": 10000000000000,
    "dropout": 0,
    "validation_ratio": 0.005
  },
  "summary": {
    "_runtime": 1696.4011130332947,
    "_step": 240,
    "_timestamp": 1735460605.509941,
    "_wandb.runtime": 1696,
    "epoch": 1,
    "lr-AdamW": 1.458425325863367e-05,
    "test_acc_result": 0.0010000000474974513,
    "total_compute": 17842886934528,
    "train_loss_epoch": 1.8322323560714722,
    "train_loss_step": 1.3980357646942139,
    "trainer/global_step": 229,
    "val_loss": 1.2299675941467285
  }
}