{
  "config": {
    "seed": 24231,
    "test_dataset_filepath": "./datasets/graph_depth_first_search/1/11/normal/11111/1000/True/True/1/256/16/4/1664/24231/test_dataset",
    "project_name": "binary-graph_depth_first_search1-gridsearch-11-normal-11111-iteration-113050",
    "weight_decay": 0.1,
    "validation_ratio": 0.005,
    "test_batch_size": 64,
    "method": "normal",
    "batch_size": 8,
    "n_layer": 16,
    "compute_budget": 10000000000000,
    "bias": false,
    "early_stopping": false,
    "val_dataset_filepath": "./datasets/graph_depth_first_search/1/11/normal/11111/1000/True/True/1/256/16/4/1664/24231/val_dataset",
    "task_length": 11,
    "lr": 0.1,
    "loss_threshold": 0.0017157108429701616,
    "task": "graph_depth_first_search",
    "n_head": 4,
    "threshold_testing": false,
    "precision": "32",
    "dropout": 0,
    "train_dataset_filepath": "./datasets/graph_depth_first_search/1/11/normal/11111/1000/True/True/1/256/16/4/1664/24231/train_dataset",
    "log_gradients": false,
    "mask_idx": 23,
    "warmup_ratio": 0.1,
    "max_steps": 235,
    "betas": [
      0.9,
      0.95
    ],
    "n_embd": 256,
    "grad_clip": 1,
    "run_id": "545bdaa7-7ce6-45ec-9c97-35526261d39d"
  },
  "summary": {
    "_runtime": 748.5222656726837,
    "_step": 246,
    "_timestamp": 1735463231.7178247,
    "_wandb.runtime": 748,
    "epoch": 1,
    "lr-AdamW": 0.016253037470469012,
    "test_acc_result": 0,
    "total_compute": 18310386155520,
    "train_loss_epoch": 2.4962127208709717,
    "train_loss_step": 2.368807792663574,
    "trainer/global_step": 235,
    "val_loss": 2.301527261734009
  }
}