{
  "config": {
    "compute_budget": 10000000000000,
    "mask_idx": 23,
    "loss_threshold": 0.0017157108429701616,
    "warmup_ratio": 0.1,
    "betas": [
      0.9,
      0.95
    ],
    "threshold_testing": false,
    "precision": "32",
    "batch_size": 64,
    "test_batch_size": 64,
    "bias": false,
    "n_layer": 4,
    "grad_clip": 1,
    "project_name": "binary-graph_depth_first_search1-gridsearch-11-normal-11111-iteration-113050",
    "max_steps": 464,
    "train_dataset_filepath": "./datasets/graph_depth_first_search/1/11/normal/11111/100/True/True/1/128/4/4/39572/21690/train_dataset",
    "seed": 21690,
    "validation_ratio": 0.005,
    "early_stopping": false,
    "lr": 0.01,
    "weight_decay": 0.1,
    "run_id": "0de00ea8-619d-407a-8bfd-18d45d9e6666",
    "test_dataset_filepath": "./datasets/graph_depth_first_search/1/11/normal/11111/100/True/True/1/128/4/4/39572/21690/test_dataset",
    "val_dataset_filepath": "./datasets/graph_depth_first_search/1/11/normal/11111/100/True/True/1/128/4/4/39572/21690/val_dataset",
    "n_head": 4,
    "task": "graph_depth_first_search",
    "log_gradients": false,
    "dropout": 0,
    "task_length": 11,
    "method": "normal",
    "n_embd": 128
  },
  "summary": {
    "_runtime": 233.11077690124512,
    "_step": 253,
    "_timestamp": 1735467152.8340309,
    "_wandb.runtime": 232,
    "epoch": 1,
    "lr-AdamW": 0.0010285661818061238,
    "test_acc_result": 0.006000000052154064,
    "total_compute": 18777982894080,
    "train_loss_epoch": 0.9725456237792969,
    "train_loss_step": 0.7550639510154724,
    "trainer/global_step": 464,
    "val_loss": 0.7196691036224365
  }
}