{
  "config": {
    "lr": 0.01,
    "dropout": 0,
    "test_dataset_filepath": "./datasets/graph_depth_first_search/1/11/normal/11111/100/True/True/1/8/16/4/34297/17573/test_dataset",
    "early_stopping": false,
    "task": "graph_depth_first_search",
    "n_layer": 16,
    "mask_idx": 23,
    "warmup_ratio": 0.1,
    "train_dataset_filepath": "./datasets/graph_depth_first_search/1/11/normal/11111/100/True/True/1/8/16/4/34297/17573/train_dataset",
    "n_embd": 8,
    "bias": false,
    "n_head": 4,
    "task_length": 11,
    "test_batch_size": 64,
    "run_id": "e05e90d9-5303-4372-a060-fae660a3bd9e",
    "grad_clip": 1,
    "weight_decay": 0.1,
    "precision": "32",
    "seed": 17573,
    "betas": [
      0.9,
      0.95
    ],
    "loss_threshold": 0.0017157108429701616,
    "validation_ratio": 0.005,
    "method": "normal",
    "batch_size": 64,
    "log_gradients": false,
    "compute_budget": 10000000000000,
    "project_name": "binary-graph_depth_first_search1-gridsearch-11-normal-11111-iteration-113050",
    "val_dataset_filepath": "./datasets/graph_depth_first_search/1/11/normal/11111/100/True/True/1/8/16/4/34297/17573/val_dataset",
    "threshold_testing": false,
    "max_steps": 18102
  },
  "summary": {
    "_runtime": 3626.7091841697693,
    "_step": 928,
    "_timestamp": 1735460385.0892482,
    "_wandb.runtime": 3626,
    "epoch": 1,
    "lr-AdamW": 0.0010000007529670262,
    "test_acc_result": 0.014999999664723873,
    "total_compute": 24272366469120,
    "train_loss_epoch": 0.8703168034553528,
    "train_loss_step": 0.6294158101081848,
    "trainer/global_step": 18102,
    "val_loss": 0.670929491519928
  }
}