{
  "config": {
    "dropout": 0,
    "batch_size": 64,
    "betas": [
      0.9,
      0.95
    ],
    "precision": "32",
    "log_gradients": false,
    "val_dataset_filepath": "./datasets/graph_depth_first_search/1/11/normal/11111/1/True/True/1/512/4/4/4186/13686/val_dataset",
    "early_stopping": false,
    "train_dataset_filepath": "./datasets/graph_depth_first_search/1/11/normal/11111/1/True/True/1/512/4/4/4186/13686/train_dataset",
    "bias": false,
    "n_layer": 4,
    "weight_decay": 0.1,
    "n_embd": 512,
    "grad_clip": 1,
    "seed": 13686,
    "task_length": 11,
    "n_head": 4,
    "mask_idx": 23,
    "max_steps": 30,
    "lr": 0.0001,
    "task": "graph_depth_first_search",
    "warmup_ratio": 0.1,
    "loss_threshold": 0.0017157108429701616,
    "test_dataset_filepath": "./datasets/graph_depth_first_search/1/11/normal/11111/1/True/True/1/512/4/4/4186/13686/test_dataset",
    "run_id": "f1e04938-3bdd-4b31-91da-b6bf01c511d5",
    "validation_ratio": 0.005,
    "method": "normal",
    "compute_budget": 10000000000000,
    "threshold_testing": false,
    "project_name": "binary-graph_depth_first_search1-gridsearch-11-normal-11111-iteration-113050",
    "test_batch_size": 64
  },
  "summary": {
    "_runtime": 113.30588698387146,
    "_step": 33,
    "_timestamp": 1735469039.602308,
    "_wandb.runtime": 112,
    "epoch": 1,
    "test_acc_result": 0,
    "total_compute": 18337203486720,
    "train_loss_epoch": 2.4059324264526367,
    "trainer/global_step": 30,
    "val_loss": 2.1582231521606445
  }
}