{
  "config": {
    "max_steps": 1746,
    "val_dataset_filepath": "./datasets/graph_depth_first_search/1/11/normal/11111/1000/True/True/1/64/4/4/17371/29660/val_dataset",
    "batch_size": 64,
    "warmup_ratio": 0.1,
    "dropout": 0,
    "task_length": 11,
    "test_batch_size": 64,
    "early_stopping": false,
    "validation_ratio": 0.005,
    "train_dataset_filepath": "./datasets/graph_depth_first_search/1/11/normal/11111/1000/True/True/1/64/4/4/17371/29660/train_dataset",
    "lr": 0.1,
    "method": "normal",
    "bias": false,
    "threshold_testing": false,
    "test_dataset_filepath": "./datasets/graph_depth_first_search/1/11/normal/11111/1000/True/True/1/64/4/4/17371/29660/test_dataset",
    "loss_threshold": 0.0017157108429701616,
    "weight_decay": 0.1,
    "project_name": "binary-graph_depth_first_search1-gridsearch-11-normal-11111-iteration-113050",
    "compute_budget": 10000000000000,
    "n_layer": 4,
    "grad_clip": 1,
    "betas": [
      0.9,
      0.95
    ],
    "seed": 29660,
    "precision": "32",
    "task": "graph_depth_first_search",
    "n_embd": 64,
    "run_id": "8879d31b-9a13-4dd6-b205-374619b0e9f0",
    "n_head": 4,
    "log_gradients": false,
    "mask_idx": 23
  },
  "summary": {
    "_runtime": 661.5268466472626,
    "_step": 289,
    "_timestamp": 1735462804.8325257,
    "_wandb.runtime": 661,
    "epoch": 1,
    "lr-AdamW": 0.010198359761075705,
    "test_acc_result": 0.017999999225139618,
    "total_compute": 18984622620672,
    "train_loss_epoch": 1.3963992595672607,
    "train_loss_step": 0.6764843463897705,
    "trainer/global_step": 1746,
    "val_loss": 0.638261079788208
  }
}