{
  "config": {
    "val_dataset_filepath": "./datasets/graph_depth_first_search/1/11/normal/11111/1/True/True/1/16/4/4/7135/3393/val_dataset",
    "weight_decay": 0.1,
    "warmup_ratio": 0.1,
    "lr": 0.0001,
    "n_embd": 16,
    "run_id": "abddb8e1-b03c-4465-81c2-5d1e55f03f28",
    "grad_clip": 1,
    "batch_size": 64,
    "seed": 3393,
    "n_head": 4,
    "log_gradients": false,
    "compute_budget": 10000000000000,
    "train_dataset_filepath": "./datasets/graph_depth_first_search/1/11/normal/11111/1/True/True/1/16/4/4/7135/3393/train_dataset",
    "loss_threshold": 0.0017157108429701616,
    "method": "normal",
    "mask_idx": 23,
    "validation_ratio": 0.005,
    "test_batch_size": 64,
    "precision": "32",
    "task_length": 11,
    "n_layer": 4,
    "threshold_testing": false,
    "early_stopping": false,
    "task": "graph_depth_first_search",
    "project_name": "binary-graph_depth_first_search1-gridsearch-11-normal-11111-iteration-113050",
    "betas": [
      0.9,
      0.95
    ],
    "test_dataset_filepath": "./datasets/graph_depth_first_search/1/11/normal/11111/1/True/True/1/16/4/4/7135/3393/test_dataset",
    "bias": false,
    "dropout": 0,
    "max_steps": 22099
  },
  "summary": {
    "_runtime": 1049.2688872814178,
    "_step": 1085,
    "_timestamp": 1735466623.6749144,
    "_wandb.runtime": 1048,
    "epoch": 1,
    "lr-AdamW": 1.0001403299752795e-05,
    "test_acc_result": 0.007000000216066837,
    "total_compute": 21281027260416,
    "train_loss_epoch": 1.2671841382980347,
    "train_loss_step": 0.8270241022109985,
    "trainer/global_step": 22099,
    "val_loss": 0.8193178772926331
  }
}