{
  "config": {
    "compute_budget": 10000000000000,
    "train_dataset_filepath": "./datasets/graph_depth_first_search/1/11/normal/11111/1/True/True/1/32/4/4/24152/37193/train_dataset",
    "warmup_ratio": 0.1,
    "validation_ratio": 0.005,
    "test_batch_size": 64,
    "threshold_testing": false,
    "n_head": 4,
    "method": "normal",
    "precision": "32",
    "n_layer": 4,
    "run_id": "7250a307-fab3-4ee6-8c9c-c4c4d1c1ef15",
    "grad_clip": 1,
    "batch_size": 64,
    "mask_idx": 23,
    "early_stopping": false,
    "weight_decay": 0.1,
    "bias": false,
    "task_length": 11,
    "task": "graph_depth_first_search",
    "betas": [
      0.9,
      0.95
    ],
    "val_dataset_filepath": "./datasets/graph_depth_first_search/1/11/normal/11111/1/True/True/1/32/4/4/24152/37193/val_dataset",
    "max_steps": 6467,
    "seed": 37193,
    "dropout": 0,
    "loss_threshold": 0.0017157108429701616,
    "n_embd": 32,
    "project_name": "binary-graph_depth_first_search1-gridsearch-11-normal-11111-iteration-113050",
    "lr": 0.0001,
    "log_gradients": false,
    "test_dataset_filepath": "./datasets/graph_depth_first_search/1/11/normal/11111/1/True/True/1/32/4/4/24152/37193/test_dataset"
  },
  "summary": {
    "_runtime": 935.184383392334,
    "_step": 463,
    "_timestamp": 1735462084.6468225,
    "_wandb.runtime": 934,
    "epoch": 1,
    "lr-AdamW": 1.0002123384582235e-05,
    "test_acc_result": 0.006000000052154064,
    "total_compute": 20023014064128,
    "train_loss_epoch": 1.2614160776138306,
    "train_loss_step": 0.7274789214134216,
    "trainer/global_step": 6467,
    "val_loss": 0.7612782716751099
  }
}