{
  "config": {
    "train_dataset_filepath": "./datasets/graph_depth_first_search/1/11/normal/11111/1000/True/True/1/16/4/4/38211/3693/train_dataset",
    "task": "graph_depth_first_search",
    "mask_idx": 23,
    "val_dataset_filepath": "./datasets/graph_depth_first_search/1/11/normal/11111/1000/True/True/1/16/4/4/38211/3693/val_dataset",
    "method": "normal",
    "run_id": "7bd4d160-808c-4380-bc2a-1a375f84b71e",
    "grad_clip": 1,
    "lr": 0.1,
    "precision": "32",
    "test_dataset_filepath": "./datasets/graph_depth_first_search/1/11/normal/11111/1000/True/True/1/16/4/4/38211/3693/test_dataset",
    "n_head": 4,
    "batch_size": 64,
    "threshold_testing": false,
    "n_layer": 4,
    "weight_decay": 0.1,
    "loss_threshold": 0.0017157108429701616,
    "compute_budget": 10000000000000,
    "betas": [
      0.9,
      0.95
    ],
    "dropout": 0,
    "max_steps": 22744,
    "validation_ratio": 0.005,
    "early_stopping": false,
    "n_embd": 16,
    "bias": false,
    "seed": 3693,
    "test_batch_size": 64,
    "warmup_ratio": 0.1,
    "log_gradients": false,
    "project_name": "binary-graph_depth_first_search1-gridsearch-11-normal-11111-iteration-113050",
    "task_length": 11
  },
  "summary": {
    "_runtime": 983.6380569934845,
    "_step": 1112,
    "_timestamp": 1735468073.835928,
    "_wandb.runtime": 983,
    "epoch": 1,
    "lr-AdamW": 0.010001073173350437,
    "test_acc_result": 0.06599999964237213,
    "total_compute": 21902153220096,
    "train_loss_epoch": 0.632395327091217,
    "train_loss_step": 0.388199120759964,
    "trainer/global_step": 22744,
    "val_loss": 0.3894955515861511
  }
}