{
  "config": {
    "grad_clip": 1,
    "bias": false,
    "warmup_ratio": 0.1,
    "run_id": "5bab0f73-2696-4036-9d96-69c04fd39063",
    "test_batch_size": 64,
    "seed": 13775,
    "task_length": 11,
    "precision": "32",
    "max_steps": 70820,
    "lr": 0.0001,
    "train_dataset_filepath": "./datasets/graph_depth_first_search/1/11/normal/11111/1/True/True/1/8/4/4/9068/13775/train_dataset",
    "n_embd": 8,
    "val_dataset_filepath": "./datasets/graph_depth_first_search/1/11/normal/11111/1/True/True/1/8/4/4/9068/13775/val_dataset",
    "early_stopping": false,
    "task": "graph_depth_first_search",
    "n_layer": 4,
    "project_name": "binary-graph_depth_first_search1-gridsearch-11-normal-11111-iteration-113050",
    "log_gradients": false,
    "dropout": 0,
    "batch_size": 64,
    "test_dataset_filepath": "./datasets/graph_depth_first_search/1/11/normal/11111/1/True/True/1/8/4/4/9068/13775/test_dataset",
    "loss_threshold": 0.0017157108429701616,
    "n_head": 4,
    "betas": [
      0.9,
      0.95
    ],
    "method": "normal",
    "validation_ratio": 0.005,
    "mask_idx": 23,
    "weight_decay": 0.1,
    "compute_budget": 10000000000000,
    "threshold_testing": false
  },
  "summary": {
    "_runtime": 3109.032284259796,
    "_step": 3035,
    "_timestamp": 1735473311.9071183,
    "_wandb.runtime": 3108,
    "epoch": 1,
    "lr-AdamW": 1.0000024105933296e-05,
    "test_acc_result": 0.0020000000949949026,
    "total_compute": 23740042444800,
    "train_loss_epoch": 1.4891583919525146,
    "train_loss_step": 1.1948941946029663,
    "trainer/global_step": 70820,
    "val_loss": 1.2067365646362305
  }
}