{
  "config": {
    "early_stopping": false,
    "warmup_ratio": 0.1,
    "method": "normal",
    "test_batch_size": 64,
    "test_dataset_filepath": "./datasets/graph_depth_first_search/1/11/normal/11111/100/True/True/1/128/16/4/9834/30657/test_dataset",
    "validation_ratio": 0.005,
    "task_length": 11,
    "betas": [
      0.9,
      0.95
    ],
    "grad_clip": 1,
    "max_steps": 116,
    "mask_idx": 23,
    "weight_decay": 0.1,
    "lr": 0.01,
    "bias": false,
    "compute_budget": 10000000000000,
    "batch_size": 64,
    "n_head": 4,
    "train_dataset_filepath": "./datasets/graph_depth_first_search/1/11/normal/11111/100/True/True/1/128/16/4/9834/30657/train_dataset",
    "n_embd": 128,
    "task": "graph_depth_first_search",
    "seed": 30657,
    "project_name": "binary-graph_depth_first_search1-gridsearch-11-normal-11111-iteration-113050",
    "dropout": 0,
    "threshold_testing": false,
    "val_dataset_filepath": "./datasets/graph_depth_first_search/1/11/normal/11111/100/True/True/1/128/16/4/9834/30657/val_dataset",
    "n_layer": 16,
    "run_id": "75ae63c1-dba2-4752-b6e9-ca1d0e35814d",
    "log_gradients": false,
    "loss_threshold": 0.0017157108429701616,
    "precision": "32"
  },
  "summary": {
    "_runtime": 2368.0964272022247,
    "_step": 123,
    "_timestamp": 1735459460.4294653,
    "_wandb.runtime": 2367,
    "epoch": 1,
    "lr-AdamW": 0.0015696630972229166,
    "test_acc_result": 0.004000000189989805,
    "total_compute": 18777982894080,
    "train_loss_epoch": 1.3459547758102417,
    "train_loss_step": 0.8613107204437256,
    "trainer/global_step": 116,
    "val_loss": 0.8783879280090332
  }
}