{
  "config": {
    "batch_size": 64,
    "compute_budget": 10000000000000,
    "weight_decay": 0.1,
    "precision": "32",
    "run_id": "2051eaac-ed64-400a-bdc1-a545700937ab",
    "lr": 0.01,
    "betas": [
      0.9,
      0.95
    ],
    "max_steps": 1622,
    "validation_ratio": 0.005,
    "grad_clip": 1,
    "n_head": 4,
    "n_embd": 32,
    "val_dataset_filepath": "./datasets/graph_depth_first_search/1/11/normal/11111/100/True/True/1/32/16/4/27054/12402/val_dataset",
    "dropout": 0,
    "seed": 12402,
    "task": "graph_depth_first_search",
    "threshold_testing": false,
    "project_name": "binary-graph_depth_first_search1-gridsearch-11-normal-11111-iteration-113050",
    "method": "normal",
    "task_length": 11,
    "log_gradients": false,
    "mask_idx": 23,
    "test_batch_size": 64,
    "n_layer": 16,
    "loss_threshold": 0.0017157108429701616,
    "early_stopping": false,
    "warmup_ratio": 0.1,
    "test_dataset_filepath": "./datasets/graph_depth_first_search/1/11/normal/11111/100/True/True/1/32/16/4/27054/12402/test_dataset",
    "bias": false,
    "train_dataset_filepath": "./datasets/graph_depth_first_search/1/11/normal/11111/100/True/True/1/32/16/4/27054/12402/train_dataset"
  },
  "summary": {
    "_runtime": 983.4521493911743,
    "_step": 269,
    "_timestamp": 1735462593.7281263,
    "_wandb.runtime": 982,
    "epoch": 1,
    "lr-AdamW": 0.001005509898231551,
    "test_acc_result": 0.8149999976158142,
    "total_compute": 20088033902592,
    "train_loss_epoch": 0.38118213415145874,
    "train_loss_step": 0.04260345920920372,
    "trainer/global_step": 1622,
    "val_loss": 0.04011645168066025
  }
}