{
  "config": {
    "method": "normal",
    "early_stopping": false,
    "warmup_ratio": 0.1,
    "mask_idx": 23,
    "n_head": 4,
    "log_gradients": false,
    "train_dataset_filepath": "./datasets/graph_depth_first_search/1/11/normal/11111/1/True/True/1/128/16/4/37460/15891/train_dataset",
    "max_steps": 116,
    "compute_budget": 10000000000000,
    "threshold_testing": false,
    "loss_threshold": 0.0017157108429701616,
    "seed": 15891,
    "task": "graph_depth_first_search",
    "val_dataset_filepath": "./datasets/graph_depth_first_search/1/11/normal/11111/1/True/True/1/128/16/4/37460/15891/val_dataset",
    "precision": "32",
    "project_name": "binary-graph_depth_first_search1-gridsearch-11-normal-11111-iteration-113050",
    "validation_ratio": 0.005,
    "lr": 0.0001,
    "task_length": 11,
    "bias": false,
    "n_embd": 128,
    "test_dataset_filepath": "./datasets/graph_depth_first_search/1/11/normal/11111/1/True/True/1/128/16/4/37460/15891/test_dataset",
    "betas": [
      0.9,
      0.95
    ],
    "run_id": "b75067f8-7ba4-447a-9b7d-24916f897013",
    "test_batch_size": 64,
    "n_layer": 16,
    "batch_size": 64,
    "grad_clip": 1,
    "weight_decay": 0.1,
    "dropout": 0
  },
  "summary": {
    "_runtime": 1883.3327977657318,
    "_step": 123,
    "_timestamp": 1735458752.7695107,
    "_wandb.runtime": 1882,
    "epoch": 1,
    "lr-AdamW": 1.5696630972229167e-05,
    "test_acc_result": 0,
    "total_compute": 18777982894080,
    "train_loss_epoch": 2.3387653827667236,
    "train_loss_step": 2.1393210887908936,
    "trainer/global_step": 116,
    "val_loss": 2.154134750366211
  }
}