{
  "config": {
    "n_embd": 32,
    "test_batch_size": 64,
    "warmup_ratio": 0.1,
    "n_head": 4,
    "val_dataset_filepath": "./datasets/graph_depth_first_search/1/11/normal/11111/100/True/True/1/32/16/4/19654/33918/val_dataset",
    "train_dataset_filepath": "./datasets/graph_depth_first_search/1/11/normal/11111/100/True/True/1/32/16/4/19654/33918/train_dataset",
    "bias": false,
    "grad_clip": 1,
    "weight_decay": 0.1,
    "mask_idx": 23,
    "log_gradients": false,
    "compute_budget": 10000000000000,
    "precision": "32",
    "betas": [
      0.9,
      0.95
    ],
    "task_length": 11,
    "test_dataset_filepath": "./datasets/graph_depth_first_search/1/11/normal/11111/100/True/True/1/32/16/4/19654/33918/test_dataset",
    "max_steps": 12841,
    "dropout": 0,
    "project_name": "binary-graph_depth_first_search1-gridsearch-11-normal-11111-iteration-113050",
    "early_stopping": false,
    "method": "normal",
    "validation_ratio": 0.005,
    "task": "graph_depth_first_search",
    "threshold_testing": false,
    "n_layer": 16,
    "loss_threshold": 0.0017157108429701616,
    "seed": 33918,
    "batch_size": 8,
    "lr": 0.01,
    "run_id": "68a86156-1a8f-4110-a9eb-6c82fc71ec93"
  },
  "summary": {
    "_runtime": 1161.366771221161,
    "_step": 715,
    "_timestamp": 1735466077.8148873,
    "_wandb.runtime": 1160,
    "epoch": 1,
    "lr-AdamW": 0.001000293282331575,
    "test_acc_result": 0.7649999856948853,
    "total_compute": 19879041564672,
    "train_loss_epoch": 0.3109160363674164,
    "train_loss_step": 0.06772519648075104,
    "trainer/global_step": 12841,
    "val_loss": 0.049619026482105255
  }
}