{
  "config": {
    "task": "graph_depth_first_search",
    "validation_ratio": 0.005,
    "seed": 15224,
    "log_gradients": false,
    "n_embd": 256,
    "betas": [
      0.9,
      0.95
    ],
    "run_id": "fe58f9e9-4a16-49d0-a5c2-b57ac8bc0d65",
    "weight_decay": 0.1,
    "threshold_testing": false,
    "lr": 0.01,
    "max_steps": 29,
    "mask_idx": 23,
    "val_dataset_filepath": "./datasets/graph_depth_first_search/1/11/normal/11111/100/True/True/1/256/16/4/11701/15224/val_dataset",
    "task_length": 11,
    "grad_clip": 1,
    "compute_budget": 10000000000000,
    "batch_size": 64,
    "loss_threshold": 0.0017157108429701616,
    "n_head": 4,
    "precision": "32",
    "test_dataset_filepath": "./datasets/graph_depth_first_search/1/11/normal/11111/100/True/True/1/256/16/4/11701/15224/test_dataset",
    "train_dataset_filepath": "./datasets/graph_depth_first_search/1/11/normal/11111/100/True/True/1/256/16/4/11701/15224/train_dataset",
    "project_name": "binary-graph_depth_first_search1-gridsearch-11-normal-11111-iteration-113050",
    "test_batch_size": 64,
    "dropout": 0,
    "method": "normal",
    "n_layer": 16,
    "bias": false,
    "warmup_ratio": 0.1,
    "early_stopping": false
  },
  "summary": {
    "_runtime": 299.9810230731964,
    "_step": 32,
    "_timestamp": 1735468092.009825,
    "_wandb.runtime": 299,
    "epoch": 1,
    "test_acc_result": 0,
    "total_compute": 18076636545024,
    "train_loss_epoch": 2.740605592727661,
    "trainer/global_step": 29,
    "val_loss": 2.271069049835205
  }
}