{
  "config": {
    "mask_idx": 23,
    "n_layer": 4,
    "max_steps": 3632,
    "project_name": "binary-graph_depth_first_search1-gridsearch-11-normal-11111-iteration-113050",
    "threshold_testing": false,
    "early_stopping": false,
    "validation_ratio": 0.005,
    "compute_budget": 10000000000000,
    "bias": false,
    "test_batch_size": 64,
    "log_gradients": false,
    "test_dataset_filepath": "./datasets/graph_depth_first_search/1/11/normal/11111/10/True/True/1/128/4/4/15545/36363/test_dataset",
    "method": "normal",
    "n_embd": 128,
    "betas": [
      0.9,
      0.95
    ],
    "batch_size": 8,
    "seed": 36363,
    "task": "graph_depth_first_search",
    "task_length": 11,
    "lr": 0.001,
    "grad_clip": 1,
    "dropout": 0,
    "val_dataset_filepath": "./datasets/graph_depth_first_search/1/11/normal/11111/10/True/True/1/128/4/4/15545/36363/val_dataset",
    "weight_decay": 0.1,
    "n_head": 4,
    "warmup_ratio": 0.1,
    "run_id": "9634af82-c5b5-49f1-9037-acecb68190c9",
    "train_dataset_filepath": "./datasets/graph_depth_first_search/1/11/normal/11111/10/True/True/1/128/4/4/15545/36363/train_dataset",
    "precision": "32",
    "loss_threshold": 0.0017157108429701616
  },
  "summary": {
    "_runtime": 495.72752499580383,
    "_step": 348,
    "_timestamp": 1735466969.6106899,
    "_wandb.runtime": 495,
    "epoch": 1,
    "lr-AdamW": 0.00010022627881818753,
    "test_acc_result": 0.11699999868869781,
    "total_compute": 18373284986880,
    "train_loss_epoch": 0.673816978931427,
    "train_loss_step": 0.3777829706668854,
    "trainer/global_step": 3632,
    "val_loss": 0.348946750164032
  }
}