{
  "config": {
    "log_gradients": false,
    "method": "normal",
    "precision": "32",
    "validation_ratio": 0.005,
    "bias": false,
    "n_head": 4,
    "mask_idx": 23,
    "betas": [
      0.9,
      0.95
    ],
    "task": "graph_depth_first_search",
    "n_embd": 512,
    "loss_threshold": 0.0017157108429701616,
    "grad_clip": 1,
    "seed": 9760,
    "project_name": "binary-graph_depth_first_search1-gridsearch-11-normal-11111-iteration-113050",
    "dropout": 0,
    "threshold_testing": false,
    "task_length": 11,
    "lr": 0.1,
    "warmup_ratio": 0.1,
    "max_steps": 236,
    "run_id": "03428464-59bc-4bd1-b855-c3d808a815e8",
    "n_layer": 4,
    "train_dataset_filepath": "./datasets/graph_depth_first_search/1/11/normal/11111/1000/True/True/1/512/4/4/31888/9760/train_dataset",
    "early_stopping": false,
    "batch_size": 8,
    "val_dataset_filepath": "./datasets/graph_depth_first_search/1/11/normal/11111/1000/True/True/1/512/4/4/31888/9760/val_dataset",
    "test_dataset_filepath": "./datasets/graph_depth_first_search/1/11/normal/11111/1000/True/True/1/512/4/4/31888/9760/test_dataset",
    "test_batch_size": 64,
    "weight_decay": 0.1,
    "compute_budget": 10000000000000
  },
  "summary": {
    "_runtime": 1020.4167256355286,
    "_step": 247,
    "_timestamp": 1735463015.9439585,
    "_wandb.runtime": 1019,
    "epoch": 1,
    "lr-AdamW": 0.01653614093798348,
    "test_acc_result": 0,
    "total_compute": 18031583428608,
    "train_loss_epoch": 2.742884397506714,
    "train_loss_step": 2.263947010040283,
    "trainer/global_step": 236,
    "val_loss": 2.232295274734497
  }
}