{
  "config": {
    "early_stopping": false,
    "weight_decay": 0.1,
    "log_gradients": false,
    "dropout": 0,
    "n_layer": 16,
    "warmup_ratio": 0.1,
    "threshold_testing": false,
    "method": "normal",
    "task": "graph_depth_first_search",
    "precision": "32",
    "n_embd": 512,
    "mask_idx": 23,
    "run_id": "e7ecf4d2-20f0-469e-9a6a-dd154ebef41a",
    "task_length": 11,
    "validation_ratio": 0.005,
    "betas": [
      0.9,
      0.95
    ],
    "compute_budget": 10000000000000,
    "grad_clip": 1,
    "n_head": 4,
    "test_batch_size": 64,
    "seed": 24246,
    "val_dataset_filepath": "./datasets/graph_depth_first_search/1/11/normal/11111/100/True/True/1/512/16/4/39922/24246/val_dataset",
    "lr": 0.01,
    "batch_size": 8,
    "loss_threshold": 0.0017157108429701616,
    "train_dataset_filepath": "./datasets/graph_depth_first_search/1/11/normal/11111/100/True/True/1/512/16/4/39922/24246/train_dataset",
    "test_dataset_filepath": "./datasets/graph_depth_first_search/1/11/normal/11111/100/True/True/1/512/16/4/39922/24246/test_dataset",
    "max_steps": 60,
    "project_name": "binary-graph_depth_first_search1-gridsearch-11-normal-11111-iteration-113050",
    "bias": false
  },
  "summary": {
    "_runtime": 1276.7232851982117,
    "_step": 65,
    "_timestamp": 1735460584.341633,
    "_wandb.runtime": 1275,
    "epoch": 1,
    "lr-AdamW": 0.0018904456326023027,
    "test_acc_result": 0,
    "total_compute": 18337203486720,
    "train_loss_epoch": 2.5025789737701416,
    "train_loss_step": 2.228335380554199,
    "trainer/global_step": 60,
    "val_loss": 2.2196640968322754
  }
}