{
  "config": {
    "n_embd": 128,
    "validation_ratio": 0.005,
    "dropout": 0,
    "run_id": "1f52e2fe-8ba6-46c8-b036-e27c71896cde",
    "batch_size": 64,
    "early_stopping": false,
    "n_head": 4,
    "compute_budget": 10000000000000,
    "test_dataset_filepath": "./datasets/graph_depth_first_search/1/11/normal/11111/1000/True/True/1/128/16/4/28951/26/test_dataset",
    "lr": 0.1,
    "val_dataset_filepath": "./datasets/graph_depth_first_search/1/11/normal/11111/1000/True/True/1/128/16/4/28951/26/val_dataset",
    "test_batch_size": 64,
    "loss_threshold": 0.0017157108429701616,
    "seed": 26,
    "precision": "32",
    "mask_idx": 23,
    "threshold_testing": false,
    "max_steps": 115,
    "betas": [
      0.9,
      0.95
    ],
    "grad_clip": 1,
    "method": "normal",
    "train_dataset_filepath": "./datasets/graph_depth_first_search/1/11/normal/11111/1000/True/True/1/128/16/4/28951/26/train_dataset",
    "project_name": "binary-graph_depth_first_search1-gridsearch-11-normal-11111-iteration-113050",
    "weight_decay": 0.1,
    "bias": false,
    "n_layer": 16,
    "task_length": 11,
    "task": "graph_depth_first_search",
    "warmup_ratio": 0.1,
    "log_gradients": false
  },
  "summary": {
    "_runtime": 2179.6438150405884,
    "_step": 122,
    "_timestamp": 1735458618.7600482,
    "_wandb.runtime": 2179,
    "epoch": 1,
    "lr-AdamW": 0.01515447884560557,
    "test_acc_result": 0,
    "total_compute": 18616103731200,
    "train_loss_epoch": 2.502607583999634,
    "train_loss_step": 2.241708993911743,
    "trainer/global_step": 115,
    "val_loss": 2.2142467498779297
  }
}