{
  "config": {
    "compute_budget": 10000000000000,
    "run_id": "11518e9c-4554-460f-986b-bf1d71ada943",
    "n_head": 4,
    "seed": 2054,
    "test_dataset_filepath": "./datasets/graph_depth_first_search/1/11/normal/11111/1000/True/True/1/128/4/4/11809/2054/test_dataset",
    "train_dataset_filepath": "./datasets/graph_depth_first_search/1/11/normal/11111/1000/True/True/1/128/4/4/11809/2054/train_dataset",
    "task": "graph_depth_first_search",
    "weight_decay": 0.1,
    "task_length": 11,
    "bias": false,
    "threshold_testing": false,
    "dropout": 0,
    "test_batch_size": 64,
    "early_stopping": false,
    "mask_idx": 23,
    "n_embd": 128,
    "lr": 0.1,
    "n_layer": 4,
    "project_name": "binary-graph_depth_first_search1-gridsearch-11-normal-11111-iteration-113050",
    "grad_clip": 1,
    "warmup_ratio": 0.1,
    "validation_ratio": 0.005,
    "betas": [
      0.9,
      0.95
    ],
    "method": "normal",
    "log_gradients": false,
    "loss_threshold": 0.0017157108429701616,
    "val_dataset_filepath": "./datasets/graph_depth_first_search/1/11/normal/11111/1000/True/True/1/128/4/4/11809/2054/val_dataset",
    "precision": "32",
    "batch_size": 8,
    "max_steps": 3635
  },
  "summary": {
    "_runtime": 1181.5908517837524,
    "_step": 348,
    "_timestamp": 1735463019.4319448,
    "_wandb.runtime": 1181,
    "epoch": 1,
    "lr-AdamW": 0.010026879267851346,
    "test_acc_result": 0.0010000000474974513,
    "total_compute": 18388461158400,
    "train_loss_epoch": 2.190800189971924,
    "train_loss_step": 1.1794040203094482,
    "trainer/global_step": 3635,
    "val_loss": 1.2596957683563232
  }
}