{
  "config": {
    "project_name": "binary-graph_depth_first_search1-gridsearch-11-normal-11111-iteration-113050",
    "threshold_testing": false,
    "test_dataset_filepath": "./datasets/graph_depth_first_search/1/11/normal/11111/100/True/True/1/256/4/4/11117/33395/test_dataset",
    "weight_decay": 0.1,
    "train_dataset_filepath": "./datasets/graph_depth_first_search/1/11/normal/11111/100/True/True/1/256/4/4/11117/33395/train_dataset",
    "bias": false,
    "early_stopping": false,
    "task": "graph_depth_first_search",
    "test_batch_size": 64,
    "mask_idx": 23,
    "lr": 0.01,
    "betas": [
      0.9,
      0.95
    ],
    "method": "normal",
    "n_head": 4,
    "seed": 33395,
    "batch_size": 8,
    "run_id": "4581c5e1-11d0-4fc0-b312-bd6ee02a0270",
    "warmup_ratio": 0.1,
    "n_layer": 4,
    "task_length": 11,
    "compute_budget": 10000000000000,
    "dropout": 0,
    "loss_threshold": 0.0017157108429701616,
    "grad_clip": 1,
    "log_gradients": false,
    "val_dataset_filepath": "./datasets/graph_depth_first_search/1/11/normal/11111/100/True/True/1/256/4/4/11117/33395/val_dataset",
    "n_embd": 256,
    "max_steps": 937,
    "validation_ratio": 0.005,
    "precision": "32"
  },
  "summary": {
    "_runtime": 2075.887027025223,
    "_step": 273,
    "_timestamp": 1735459562.2665591,
    "_wandb.runtime": 2075,
    "epoch": 1,
    "lr-AdamW": 0.0010449407550908816,
    "test_acc_result": 0,
    "total_compute": 18251948752896,
    "train_loss_epoch": 1.8024663925170898,
    "train_loss_step": 1.6082266569137573,
    "trainer/global_step": 937,
    "val_loss": 1.5947006940841675
  }
}