{
  "config": {
    "bias": false,
    "project_name": "binary-graph_depth_first_search1-gridsearch-11-normal-11111-iteration-113050",
    "test_batch_size": 64,
    "seed": 30751,
    "n_embd": 16,
    "warmup_ratio": 0.1,
    "run_id": "c28ed069-72c9-4411-8c08-76562c570d31",
    "betas": [
      0.9,
      0.95
    ],
    "val_dataset_filepath": "./datasets/graph_depth_first_search/1/11/normal/11111/1/True/True/1/16/16/4/14168/30751/val_dataset",
    "grad_clip": 1,
    "validation_ratio": 0.005,
    "lr": 0.0001,
    "batch_size": 8,
    "task": "graph_depth_first_search",
    "n_layer": 16,
    "train_dataset_filepath": "./datasets/graph_depth_first_search/1/11/normal/11111/1/True/True/1/16/16/4/14168/30751/train_dataset",
    "max_steps": 45554,
    "loss_threshold": 0.0017157108429701616,
    "dropout": 0,
    "task_length": 11,
    "n_head": 4,
    "log_gradients": false,
    "mask_idx": 23,
    "weight_decay": 0.1,
    "test_dataset_filepath": "./datasets/graph_depth_first_search/1/11/normal/11111/1/True/True/1/16/16/4/14168/30751/test_dataset",
    "threshold_testing": false,
    "precision": "32",
    "early_stopping": false,
    "method": "normal",
    "compute_budget": 10000000000000
  },
  "summary": {
    "_runtime": 3717.521193742752,
    "_step": 2025,
    "_timestamp": 1735461437.5211897,
    "_wandb.runtime": 3717,
    "epoch": 1,
    "lr-AdamW": 1.0000003302750284e-05,
    "test_acc_result": 0.014999999664723873,
    "total_compute": 21933931757568,
    "train_loss_epoch": 1.0553001165390015,
    "train_loss_step": 0.7861472368240356,
    "trainer/global_step": 45554,
    "val_loss": 0.6875901818275452
  }
}