{
  "config": {
    "weight_decay": 0.1,
    "n_layer": 4,
    "run_id": "139cb7fe-70c2-4f8a-bee4-3a7aeb39d75a",
    "betas": [
      0.9,
      0.95
    ],
    "grad_clip": 1,
    "n_head": 4,
    "method": "normal",
    "dropout": 0,
    "log_gradients": false,
    "validation_ratio": 0.005,
    "n_embd": 256,
    "lr": 0.001,
    "project_name": "binary-graph_depth_first_search1-gridsearch-11-normal-11111-iteration-113050",
    "mask_idx": 23,
    "threshold_testing": false,
    "train_dataset_filepath": "./datasets/graph_depth_first_search/1/11/normal/11111/10/True/True/1/256/4/4/28447/9119/train_dataset",
    "max_steps": 119,
    "val_dataset_filepath": "./datasets/graph_depth_first_search/1/11/normal/11111/10/True/True/1/256/4/4/28447/9119/val_dataset",
    "task_length": 11,
    "compute_budget": 10000000000000,
    "test_batch_size": 64,
    "test_dataset_filepath": "./datasets/graph_depth_first_search/1/11/normal/11111/10/True/True/1/256/4/4/28447/9119/test_dataset",
    "warmup_ratio": 0.1,
    "seed": 9119,
    "batch_size": 64,
    "precision": "32",
    "loss_threshold": 0.0017157108429701616,
    "bias": false,
    "task": "graph_depth_first_search",
    "early_stopping": false
  },
  "summary": {
    "_runtime": 1328.1595599651337,
    "_step": 126,
    "_timestamp": 1735458005.1718779,
    "_wandb.runtime": 1327,
    "epoch": 1,
    "lr-AdamW": 0.00017403048486417869,
    "test_acc_result": 0.008999999612569809,
    "total_compute": 18544135766016,
    "train_loss_epoch": 1.3953324556350708,
    "train_loss_step": 0.9170511960983276,
    "trainer/global_step": 119,
    "val_loss": 0.8748072385787964
  }
}