{
  "config": {
    "train_dataset_filepath": "./datasets/graph_depth_first_search/1/11/normal/11111/100/True/True/1/16/4/4/3896/22257/train_dataset",
    "method": "normal",
    "mask_idx": 23,
    "validation_ratio": 0.005,
    "n_embd": 16,
    "n_layer": 4,
    "precision": "32",
    "project_name": "binary-graph_depth_first_search1-gridsearch-11-normal-11111-iteration-113050",
    "batch_size": 64,
    "loss_threshold": 0.0017157108429701616,
    "task": "graph_depth_first_search",
    "test_batch_size": 64,
    "bias": false,
    "n_head": 4,
    "weight_decay": 0.1,
    "dropout": 0,
    "test_dataset_filepath": "./datasets/graph_depth_first_search/1/11/normal/11111/100/True/True/1/16/4/4/3896/22257/test_dataset",
    "warmup_ratio": 0.1,
    "threshold_testing": false,
    "lr": 0.01,
    "max_steps": 22409,
    "task_length": 11,
    "compute_budget": 10000000000000,
    "val_dataset_filepath": "./datasets/graph_depth_first_search/1/11/normal/11111/100/True/True/1/16/4/4/3896/22257/val_dataset",
    "betas": [
      0.9,
      0.95
    ],
    "grad_clip": 1,
    "log_gradients": false,
    "run_id": "32b71244-bf79-41d2-a5ab-094ec795ca61",
    "seed": 22257,
    "early_stopping": false
  },
  "summary": {
    "_runtime": 1151.9704642295837,
    "_step": 1099,
    "_timestamp": 1735467342.6612191,
    "_wandb.runtime": 1151,
    "epoch": 1,
    "lr-AdamW": 0.0010000054590043926,
    "test_acc_result": 0.703000009059906,
    "total_compute": 21579552915456,
    "train_loss_epoch": 0.3204752802848816,
    "train_loss_step": 0.08167801797389984,
    "trainer/global_step": 22409,
    "val_loss": 0.07214900851249695
  }
}