{
  "config": {
    "test_batch_size": 64,
    "compute_budget": 10000000000000,
    "val_dataset_filepath": "./datasets/graph_depth_first_search/1/11/normal/11111/10/True/True/1/8/4/4/7084/16220/val_dataset",
    "n_layer": 4,
    "bias": false,
    "early_stopping": false,
    "max_steps": 70280,
    "log_gradients": false,
    "loss_threshold": 0.0017157108429701616,
    "validation_ratio": 0.005,
    "n_embd": 8,
    "run_id": "45e18fdd-d3ad-433b-8435-7231206c0ac0",
    "dropout": 0,
    "task_length": 11,
    "lr": 0.001,
    "task": "graph_depth_first_search",
    "mask_idx": 23,
    "batch_size": 64,
    "project_name": "binary-graph_depth_first_search1-gridsearch-11-normal-11111-iteration-113050",
    "train_dataset_filepath": "./datasets/graph_depth_first_search/1/11/normal/11111/10/True/True/1/8/4/4/7084/16220/train_dataset",
    "precision": "32",
    "method": "normal",
    "grad_clip": 1,
    "test_dataset_filepath": "./datasets/graph_depth_first_search/1/11/normal/11111/10/True/True/1/8/4/4/7084/16220/test_dataset",
    "seed": 16220,
    "threshold_testing": false,
    "weight_decay": 0.1,
    "betas": [
      0.9,
      0.95
    ],
    "warmup_ratio": 0.1,
    "n_head": 4
  },
  "summary": {
    "_runtime": 2901.6360247135162,
    "_step": 3013,
    "_timestamp": 1735467855.1908226,
    "_wandb.runtime": 2901,
    "epoch": 1,
    "lr-AdamW": 0.00010000053340494907,
    "test_acc_result": 0.0020000000949949026,
    "total_compute": 23559025459200,
    "train_loss_epoch": 1.1462730169296265,
    "train_loss_step": 0.9461334943771362,
    "trainer/global_step": 70280,
    "val_loss": 0.9526904225349426
  }
}