{
  "config": {
    "threshold_testing": false,
    "bias": false,
    "seed": 15726,
    "n_layer": 4,
    "weight_decay": 0.1,
    "warmup_ratio": 0.1,
    "val_dataset_filepath": "./datasets/graph_depth_first_search/1/11/normal/11111/1000/True/True/1/512/4/4/33225/15726/val_dataset",
    "log_gradients": false,
    "betas": [
      0.9,
      0.95
    ],
    "precision": "32",
    "n_head": 4,
    "run_id": "00bc2a7d-d111-4171-a0a1-59d6c8548291",
    "validation_ratio": 0.005,
    "task_length": 11,
    "train_dataset_filepath": "./datasets/graph_depth_first_search/1/11/normal/11111/1000/True/True/1/512/4/4/33225/15726/train_dataset",
    "batch_size": 64,
    "max_steps": 30,
    "test_dataset_filepath": "./datasets/graph_depth_first_search/1/11/normal/11111/1000/True/True/1/512/4/4/33225/15726/test_dataset",
    "compute_budget": 10000000000000,
    "lr": 0.1,
    "dropout": 0,
    "loss_threshold": 0.0017157108429701616,
    "mask_idx": 23,
    "method": "normal",
    "early_stopping": false,
    "grad_clip": 1,
    "project_name": "binary-graph_depth_first_search1-gridsearch-11-normal-11111-iteration-113050",
    "test_batch_size": 64,
    "n_embd": 512,
    "task": "graph_depth_first_search"
  },
  "summary": {
    "_runtime": 1080.5488951206207,
    "_step": 33,
    "_timestamp": 1735462930.192069,
    "_wandb.runtime": 1079,
    "epoch": 1,
    "test_acc_result": 0,
    "total_compute": 18337203486720,
    "train_loss_epoch": 17.505027770996094,
    "trainer/global_step": 30,
    "val_loss": 3.384756088256836
  }
}