{
  "config": {
    "n_layer": 4,
    "validation_ratio": 0.005,
    "val_dataset_filepath": "./datasets/graph_depth_first_search/1/11/normal/11111/100/True/True/1/64/4/4/9711/8738/val_dataset",
    "early_stopping": false,
    "n_embd": 64,
    "batch_size": 8,
    "method": "normal",
    "test_batch_size": 64,
    "dropout": 0,
    "compute_budget": 10000000000000,
    "precision": "32",
    "project_name": "binary-graph_depth_first_search1-gridsearch-11-normal-11111-iteration-113050",
    "lr": 0.01,
    "weight_decay": 0.1,
    "betas": [
      0.9,
      0.95
    ],
    "max_steps": 14116,
    "grad_clip": 1,
    "log_gradients": false,
    "n_head": 4,
    "train_dataset_filepath": "./datasets/graph_depth_first_search/1/11/normal/11111/100/True/True/1/64/4/4/9711/8738/train_dataset",
    "bias": false,
    "seed": 8738,
    "task": "graph_depth_first_search",
    "warmup_ratio": 0.1,
    "loss_threshold": 0.0017157108429701616,
    "mask_idx": 23,
    "task_length": 11,
    "test_dataset_filepath": "./datasets/graph_depth_first_search/1/11/normal/11111/100/True/True/1/64/4/4/9711/8738/test_dataset",
    "run_id": "30f2c256-20ec-4f14-bb4c-3c663440d40d",
    "threshold_testing": false
  },
  "summary": {
    "_runtime": 1485.998386144638,
    "_step": 768,
    "_timestamp": 1735462947.8670592,
    "_wandb.runtime": 1485,
    "epoch": 1,
    "lr-AdamW": 0.0010000397585125328,
    "test_acc_result": 0.7919999957084656,
    "total_compute": 19185776984064,
    "train_loss_epoch": 0.36622530221939087,
    "train_loss_step": 0.01562785729765892,
    "trainer/global_step": 14116,
    "val_loss": 0.04401213675737381
  }
}