{
  "config": {
    "log_gradients": false,
    "test_dataset_filepath": "./datasets/graph_depth_first_search/1/11/normal/11111/1/True/True/1/512/4/4/5373/263/test_dataset",
    "task": "graph_depth_first_search",
    "grad_clip": 1,
    "compute_budget": 10000000000000,
    "bias": false,
    "validation_ratio": 0.005,
    "run_id": "ef43c7b1-25cc-4d21-a6a1-7063d8688977",
    "mask_idx": 23,
    "test_batch_size": 64,
    "loss_threshold": 0.0017157108429701616,
    "train_dataset_filepath": "./datasets/graph_depth_first_search/1/11/normal/11111/1/True/True/1/512/4/4/5373/263/train_dataset",
    "betas": [
      0.9,
      0.95
    ],
    "threshold_testing": false,
    "method": "normal",
    "batch_size": 8,
    "lr": 0.0001,
    "early_stopping": false,
    "val_dataset_filepath": "./datasets/graph_depth_first_search/1/11/normal/11111/1/True/True/1/512/4/4/5373/263/val_dataset",
    "n_embd": 512,
    "seed": 263,
    "precision": "32",
    "project_name": "binary-graph_depth_first_search1-gridsearch-11-normal-11111-iteration-113050",
    "weight_decay": 0.1,
    "task_length": 11,
    "n_head": 4,
    "n_layer": 4,
    "warmup_ratio": 0.1,
    "dropout": 0,
    "max_steps": 239
  },
  "summary": {
    "_runtime": 308.0355861186981,
    "_step": 250,
    "_timestamp": 1735464979.5073192,
    "_wandb.runtime": 307,
    "epoch": 1,
    "lr-AdamW": 1.740304848641787e-05,
    "test_acc_result": 0,
    "total_compute": 18260798472192,
    "train_loss_epoch": 1.6717331409454346,
    "train_loss_step": 1.125922441482544,
    "trainer/global_step": 239,
    "val_loss": 1.1699602603912354
  }
}