{
  "config": {
    "train_dataset_filepath": "./datasets/graph_depth_first_search/1/11/normal/11111/10/True/True/1/32/16/4/39461/9326/train_dataset",
    "precision": "32",
    "test_dataset_filepath": "./datasets/graph_depth_first_search/1/11/normal/11111/10/True/True/1/32/16/4/39461/9326/test_dataset",
    "dropout": 0,
    "batch_size": 64,
    "n_layer": 16,
    "betas": [
      0.9,
      0.95
    ],
    "weight_decay": 0.1,
    "lr": 0.001,
    "n_head": 4,
    "bias": false,
    "warmup_ratio": 0.1,
    "validation_ratio": 0.005,
    "run_id": "7bfb5078-61a2-465b-8707-f237fdeb7c7e",
    "val_dataset_filepath": "./datasets/graph_depth_first_search/1/11/normal/11111/10/True/True/1/32/16/4/39461/9326/val_dataset",
    "task": "graph_depth_first_search",
    "grad_clip": 1,
    "mask_idx": 23,
    "log_gradients": false,
    "test_batch_size": 64,
    "threshold_testing": false,
    "task_length": 11,
    "compute_budget": 10000000000000,
    "n_embd": 32,
    "early_stopping": false,
    "project_name": "binary-graph_depth_first_search1-gridsearch-11-normal-11111-iteration-113050",
    "loss_threshold": 0.0017157108429701616,
    "max_steps": 1635,
    "seed": 9326,
    "method": "normal"
  },
  "summary": {
    "_runtime": 2275.342350959778,
    "_step": 271,
    "_timestamp": 1735458494.163222,
    "_wandb.runtime": 2274,
    "epoch": 1,
    "lr-AdamW": 0.00010132757171179081,
    "test_acc_result": 0.05400000140070915,
    "total_compute": 20249035407360,
    "train_loss_epoch": 0.841539740562439,
    "train_loss_step": 0.4653199315071106,
    "trainer/global_step": 1635,
    "val_loss": 0.46908965706825256
  }
}