{
  "config": {
    "n_layer": 16,
    "mask_idx": 23,
    "n_head": 4,
    "val_dataset_filepath": "./datasets/graph_depth_first_search/1/11/normal/11111/10/True/True/1/128/16/4/1687/20196/val_dataset",
    "test_dataset_filepath": "./datasets/graph_depth_first_search/1/11/normal/11111/10/True/True/1/128/16/4/1687/20196/test_dataset",
    "project_name": "binary-graph_depth_first_search1-gridsearch-11-normal-11111-iteration-113050",
    "weight_decay": 0.1,
    "threshold_testing": false,
    "max_steps": 909,
    "loss_threshold": 0.0017157108429701616,
    "validation_ratio": 0.005,
    "task": "graph_depth_first_search",
    "seed": 20196,
    "early_stopping": false,
    "n_embd": 128,
    "dropout": 0,
    "lr": 0.001,
    "grad_clip": 1,
    "train_dataset_filepath": "./datasets/graph_depth_first_search/1/11/normal/11111/10/True/True/1/128/16/4/1687/20196/train_dataset",
    "betas": [
      0.9,
      0.95
    ],
    "method": "normal",
    "test_batch_size": 64,
    "batch_size": 8,
    "run_id": "63177509-2edb-4238-882e-355c71151de8",
    "task_length": 11,
    "precision": "32",
    "compute_budget": 10000000000000,
    "log_gradients": false,
    "bias": false,
    "warmup_ratio": 0.1
  },
  "summary": {
    "_runtime": 912.5640964508057,
    "_step": 266,
    "_timestamp": 1735461479.6438165,
    "_wandb.runtime": 912,
    "epoch": 1,
    "lr-AdamW": 0.00010033102531494902,
    "test_acc_result": 0.020999999716877937,
    "total_compute": 18393519882240,
    "train_loss_epoch": 0.9061377048492432,
    "train_loss_step": 0.5964041352272034,
    "trainer/global_step": 909,
    "val_loss": 0.5541868805885315
  }
}