{
  "config": {
    "batch_size": 8,
    "bias": false,
    "n_layer": 4,
    "dropout": 0,
    "precision": "32",
    "threshold_testing": false,
    "val_dataset_filepath": "./datasets/graph_depth_first_search/1/11/normal/11111/1000/True/True/1/64/4/4/23838/22582/val_dataset",
    "weight_decay": 0.1,
    "loss_threshold": 0.0017157108429701616,
    "run_id": "c61472d0-4ddb-4d7b-9dc7-63817b5b916c",
    "validation_ratio": 0.005,
    "compute_budget": 10000000000000,
    "n_head": 4,
    "project_name": "binary-graph_depth_first_search1-gridsearch-11-normal-11111-iteration-113050",
    "log_gradients": false,
    "train_dataset_filepath": "./datasets/graph_depth_first_search/1/11/normal/11111/1000/True/True/1/64/4/4/23838/22582/train_dataset",
    "mask_idx": 23,
    "early_stopping": false,
    "grad_clip": 1,
    "task": "graph_depth_first_search",
    "task_length": 11,
    "warmup_ratio": 0.1,
    "method": "normal",
    "n_embd": 64,
    "seed": 22582,
    "betas": [
      0.9,
      0.95
    ],
    "test_batch_size": 64,
    "lr": 0.1,
    "max_steps": 14245,
    "test_dataset_filepath": "./datasets/graph_depth_first_search/1/11/normal/11111/1000/True/True/1/64/4/4/23838/22582/test_dataset"
  },
  "summary": {
    "_runtime": 674.8471367359161,
    "_step": 771,
    "_timestamp": 1735465083.7104228,
    "_wandb.runtime": 674,
    "epoch": 1,
    "lr-AdamW": 0.010002858574586687,
    "test_acc_result": 0.012000000104308128,
    "total_compute": 19361107476480,
    "train_loss_epoch": 1.738933801651001,
    "train_loss_step": 1.0428885221481323,
    "trainer/global_step": 14245,
    "val_loss": 0.9011052846908569
  }
}