{
  "config": {
    "method": "normal",
    "mask_idx": 23,
    "dropout": 0,
    "precision": "32",
    "n_embd": 16,
    "log_gradients": false,
    "project_name": "binary-graph_depth_first_search1-gridsearch-11-normal-11111-iteration-113050",
    "task": "graph_depth_first_search",
    "run_id": "efbe90df-ffb3-4f30-8a5f-559a4188b73d",
    "n_layer": 4,
    "test_dataset_filepath": "./datasets/graph_depth_first_search/1/11/normal/11111/10/True/True/1/16/4/4/15662/24127/test_dataset",
    "lr": 0.001,
    "n_head": 4,
    "warmup_ratio": 0.1,
    "batch_size": 64,
    "compute_budget": 10000000000000,
    "task_length": 11,
    "loss_threshold": 0.0017157108429701616,
    "validation_ratio": 0.005,
    "train_dataset_filepath": "./datasets/graph_depth_first_search/1/11/normal/11111/10/True/True/1/16/4/4/15662/24127/train_dataset",
    "early_stopping": false,
    "val_dataset_filepath": "./datasets/graph_depth_first_search/1/11/normal/11111/10/True/True/1/16/4/4/15662/24127/val_dataset",
    "seed": 24127,
    "bias": false,
    "grad_clip": 1,
    "max_steps": 22869,
    "weight_decay": 0.1,
    "test_batch_size": 64,
    "betas": [
      0.9,
      0.95
    ],
    "threshold_testing": false
  },
  "summary": {
    "_runtime": 2448.200544834137,
    "_step": 1117,
    "_timestamp": 1735459108.2235959,
    "_wandb.runtime": 2447,
    "epoch": 1,
    "lr-AdamW": 0.00010000209664339105,
    "test_acc_result": 0.04500000178813934,
    "total_compute": 22022526468096,
    "train_loss_epoch": 0.6891306042671204,
    "train_loss_step": 0.5389549732208252,
    "trainer/global_step": 22869,
    "val_loss": 0.4747573435306549
  }
}