{
  "config": {
    "mask_idx": 23,
    "project_name": "binary-graph_depth_first_search1-gridsearch-11-normal-11111-iteration-113050",
    "test_batch_size": 64,
    "max_steps": 943,
    "train_dataset_filepath": "./datasets/graph_depth_first_search/1/11/normal/11111/10/True/True/1/256/4/4/23020/15783/train_dataset",
    "validation_ratio": 0.005,
    "val_dataset_filepath": "./datasets/graph_depth_first_search/1/11/normal/11111/10/True/True/1/256/4/4/23020/15783/val_dataset",
    "run_id": "09caee8d-d92a-4db8-b529-f72af3997689",
    "compute_budget": 10000000000000,
    "task_length": 11,
    "n_head": 4,
    "test_dataset_filepath": "./datasets/graph_depth_first_search/1/11/normal/11111/10/True/True/1/256/4/4/23020/15783/test_dataset",
    "n_layer": 4,
    "batch_size": 8,
    "betas": [
      0.9,
      0.95
    ],
    "n_embd": 256,
    "bias": false,
    "threshold_testing": false,
    "log_gradients": false,
    "method": "normal",
    "lr": 0.001,
    "grad_clip": 1,
    "loss_threshold": 0.0017157108429701616,
    "warmup_ratio": 0.1,
    "precision": "32",
    "early_stopping": false,
    "task": "graph_depth_first_search",
    "weight_decay": 0.1,
    "seed": 15783,
    "dropout": 0
  },
  "summary": {
    "_runtime": 404.5228478908539,
    "_step": 274,
    "_timestamp": 1735462956.3141398,
    "_wandb.runtime": 403,
    "epoch": 1,
    "lr-AdamW": 0.00010595131090841128,
    "test_acc_result": 0.028999999165534973,
    "total_compute": 18368823558144,
    "train_loss_epoch": 0.9574596881866455,
    "train_loss_step": 0.7762909531593323,
    "trainer/global_step": 943,
    "val_loss": 0.631313681602478
  }
}