{
  "config": {
    "batch_size": 64,
    "val_dataset_filepath": "./datasets/graph_depth_first_search/1/11/normal/11111/1/True/True/1/256/4/4/8159/30767/val_dataset",
    "test_dataset_filepath": "./datasets/graph_depth_first_search/1/11/normal/11111/1/True/True/1/256/4/4/8159/30767/test_dataset",
    "task_length": 11,
    "train_dataset_filepath": "./datasets/graph_depth_first_search/1/11/normal/11111/1/True/True/1/256/4/4/8159/30767/train_dataset",
    "dropout": 0,
    "lr": 0.0001,
    "compute_budget": 10000000000000,
    "early_stopping": false,
    "betas": [
      0.9,
      0.95
    ],
    "warmup_ratio": 0.1,
    "loss_threshold": 0.0017157108429701616,
    "validation_ratio": 0.005,
    "method": "normal",
    "log_gradients": false,
    "project_name": "binary-graph_depth_first_search1-gridsearch-11-normal-11111-iteration-113050",
    "precision": "32",
    "n_head": 4,
    "test_batch_size": 64,
    "weight_decay": 0.1,
    "mask_idx": 23,
    "n_layer": 4,
    "n_embd": 256,
    "grad_clip": 1,
    "run_id": "6fb8cbfc-d127-46be-83fd-0fb03583c8ce",
    "bias": false,
    "max_steps": 118,
    "threshold_testing": false,
    "seed": 30767,
    "task": "graph_depth_first_search"
  },
  "summary": {
    "_runtime": 700.1219553947449,
    "_step": 125,
    "_timestamp": 1735462513.0379894,
    "_wandb.runtime": 699,
    "epoch": 1,
    "lr-AdamW": 1.682228500753084e-05,
    "test_acc_result": 0,
    "total_compute": 18388302692352,
    "train_loss_epoch": 2.3052897453308105,
    "train_loss_step": 2.083942413330078,
    "trainer/global_step": 118,
    "val_loss": 2.0889363288879395
  }
}