{
  "config": {
    "bias": false,
    "log_gradients": false,
    "train_dataset_filepath": "./datasets/graph_depth_first_search/1/11/normal/11111/100/True/True/1/512/4/4/893/19096/train_dataset",
    "betas": [
      0.9,
      0.95
    ],
    "grad_clip": 1,
    "compute_budget": 10000000000000,
    "early_stopping": false,
    "test_batch_size": 64,
    "test_dataset_filepath": "./datasets/graph_depth_first_search/1/11/normal/11111/100/True/True/1/512/4/4/893/19096/test_dataset",
    "precision": "32",
    "mask_idx": 23,
    "n_head": 4,
    "dropout": 0,
    "project_name": "binary-graph_depth_first_search1-gridsearch-11-normal-11111-iteration-113050",
    "n_layer": 4,
    "weight_decay": 0.1,
    "validation_ratio": 0.005,
    "loss_threshold": 0.0017157108429701616,
    "task_length": 11,
    "n_embd": 512,
    "batch_size": 64,
    "task": "graph_depth_first_search",
    "lr": 0.01,
    "seed": 19096,
    "warmup_ratio": 0.1,
    "method": "normal",
    "val_dataset_filepath": "./datasets/graph_depth_first_search/1/11/normal/11111/100/True/True/1/512/4/4/893/19096/val_dataset",
    "max_steps": 30,
    "run_id": "390160fe-897b-4cb5-91d5-edca5609837e",
    "threshold_testing": false
  },
  "summary": {
    "_runtime": 1176.3751111030579,
    "_step": 33,
    "_timestamp": 1735471369.896706,
    "_wandb.runtime": 1176,
    "epoch": 1,
    "test_acc_result": 0,
    "total_compute": 18337203486720,
    "train_loss_epoch": 2.868558645248413,
    "trainer/global_step": 30,
    "val_loss": 2.4174752235412598
  }
}