{
  "config": {
    "test_batch_size": 64,
    "n_embd": 64,
    "validation_ratio": 0.005,
    "weight_decay": 0.1,
    "early_stopping": false,
    "max_steps": 14098,
    "threshold_testing": false,
    "run_id": "bc1afb8d-e373-47fc-bc4c-a138048a33ff",
    "precision": "32",
    "batch_size": 8,
    "grad_clip": 1,
    "task_length": 11,
    "dropout": 0,
    "train_dataset_filepath": "./datasets/graph_depth_first_search/1/11/normal/11111/10/True/True/1/64/4/4/39109/27035/train_dataset",
    "method": "normal",
    "loss_threshold": 0.0017157108429701616,
    "val_dataset_filepath": "./datasets/graph_depth_first_search/1/11/normal/11111/10/True/True/1/64/4/4/39109/27035/val_dataset",
    "betas": [
      0.9,
      0.95
    ],
    "n_layer": 4,
    "compute_budget": 10000000000000,
    "project_name": "binary-graph_depth_first_search1-gridsearch-11-normal-11111-iteration-113050",
    "seed": 27035,
    "n_head": 4,
    "log_gradients": false,
    "bias": false,
    "warmup_ratio": 0.1,
    "task": "graph_depth_first_search",
    "lr": 0.001,
    "test_dataset_filepath": "./datasets/graph_depth_first_search/1/11/normal/11111/10/True/True/1/64/4/4/39109/27035/test_dataset",
    "mask_idx": 23
  },
  "summary": {
    "_runtime": 801.5614678859711,
    "_step": 766,
    "_timestamp": 1735463631.0855558,
    "_wandb.runtime": 801,
    "epoch": 1,
    "lr-AdamW": 0.0001000331142026564,
    "test_acc_result": 0.8360000252723694,
    "total_compute": 19161312264192,
    "train_loss_epoch": 0.3217160403728485,
    "train_loss_step": 0.041069332510232925,
    "trainer/global_step": 14098,
    "val_loss": 0.0366833321750164
  }
}