{
  "config": {
    "bias": false,
    "dropout": 0,
    "val_dataset_filepath": "./datasets/graph_depth_first_search/1/11/normal/11111/10/True/True/1/64/16/4/15040/18000/val_dataset",
    "grad_clip": 1,
    "precision": "32",
    "seed": 18000,
    "test_batch_size": 64,
    "log_gradients": false,
    "mask_idx": 23,
    "test_dataset_filepath": "./datasets/graph_depth_first_search/1/11/normal/11111/10/True/True/1/64/16/4/15040/18000/test_dataset",
    "warmup_ratio": 0.1,
    "validation_ratio": 0.005,
    "task": "graph_depth_first_search",
    "n_layer": 16,
    "method": "normal",
    "n_head": 4,
    "max_steps": 3523,
    "train_dataset_filepath": "./datasets/graph_depth_first_search/1/11/normal/11111/10/True/True/1/64/16/4/15040/18000/train_dataset",
    "lr": 0.001,
    "loss_threshold": 0.0017157108429701616,
    "task_length": 11,
    "project_name": "binary-graph_depth_first_search1-gridsearch-11-normal-11111-iteration-113050",
    "n_embd": 64,
    "compute_budget": 10000000000000,
    "batch_size": 8,
    "run_id": "7bf84108-9191-4c84-8b78-7c195b9f2910",
    "threshold_testing": false,
    "early_stopping": false,
    "betas": [
      0.9,
      0.95
    ],
    "weight_decay": 0.1
  },
  "summary": {
    "_runtime": 2039.4554986953735,
    "_step": 350,
    "_timestamp": 1735460506.8183608,
    "_wandb.runtime": 2038,
    "epoch": 1,
    "lr-AdamW": 0.00010012720137370855,
    "test_acc_result": 0.3959999978542328,
    "total_compute": 19153157357568,
    "train_loss_epoch": 0.6079831123352051,
    "train_loss_step": 0.2018994390964508,
    "trainer/global_step": 3523,
    "val_loss": 0.17858505249023438
  }
}