{
  "config": {
    "log_gradients": false,
    "n_embd": 512,
    "grad_clip": 1,
    "task_length": 11,
    "n_head": 4,
    "batch_size": 64,
    "method": "normal",
    "train_dataset_filepath": "./datasets/graph_depth_first_search/1/11/normal/11111/10/True/True/1/512/4/4/433/3988/train_dataset",
    "n_layer": 4,
    "max_steps": 30,
    "loss_threshold": 0.0017157108429701616,
    "warmup_ratio": 0.1,
    "precision": "32",
    "weight_decay": 0.1,
    "seed": 3988,
    "early_stopping": false,
    "lr": 0.001,
    "test_dataset_filepath": "./datasets/graph_depth_first_search/1/11/normal/11111/10/True/True/1/512/4/4/433/3988/test_dataset",
    "betas": [
      0.9,
      0.95
    ],
    "bias": false,
    "task": "graph_depth_first_search",
    "dropout": 0,
    "run_id": "eb03c515-4b57-423d-9625-783b3615d74a",
    "compute_budget": 10000000000000,
    "test_batch_size": 64,
    "val_dataset_filepath": "./datasets/graph_depth_first_search/1/11/normal/11111/10/True/True/1/512/4/4/433/3988/val_dataset",
    "mask_idx": 23,
    "validation_ratio": 0.005,
    "threshold_testing": false,
    "project_name": "binary-graph_depth_first_search1-gridsearch-11-normal-11111-iteration-113050"
  },
  "summary": {
    "_runtime": 404.62144589424133,
    "_step": 33,
    "_timestamp": 1735455749.8451679,
    "_wandb.runtime": 404,
    "epoch": 1,
    "test_acc_result": 0,
    "total_compute": 18337203486720,
    "train_loss_epoch": 2.093026876449585,
    "trainer/global_step": 30,
    "val_loss": 1.5174262523651123
  }
}