{
  "config": {
    "n_layer": 16,
    "run_id": "8a5c359f-5d7b-4f27-ba3e-c41552d36671",
    "log_gradients": false,
    "max_steps": 3507,
    "n_embd": 64,
    "warmup_ratio": 0.1,
    "compute_budget": 10000000000000,
    "mask_idx": 23,
    "val_dataset_filepath": "./datasets/graph_depth_first_search/1/11/normal/11111/1000/True/True/1/64/16/4/18578/9165/val_dataset",
    "bias": false,
    "grad_clip": 1,
    "validation_ratio": 0.005,
    "test_batch_size": 64,
    "precision": "32",
    "seed": 9165,
    "project_name": "binary-graph_depth_first_search1-gridsearch-11-normal-11111-iteration-113050",
    "loss_threshold": 0.0017157108429701616,
    "n_head": 4,
    "task_length": 11,
    "betas": [
      0.9,
      0.95
    ],
    "batch_size": 8,
    "train_dataset_filepath": "./datasets/graph_depth_first_search/1/11/normal/11111/1000/True/True/1/64/16/4/18578/9165/train_dataset",
    "early_stopping": false,
    "dropout": 0,
    "lr": 0.1,
    "task": "graph_depth_first_search",
    "threshold_testing": false,
    "weight_decay": 0.1,
    "method": "normal",
    "test_dataset_filepath": "./datasets/graph_depth_first_search/1/11/normal/11111/1000/True/True/1/64/16/4/18578/9165/test_dataset"
  },
  "summary": {
    "_runtime": 1265.5514571666718,
    "_step": 349,
    "_timestamp": 1735462619.0600672,
    "_wandb.runtime": 1264,
    "epoch": 1,
    "lr-AdamW": 0.010001425971284554,
    "test_acc_result": 0.0020000000949949026,
    "total_compute": 19066171686912,
    "train_loss_epoch": 1.817152500152588,
    "train_loss_step": 1.022715449333191,
    "trainer/global_step": 3507,
    "val_loss": 1.0510149002075195
  }
}