{
  "config": {
    "test_dataset_filepath": "./datasets/graph_depth_first_search/1/11/normal/11111/1000/True/True/1/64/16/4/26027/1375/test_dataset",
    "mask_idx": 23,
    "max_steps": 430,
    "weight_decay": 0.1,
    "warmup_ratio": 0.1,
    "test_batch_size": 64,
    "loss_threshold": 0.0017157108429701616,
    "precision": "32",
    "train_dataset_filepath": "./datasets/graph_depth_first_search/1/11/normal/11111/1000/True/True/1/64/16/4/26027/1375/train_dataset",
    "validation_ratio": 0.005,
    "seed": 1375,
    "betas": [
      0.9,
      0.95
    ],
    "early_stopping": false,
    "method": "normal",
    "compute_budget": 10000000000000,
    "project_name": "binary-graph_depth_first_search1-gridsearch-11-normal-11111-iteration-113050",
    "n_layer": 16,
    "threshold_testing": false,
    "task": "graph_depth_first_search",
    "lr": 0.1,
    "log_gradients": false,
    "task_length": 11,
    "n_embd": 64,
    "dropout": 0,
    "grad_clip": 1,
    "run_id": "0b239833-878f-4a39-897a-4ab874cf0188",
    "val_dataset_filepath": "./datasets/graph_depth_first_search/1/11/normal/11111/1000/True/True/1/64/16/4/26027/1375/val_dataset",
    "batch_size": 64,
    "bias": false,
    "n_head": 4
  },
  "summary": {
    "_runtime": 344.25425577163696,
    "_step": 234,
    "_timestamp": 1735469105.2407508,
    "_wandb.runtime": 343,
    "epoch": 1,
    "lr-AdamW": 0.011417393918241833,
    "test_acc_result": 0.0010000000474974513,
    "total_compute": 18701919191040,
    "train_loss_epoch": 1.6833957433700562,
    "train_loss_step": 1.1160467863082886,
    "trainer/global_step": 430,
    "val_loss": 1.0526747703552246
  }
}