{
  "config": {
    "n_head": 4,
    "validation_ratio": 0.005,
    "loss_threshold": 0.0017157108429701616,
    "weight_decay": 0.1,
    "batch_size": 64,
    "n_embd": 32,
    "threshold_testing": false,
    "compute_budget": 10000000000000,
    "train_dataset_filepath": "./datasets/graph_depth_first_search/1/11/normal/11111/1000/True/True/1/32/16/4/8305/26860/train_dataset",
    "max_steps": 1631,
    "seed": 26860,
    "betas": [
      0.9,
      0.95
    ],
    "lr": 0.1,
    "bias": false,
    "val_dataset_filepath": "./datasets/graph_depth_first_search/1/11/normal/11111/1000/True/True/1/32/16/4/8305/26860/val_dataset",
    "early_stopping": false,
    "dropout": 0,
    "test_dataset_filepath": "./datasets/graph_depth_first_search/1/11/normal/11111/1000/True/True/1/32/16/4/8305/26860/test_dataset",
    "task_length": 11,
    "n_layer": 16,
    "warmup_ratio": 0.1,
    "task": "graph_depth_first_search",
    "test_batch_size": 64,
    "mask_idx": 23,
    "method": "normal",
    "grad_clip": 1,
    "run_id": "2706bf3e-5169-47d8-93ab-eea351a66a6e",
    "precision": "32",
    "log_gradients": false,
    "project_name": "binary-graph_depth_first_search1-gridsearch-11-normal-11111-iteration-113050"
  },
  "summary": {
    "_runtime": 1733.3893008232117,
    "_step": 270,
    "_timestamp": 1735458898.5924888,
    "_wandb.runtime": 1732,
    "epoch": 1,
    "lr-AdamW": 0.010105477633031431,
    "test_acc_result": 0.7110000252723694,
    "total_compute": 20199496482816,
    "train_loss_epoch": 0.5215597152709961,
    "train_loss_step": 0.05981944128870964,
    "trainer/global_step": 1631,
    "val_loss": 0.06840652227401733
  }
}