{
  "config": {
    "early_stopping": false,
    "betas": [
      0.9,
      0.95
    ],
    "run_id": "8e73eb7f-7dcb-49bb-97bc-14f917ba0be4",
    "precision": "32",
    "log_gradients": false,
    "grad_clip": 1,
    "batch_size": 64,
    "test_dataset_filepath": "./datasets/graph_depth_first_search/1/11/normal/11111/100/True/True/1/32/4/4/26281/3478/test_dataset",
    "bias": false,
    "method": "normal",
    "mask_idx": 23,
    "dropout": 0,
    "n_head": 4,
    "validation_ratio": 0.005,
    "test_batch_size": 64,
    "weight_decay": 0.1,
    "loss_threshold": 0.0017157108429701616,
    "seed": 3478,
    "n_layer": 4,
    "task_length": 11,
    "warmup_ratio": 0.1,
    "task": "graph_depth_first_search",
    "train_dataset_filepath": "./datasets/graph_depth_first_search/1/11/normal/11111/100/True/True/1/32/4/4/26281/3478/train_dataset",
    "lr": 0.01,
    "max_steps": 6588,
    "compute_budget": 10000000000000,
    "project_name": "binary-graph_depth_first_search1-gridsearch-11-normal-11111-iteration-113050",
    "n_embd": 32,
    "val_dataset_filepath": "./datasets/graph_depth_first_search/1/11/normal/11111/100/True/True/1/32/4/4/26281/3478/val_dataset",
    "threshold_testing": false
  },
  "summary": {
    "_runtime": 992.9156918525696,
    "_step": 470,
    "_timestamp": 1735462189.3048658,
    "_wandb.runtime": 992,
    "epoch": 1,
    "lr-AdamW": 0.0010009604762734065,
    "test_acc_result": 0.8119999766349792,
    "total_compute": 20397652180992,
    "train_loss_epoch": 0.19559040665626526,
    "train_loss_step": 0.020527074113488197,
    "trainer/global_step": 6588,
    "val_loss": 0.03164321184158325
  }
}