{
  "config": {
    "validation_ratio": 0.005,
    "warmup_ratio": 0.1,
    "threshold_testing": false,
    "test_dataset_filepath": "./datasets/graph_depth_first_search/1/11/normal/11111/10/True/True/1/16/16/4/37428/2532/test_dataset",
    "task": "graph_depth_first_search",
    "n_layer": 16,
    "batch_size": 64,
    "run_id": "9715f246-5e07-4eb1-a8ec-277dcebe1480",
    "weight_decay": 0.1,
    "n_head": 4,
    "log_gradients": false,
    "n_embd": 16,
    "max_steps": 5553,
    "task_length": 11,
    "dropout": 0,
    "seed": 2532,
    "bias": false,
    "method": "normal",
    "compute_budget": 10000000000000,
    "precision": "32",
    "train_dataset_filepath": "./datasets/graph_depth_first_search/1/11/normal/11111/10/True/True/1/16/16/4/37428/2532/train_dataset",
    "loss_threshold": 0.0017157108429701616,
    "val_dataset_filepath": "./datasets/graph_depth_first_search/1/11/normal/11111/10/True/True/1/16/16/4/37428/2532/val_dataset",
    "betas": [
      0.9,
      0.95
    ],
    "lr": 0.001,
    "grad_clip": 1,
    "mask_idx": 23,
    "project_name": "binary-graph_depth_first_search1-gridsearch-11-normal-11111-iteration-113050",
    "early_stopping": false,
    "test_batch_size": 64
  },
  "summary": {
    "_runtime": 763.3200325965881,
    "_step": 430,
    "_timestamp": 1735467595.7374516,
    "_wandb.runtime": 762,
    "epoch": 1,
    "lr-AdamW": 0.00010000142235994543,
    "test_acc_result": 0.05299999937415123,
    "total_compute": 21389844676608,
    "train_loss_epoch": 0.8356845378875732,
    "train_loss_step": 0.503685474395752,
    "trainer/global_step": 5553,
    "val_loss": 0.506584644317627
  }
}