{
  "config": {
    "warmup_ratio": 0.1,
    "lr": 0.001,
    "mask_idx": 23,
    "test_dataset_filepath": "./datasets/graph_depth_first_search/1/11/normal/11111/10/True/True/1/128/16/4/24947/10679/test_dataset",
    "threshold_testing": false,
    "run_id": "827ff2ba-c22c-42c5-b290-0a92f45384eb",
    "max_steps": 115,
    "compute_budget": 10000000000000,
    "batch_size": 64,
    "grad_clip": 1,
    "early_stopping": false,
    "validation_ratio": 0.005,
    "train_dataset_filepath": "./datasets/graph_depth_first_search/1/11/normal/11111/10/True/True/1/128/16/4/24947/10679/train_dataset",
    "loss_threshold": 0.0017157108429701616,
    "method": "normal",
    "weight_decay": 0.1,
    "n_embd": 128,
    "seed": 10679,
    "val_dataset_filepath": "./datasets/graph_depth_first_search/1/11/normal/11111/10/True/True/1/128/16/4/24947/10679/val_dataset",
    "task_length": 11,
    "precision": "32",
    "project_name": "binary-graph_depth_first_search1-gridsearch-11-normal-11111-iteration-113050",
    "task": "graph_depth_first_search",
    "betas": [
      0.9,
      0.95
    ],
    "dropout": 0,
    "test_batch_size": 64,
    "log_gradients": false,
    "bias": false,
    "n_layer": 16,
    "n_head": 4
  },
  "summary": {
    "_runtime": 1498.539939403534,
    "_step": 122,
    "_timestamp": 1735458144.0108774,
    "_wandb.runtime": 1498,
    "epoch": 1,
    "lr-AdamW": 0.0001515447884560557,
    "test_acc_result": 0.004000000189989805,
    "total_compute": 18616103731200,
    "train_loss_epoch": 1.5196243524551392,
    "train_loss_step": 0.852981448173523,
    "trainer/global_step": 115,
    "val_loss": 0.8327393531799316
  }
}