{
  "config": {
    "mask_idx": 23,
    "early_stopping": false,
    "test_batch_size": 64,
    "betas": [
      0.9,
      0.95
    ],
    "max_steps": 3544,
    "bias": false,
    "threshold_testing": false,
    "method": "normal",
    "grad_clip": 1,
    "weight_decay": 0.1,
    "test_dataset_filepath": "./datasets/graph_depth_first_search/1/11/normal/11111/1/True/True/1/64/16/4/5572/913/test_dataset",
    "warmup_ratio": 0.1,
    "task_length": 11,
    "n_layer": 16,
    "n_head": 4,
    "compute_budget": 10000000000000,
    "precision": "32",
    "log_gradients": false,
    "val_dataset_filepath": "./datasets/graph_depth_first_search/1/11/normal/11111/1/True/True/1/64/16/4/5572/913/val_dataset",
    "batch_size": 8,
    "train_dataset_filepath": "./datasets/graph_depth_first_search/1/11/normal/11111/1/True/True/1/64/16/4/5572/913/train_dataset",
    "validation_ratio": 0.005,
    "run_id": "a09976b1-23e5-4f28-bbc6-84c7c578c8d2",
    "task": "graph_depth_first_search",
    "dropout": 0,
    "loss_threshold": 0.0017157108429701616,
    "n_embd": 64,
    "project_name": "binary-graph_depth_first_search1-gridsearch-11-normal-11111-iteration-113050",
    "lr": 0.0001,
    "seed": 913
  },
  "summary": {
    "_runtime": 1037.916898727417,
    "_step": 351,
    "_timestamp": 1735470138.7804918,
    "_wandb.runtime": 1037,
    "epoch": 1,
    "lr-AdamW": 1.0044182963685492e-05,
    "test_acc_result": 0.009999999776482582,
    "total_compute": 19267326050304,
    "train_loss_epoch": 1.1057852506637573,
    "train_loss_step": 0.6191853284835815,
    "trainer/global_step": 3544,
    "val_loss": 0.6856852769851685
  }
}