{
  "config": {
    "log_gradients": false,
    "method": "normal",
    "mask_idx": 23,
    "n_head": 4,
    "project_name": "binary-graph_depth_first_search1-gridsearch-11-normal-11111-iteration-113050",
    "loss_threshold": 0.0017157108429701616,
    "task_length": 11,
    "train_dataset_filepath": "./datasets/graph_depth_first_search/1/11/normal/11111/1000/True/True/1/256/4/4/19039/7690/train_dataset",
    "lr": 0.1,
    "early_stopping": false,
    "n_embd": 256,
    "grad_clip": 1,
    "precision": "32",
    "n_layer": 4,
    "batch_size": 8,
    "seed": 7690,
    "test_batch_size": 64,
    "threshold_testing": false,
    "warmup_ratio": 0.1,
    "max_steps": 928,
    "test_dataset_filepath": "./datasets/graph_depth_first_search/1/11/normal/11111/1000/True/True/1/256/4/4/19039/7690/test_dataset",
    "bias": false,
    "run_id": "3f2410db-c2f7-4a7f-8e17-6ea51245e168",
    "val_dataset_filepath": "./datasets/graph_depth_first_search/1/11/normal/11111/1000/True/True/1/256/4/4/19039/7690/val_dataset",
    "weight_decay": 0.1,
    "betas": [
      0.9,
      0.95
    ],
    "compute_budget": 10000000000000,
    "validation_ratio": 0.005,
    "dropout": 0,
    "task": "graph_depth_first_search"
  },
  "summary": {
    "_runtime": 374.3157796859741,
    "_step": 271,
    "_timestamp": 1735467646.5506916,
    "_wandb.runtime": 373,
    "epoch": 1,
    "lr-AdamW": 0.010266953637083687,
    "test_acc_result": 0,
    "total_compute": 18076636545024,
    "train_loss_epoch": 2.3204996585845947,
    "train_loss_step": 2.120530843734741,
    "trainer/global_step": 928,
    "val_loss": 2.1322476863861084
  }
}