{
  "config": {
    "method": "normal",
    "max_steps": 61,
    "lr": 0.0001,
    "test_dataset_filepath": "./datasets/graph_depth_first_search/1/11/normal/11111/1/True/True/1/512/16/4/11971/32901/test_dataset",
    "betas": [
      0.9,
      0.95
    ],
    "run_id": "2ce450a8-e18c-427f-9f9a-c2e2c889cb8b",
    "n_layer": 16,
    "threshold_testing": false,
    "batch_size": 8,
    "log_gradients": false,
    "precision": "32",
    "validation_ratio": 0.005,
    "task_length": 11,
    "task": "graph_depth_first_search",
    "compute_budget": 10000000000000,
    "n_head": 4,
    "seed": 32901,
    "bias": false,
    "weight_decay": 0.1,
    "train_dataset_filepath": "./datasets/graph_depth_first_search/1/11/normal/11111/1/True/True/1/512/16/4/11971/32901/train_dataset",
    "warmup_ratio": 0.1,
    "grad_clip": 1,
    "early_stopping": false,
    "loss_threshold": 0.0017157108429701616,
    "dropout": 0,
    "val_dataset_filepath": "./datasets/graph_depth_first_search/1/11/normal/11111/1/True/True/1/512/16/4/11971/32901/val_dataset",
    "mask_idx": 23,
    "test_batch_size": 64,
    "project_name": "binary-graph_depth_first_search1-gridsearch-11-normal-11111-iteration-113050",
    "n_embd": 512
  },
  "summary": {
    "_runtime": 613.0375752449036,
    "_step": 66,
    "_timestamp": 1735465716.9628081,
    "_wandb.runtime": 612,
    "epoch": 1,
    "lr-AdamW": 2.016362752124129e-05,
    "test_acc_result": 0,
    "total_compute": 18642823544832,
    "train_loss_epoch": 2.246424674987793,
    "train_loss_step": 2.1021649837493896,
    "trainer/global_step": 61,
    "val_loss": 2.072777032852173
  }
}