{
  "config": {
    "validation_ratio": 0.005,
    "mask_idx": 23,
    "betas": [
      0.9,
      0.95
    ],
    "early_stopping": false,
    "task": "graph_depth_first_search",
    "task_length": 11,
    "n_layer": 4,
    "grad_clip": 1,
    "log_gradients": false,
    "max_steps": 14151,
    "threshold_testing": false,
    "test_dataset_filepath": "./datasets/graph_depth_first_search/1/11/normal/11111/1/True/True/1/64/4/4/15404/8595/test_dataset",
    "n_embd": 64,
    "warmup_ratio": 0.1,
    "dropout": 0,
    "method": "normal",
    "project_name": "binary-graph_depth_first_search1-gridsearch-11-normal-11111-iteration-113050",
    "batch_size": 8,
    "seed": 8595,
    "run_id": "0c42bce7-37ea-43de-b6c7-0e6e51e21832",
    "loss_threshold": 0.0017157108429701616,
    "n_head": 4,
    "val_dataset_filepath": "./datasets/graph_depth_first_search/1/11/normal/11111/1/True/True/1/64/4/4/15404/8595/val_dataset",
    "weight_decay": 0.1,
    "lr": 0.0001,
    "bias": false,
    "precision": "32",
    "test_batch_size": 64,
    "train_dataset_filepath": "./datasets/graph_depth_first_search/1/11/normal/11111/1/True/True/1/64/4/4/15404/8595/train_dataset",
    "compute_budget": 10000000000000
  },
  "summary": {
    "_runtime": 1946.4399244785309,
    "_step": 771,
    "_timestamp": 1735457361.5447154,
    "_wandb.runtime": 1945,
    "epoch": 1,
    "lr-AdamW": 1.0000005476160211e-05,
    "test_acc_result": 0.03500000014901161,
    "total_compute": 19233347272704,
    "train_loss_epoch": 0.8515775203704834,
    "train_loss_step": 0.5645101070404053,
    "trainer/global_step": 14151,
    "val_loss": 0.5187304615974426
  }
}