{
  "config": {
    "grad_clip": 1,
    "test_batch_size": 64,
    "validation_ratio": 0.005,
    "compute_budget": 10000000000000,
    "mask_idx": 23,
    "log_gradients": false,
    "lr": 0.1,
    "seed": 31451,
    "method": "normal",
    "betas": [
      0.9,
      0.95
    ],
    "max_steps": 118,
    "project_name": "binary-graph_depth_first_search1-gridsearch-11-normal-11111-iteration-113050",
    "early_stopping": false,
    "threshold_testing": false,
    "n_layer": 4,
    "n_head": 4,
    "task": "graph_depth_first_search",
    "run_id": "2aecfd11-a404-46e6-928c-e030e354835c",
    "warmup_ratio": 0.1,
    "train_dataset_filepath": "./datasets/graph_depth_first_search/1/11/normal/11111/1000/True/True/1/256/4/4/1510/31451/train_dataset",
    "bias": false,
    "task_length": 11,
    "loss_threshold": 0.0017157108429701616,
    "weight_decay": 0.1,
    "test_dataset_filepath": "./datasets/graph_depth_first_search/1/11/normal/11111/1000/True/True/1/256/4/4/1510/31451/test_dataset",
    "dropout": 0,
    "precision": "32",
    "n_embd": 256,
    "batch_size": 64,
    "val_dataset_filepath": "./datasets/graph_depth_first_search/1/11/normal/11111/1000/True/True/1/256/4/4/1510/31451/val_dataset"
  },
  "summary": {
    "_runtime": 1027.5038666725159,
    "_step": 125,
    "_timestamp": 1735460553.9591227,
    "_wandb.runtime": 1027,
    "epoch": 1,
    "lr-AdamW": 0.01682228500753084,
    "test_acc_result": 0,
    "total_compute": 18388302692352,
    "train_loss_epoch": 3.3594446182250977,
    "train_loss_step": 2.562894344329834,
    "trainer/global_step": 118,
    "val_loss": 2.3949673175811768
  }
}