{
  "config": {
    "test_dataset_filepath": "./datasets/graph_depth_first_search/1/11/normal/11111/100/True/True/1/64/16/4/36849/396/test_dataset",
    "task_length": 11,
    "n_layer": 16,
    "log_gradients": false,
    "train_dataset_filepath": "./datasets/graph_depth_first_search/1/11/normal/11111/100/True/True/1/64/16/4/36849/396/train_dataset",
    "batch_size": 8,
    "val_dataset_filepath": "./datasets/graph_depth_first_search/1/11/normal/11111/100/True/True/1/64/16/4/36849/396/val_dataset",
    "method": "normal",
    "task": "graph_depth_first_search",
    "test_batch_size": 64,
    "loss_threshold": 0.0017157108429701616,
    "bias": false,
    "precision": "32",
    "compute_budget": 10000000000000,
    "lr": 0.01,
    "threshold_testing": false,
    "warmup_ratio": 0.1,
    "run_id": "aec36efb-660b-4aab-9eb7-3060cb13a126",
    "weight_decay": 0.1,
    "betas": [
      0.9,
      0.95
    ],
    "early_stopping": false,
    "dropout": 0,
    "n_embd": 64,
    "mask_idx": 23,
    "seed": 396,
    "grad_clip": 1,
    "validation_ratio": 0.005,
    "max_steps": 3554,
    "project_name": "binary-graph_depth_first_search1-gridsearch-11-normal-11111-iteration-113050",
    "n_head": 4
  },
  "summary": {
    "_runtime": 677.055956363678,
    "_step": 354,
    "_timestamp": 1735464686.7189584,
    "_wandb.runtime": 676,
    "epoch": 1,
    "lr-AdamW": 0.0010000542491476955,
    "test_acc_result": 0.6970000267028809,
    "total_compute": 19321692094464,
    "train_loss_epoch": 0.48534101247787476,
    "train_loss_step": 0.03711574897170067,
    "trainer/global_step": 3554,
    "val_loss": 0.06915374100208282
  }
}