{
  "config": {
    "weight_decay": 0.1,
    "compute_budget": 10000000000000,
    "betas": [
      0.9,
      0.95
    ],
    "mask_idx": 23,
    "val_dataset_filepath": "./datasets/graph_depth_first_search/1/11/normal/11111/1000/True/True/1/32/16/4/26697/31602/val_dataset",
    "lr": 0.1,
    "grad_clip": 1,
    "validation_ratio": 0.005,
    "test_dataset_filepath": "./datasets/graph_depth_first_search/1/11/normal/11111/1000/True/True/1/32/16/4/26697/31602/test_dataset",
    "project_name": "binary-graph_depth_first_search1-gridsearch-11-normal-11111-iteration-113050",
    "early_stopping": false,
    "n_layer": 16,
    "n_head": 4,
    "max_steps": 12951,
    "warmup_ratio": 0.1,
    "train_dataset_filepath": "./datasets/graph_depth_first_search/1/11/normal/11111/1000/True/True/1/32/16/4/26697/31602/train_dataset",
    "batch_size": 8,
    "task_length": 11,
    "loss_threshold": 0.0017157108429701616,
    "seed": 31602,
    "test_batch_size": 64,
    "run_id": "c3de691c-9080-4cb5-86f0-aed511c7d6fb",
    "bias": false,
    "dropout": 0,
    "task": "graph_depth_first_search",
    "n_embd": 32,
    "precision": "32",
    "threshold_testing": false,
    "log_gradients": false,
    "method": "normal"
  },
  "summary": {
    "_runtime": 2582.5268878936768,
    "_step": 723,
    "_timestamp": 1735460367.2749689,
    "_wandb.runtime": 2582,
    "epoch": 1,
    "lr-AdamW": 0.010000006537973664,
    "test_acc_result": 0.008999999612569809,
    "total_compute": 20049331617792,
    "train_loss_epoch": 1.41830575466156,
    "train_loss_step": 0.5915420651435852,
    "trainer/global_step": 12951,
    "val_loss": 0.7387174963951111
  }
}