{
  "config": {
    "betas": [
      0.9,
      0.95
    ],
    "test_batch_size": 64,
    "validation_ratio": 0.005,
    "precision": "32",
    "mask_idx": 23,
    "task": "graph_depth_first_search",
    "threshold_testing": false,
    "val_dataset_filepath": "./datasets/graph_depth_first_search/1/11/normal/11111/100/True/True/1/256/4/4/29632/34529/val_dataset",
    "test_dataset_filepath": "./datasets/graph_depth_first_search/1/11/normal/11111/100/True/True/1/256/4/4/29632/34529/test_dataset",
    "n_head": 4,
    "weight_decay": 0.1,
    "grad_clip": 1,
    "seed": 34529,
    "log_gradients": false,
    "compute_budget": 10000000000000,
    "early_stopping": false,
    "n_embd": 256,
    "run_id": "6b7740ff-b116-4251-ae86-d3215ed1c85d",
    "project_name": "binary-graph_depth_first_search1-gridsearch-11-normal-11111-iteration-113050",
    "bias": false,
    "batch_size": 64,
    "method": "normal",
    "dropout": 0,
    "max_steps": 117,
    "task_length": 11,
    "train_dataset_filepath": "./datasets/graph_depth_first_search/1/11/normal/11111/100/True/True/1/256/4/4/29632/34529/train_dataset",
    "n_layer": 4,
    "warmup_ratio": 0.1,
    "lr": 0.01,
    "loss_threshold": 0.0017157108429701616
  },
  "summary": {
    "_runtime": 134.27014017105103,
    "_step": 124,
    "_timestamp": 1735467764.8028913,
    "_wandb.runtime": 133,
    "epoch": 1,
    "lr-AdamW": 0.0016253037470469012,
    "test_acc_result": 0,
    "total_compute": 18232469618688,
    "train_loss_epoch": 1.7732442617416382,
    "train_loss_step": 1.528471827507019,
    "trainer/global_step": 117,
    "val_loss": 1.4834444522857666
  }
}