{
  "config": {
    "test_batch_size": 64,
    "precision": "32",
    "lr": 0.01,
    "bias": false,
    "n_layer": 4,
    "threshold_testing": false,
    "max_steps": 51467,
    "val_dataset_filepath": "./datasets/graph_depth_first_search/1/11/normal/11111/100/True/True/1/32/4/4/13037/32796/val_dataset",
    "log_gradients": false,
    "n_head": 4,
    "dropout": 0,
    "betas": [
      0.9,
      0.95
    ],
    "task": "graph_depth_first_search",
    "weight_decay": 0.1,
    "task_length": 11,
    "batch_size": 8,
    "test_dataset_filepath": "./datasets/graph_depth_first_search/1/11/normal/11111/100/True/True/1/32/4/4/13037/32796/test_dataset",
    "compute_budget": 10000000000000,
    "train_dataset_filepath": "./datasets/graph_depth_first_search/1/11/normal/11111/100/True/True/1/32/4/4/13037/32796/train_dataset",
    "run_id": "7b974b02-dca2-4c2f-a3b7-26d6bdd54392",
    "grad_clip": 1,
    "early_stopping": false,
    "n_embd": 32,
    "project_name": "binary-graph_depth_first_search1-gridsearch-11-normal-11111-iteration-113050",
    "mask_idx": 23,
    "warmup_ratio": 0.1,
    "validation_ratio": 0.005,
    "seed": 32796,
    "method": "normal",
    "loss_threshold": 0.0017157108429701616
  },
  "summary": {
    "_runtime": 3364.255665540695,
    "_step": 2261,
    "_timestamp": 1735459291.6465755,
    "_wandb.runtime": 3363,
    "epoch": 1,
    "lr-AdamW": 0.001000003353291952,
    "test_acc_result": 0.7929999828338623,
    "total_compute": 19918904918016,
    "train_loss_epoch": 0.26233333349227905,
    "train_loss_step": 0.058315459638834,
    "trainer/global_step": 51467,
    "val_loss": 0.05087701231241226
  }
}