{
  "config": {
    "loss_threshold": 0.0017157108429701616,
    "n_embd": 256,
    "bias": false,
    "task_length": 11,
    "mask_idx": 23,
    "test_dataset_filepath": "./datasets/graph_depth_first_search/1/11/normal/11111/1/True/True/1/256/16/4/23590/39867/test_dataset",
    "weight_decay": 0.1,
    "lr": 0.0001,
    "validation_ratio": 0.005,
    "run_id": "dd174423-45c1-4dd6-8481-9a18bbf18a37",
    "project_name": "binary-graph_depth_first_search1-gridsearch-11-normal-11111-iteration-113050",
    "n_layer": 16,
    "log_gradients": false,
    "grad_clip": 1,
    "threshold_testing": false,
    "precision": "32",
    "val_dataset_filepath": "./datasets/graph_depth_first_search/1/11/normal/11111/1/True/True/1/256/16/4/23590/39867/val_dataset",
    "method": "normal",
    "betas": [
      0.9,
      0.95
    ],
    "dropout": 0,
    "compute_budget": 10000000000000,
    "seed": 39867,
    "n_head": 4,
    "warmup_ratio": 0.1,
    "task": "graph_depth_first_search",
    "train_dataset_filepath": "./datasets/graph_depth_first_search/1/11/normal/11111/1/True/True/1/256/16/4/23590/39867/train_dataset",
    "early_stopping": false,
    "max_steps": 29,
    "test_batch_size": 64,
    "batch_size": 64
  },
  "summary": {
    "_runtime": 2147.5750229358673,
    "_step": 32,
    "_timestamp": 1735460067.11071,
    "_wandb.runtime": 2147,
    "epoch": 1,
    "test_acc_result": 0,
    "total_compute": 18076636545024,
    "train_loss_epoch": 2.3967130184173584,
    "trainer/global_step": 29,
    "val_loss": 2.179957866668701
  }
}