{
  "config": {
    "dropout": 0,
    "warmup_ratio": 0.1,
    "bias": false,
    "method": "normal",
    "train_dataset_filepath": "./datasets/graph_depth_first_search/1/11/normal/11111/1/True/True/1/128/4/4/16098/22300/train_dataset",
    "project_name": "binary-graph_depth_first_search1-gridsearch-11-normal-11111-iteration-113050",
    "n_head": 4,
    "batch_size": 8,
    "compute_budget": 10000000000000,
    "weight_decay": 0.1,
    "lr": 0.0001,
    "n_layer": 4,
    "val_dataset_filepath": "./datasets/graph_depth_first_search/1/11/normal/11111/1/True/True/1/128/4/4/16098/22300/val_dataset",
    "seed": 22300,
    "run_id": "a7861185-8960-48f6-9617-96e0ebe31bff",
    "test_dataset_filepath": "./datasets/graph_depth_first_search/1/11/normal/11111/1/True/True/1/128/4/4/16098/22300/test_dataset",
    "threshold_testing": false,
    "grad_clip": 1,
    "loss_threshold": 0.0017157108429701616,
    "precision": "32",
    "max_steps": 3683,
    "task": "graph_depth_first_search",
    "betas": [
      0.9,
      0.95
    ],
    "n_embd": 128,
    "early_stopping": false,
    "mask_idx": 23,
    "validation_ratio": 0.005,
    "task_length": 11,
    "log_gradients": false,
    "test_batch_size": 64
  },
  "summary": {
    "_runtime": 1428.231793642044,
    "_step": 353,
    "_timestamp": 1735457311.2205987,
    "_wandb.runtime": 1427,
    "epoch": 1,
    "lr-AdamW": 1.002335798941233e-05,
    "test_acc_result": 0.014000000432133675,
    "total_compute": 18631279902720,
    "train_loss_epoch": 1.003454327583313,
    "train_loss_step": 0.650543749332428,
    "trainer/global_step": 3683,
    "val_loss": 0.6129354238510132
  }
}