{
  "config": {
    "betas": [
      0.9,
      0.95
    ],
    "test_batch_size": 64,
    "project_name": "binary-graph_depth_first_search1-gridsearch-11-normal-11111-iteration-113050",
    "compute_budget": 10000000000000,
    "validation_ratio": 0.005,
    "n_head": 4,
    "precision": "32",
    "val_dataset_filepath": "./datasets/graph_depth_first_search/1/11/normal/11111/1/True/True/1/8/16/4/7043/36811/val_dataset",
    "dropout": 0,
    "n_embd": 8,
    "seed": 36811,
    "lr": 0.0001,
    "n_layer": 16,
    "max_steps": 17722,
    "log_gradients": false,
    "run_id": "a5e36682-3141-4ee2-8bc0-583e8d2a70e7",
    "method": "normal",
    "loss_threshold": 0.0017157108429701616,
    "bias": false,
    "threshold_testing": false,
    "test_dataset_filepath": "./datasets/graph_depth_first_search/1/11/normal/11111/1/True/True/1/8/16/4/7043/36811/test_dataset",
    "task": "graph_depth_first_search",
    "early_stopping": false,
    "grad_clip": 1,
    "warmup_ratio": 0.1,
    "task_length": 11,
    "weight_decay": 0.1,
    "train_dataset_filepath": "./datasets/graph_depth_first_search/1/11/normal/11111/1/True/True/1/8/16/4/7043/36811/train_dataset",
    "batch_size": 64,
    "mask_idx": 23
  },
  "summary": {
    "_runtime": 2489.570250272751,
    "_step": 912,
    "_timestamp": 1735463160.6812773,
    "_wandb.runtime": 2489,
    "epoch": 1,
    "lr-AdamW": 1.000046175947752e-05,
    "test_acc_result": 0.0010000000474974513,
    "total_compute": 23762837176320,
    "train_loss_epoch": 1.6254608631134033,
    "train_loss_step": 1.2722140550613403,
    "trainer/global_step": 17722,
    "val_loss": 1.2360990047454834
  }
}