{
  "config": {
    "test_batch_size": 64,
    "val_dataset_filepath": "./datasets/graph_depth_first_search/1/11/normal/11111/10/True/True/1/128/4/4/4267/12027/val_dataset",
    "precision": "32",
    "n_embd": 128,
    "bias": false,
    "task": "graph_depth_first_search",
    "n_layer": 4,
    "compute_budget": 10000000000000,
    "weight_decay": 0.1,
    "warmup_ratio": 0.1,
    "lr": 0.001,
    "task_length": 11,
    "method": "normal",
    "dropout": 0,
    "max_steps": 461,
    "early_stopping": false,
    "n_head": 4,
    "validation_ratio": 0.005,
    "seed": 12027,
    "log_gradients": false,
    "batch_size": 64,
    "grad_clip": 1,
    "test_dataset_filepath": "./datasets/graph_depth_first_search/1/11/normal/11111/10/True/True/1/128/4/4/4267/12027/test_dataset",
    "mask_idx": 23,
    "project_name": "binary-graph_depth_first_search1-gridsearch-11-normal-11111-iteration-113050",
    "betas": [
      0.9,
      0.95
    ],
    "run_id": "a2154448-f6a0-4813-afce-efc5999f4f1f",
    "loss_threshold": 0.0017157108429701616,
    "threshold_testing": false,
    "train_dataset_filepath": "./datasets/graph_depth_first_search/1/11/normal/11111/10/True/True/1/128/4/4/4267/12027/train_dataset"
  },
  "summary": {
    "_runtime": 144.7973825931549,
    "_step": 251,
    "_timestamp": 1735468122.8917227,
    "_wandb.runtime": 144,
    "epoch": 1,
    "lr-AdamW": 0.00010185545269784038,
    "test_acc_result": 0.21400000154972076,
    "total_compute": 18656573521920,
    "train_loss_epoch": 0.9021472334861755,
    "train_loss_step": 0.3288625478744507,
    "trainer/global_step": 461,
    "val_loss": 0.31379371881484985
  }
}