{
  "config": {
    "n_embd": 512,
    "test_batch_size": 64,
    "validation_ratio": 0.005,
    "project_name": "binary-graph_depth_first_search1-gridsearch-11-normal-11111-iteration-113050",
    "n_layer": 16,
    "dropout": 0,
    "task": "graph_depth_first_search",
    "weight_decay": 0.1,
    "loss_threshold": 0.0017157108429701616,
    "precision": "32",
    "bias": false,
    "max_steps": 8,
    "threshold_testing": false,
    "warmup_ratio": 0.1,
    "test_dataset_filepath": "./datasets/graph_depth_first_search/1/11/normal/11111/100/True/True/1/512/16/4/6850/10276/test_dataset",
    "betas": [
      0.9,
      0.95
    ],
    "grad_clip": 1,
    "lr": 0.01,
    "seed": 10276,
    "train_dataset_filepath": "./datasets/graph_depth_first_search/1/11/normal/11111/100/True/True/1/512/16/4/6850/10276/train_dataset",
    "task_length": 11,
    "n_head": 4,
    "mask_idx": 23,
    "early_stopping": false,
    "method": "normal",
    "run_id": "59fcf2ad-24bb-4fc1-a71c-32264c5c2935",
    "batch_size": 64,
    "log_gradients": false,
    "compute_budget": 10000000000000,
    "val_dataset_filepath": "./datasets/graph_depth_first_search/1/11/normal/11111/100/True/True/1/512/16/4/6850/10276/val_dataset"
  },
  "summary": {
    "_runtime": 1841.6544528007507,
    "_step": 11,
    "_timestamp": 1735459810.14423,
    "_wandb.runtime": 1842,
    "epoch": 1,
    "test_acc_result": 0,
    "total_compute": 19559683719168,
    "train_loss_epoch": 3.316030263900757,
    "trainer/global_step": 8,
    "val_loss": 2.8258872032165527
  }
}