{
  "config": {
    "train_dataset_filepath": "./datasets/graph_depth_first_search/1/11/normal/11111/10/True/True/1/64/16/4/12642/26134/train_dataset",
    "precision": "32",
    "dropout": 0,
    "n_layer": 16,
    "betas": [
      0.9,
      0.95
    ],
    "loss_threshold": 0.0017157108429701616,
    "mask_idx": 23,
    "weight_decay": 0.1,
    "validation_ratio": 0.005,
    "test_dataset_filepath": "./datasets/graph_depth_first_search/1/11/normal/11111/10/True/True/1/64/16/4/12642/26134/test_dataset",
    "task": "graph_depth_first_search",
    "task_length": 11,
    "warmup_ratio": 0.1,
    "threshold_testing": false,
    "n_embd": 64,
    "max_steps": 446,
    "batch_size": 64,
    "log_gradients": false,
    "test_batch_size": 64,
    "val_dataset_filepath": "./datasets/graph_depth_first_search/1/11/normal/11111/10/True/True/1/64/16/4/12642/26134/val_dataset",
    "run_id": "e936423c-1766-4713-9bc9-bb15a3086798",
    "bias": false,
    "lr": 0.001,
    "method": "normal",
    "project_name": "binary-graph_depth_first_search1-gridsearch-11-normal-11111-iteration-113050",
    "n_head": 4,
    "early_stopping": false,
    "compute_budget": 10000000000000,
    "seed": 26134,
    "grad_clip": 1
  },
  "summary": {
    "_runtime": 585.244377374649,
    "_step": 242,
    "_timestamp": 1735465702.2580314,
    "_wandb.runtime": 583,
    "epoch": 1,
    "lr-AdamW": 0.00013001496390067647,
    "test_acc_result": 0.017999999225139618,
    "total_compute": 19397804556288,
    "train_loss_epoch": 1.0663604736328125,
    "train_loss_step": 0.6208481192588806,
    "trainer/global_step": 446,
    "val_loss": 0.5868343710899353
  }
}