{
  "config": {
    "early_stopping": false,
    "validation_ratio": 0.005,
    "task": "graph_depth_first_search",
    "test_dataset_filepath": "./datasets/graph_depth_first_search/1/11/normal/11111/100/True/True/1/512/4/4/17051/2051/test_dataset",
    "compute_budget": 10000000000000,
    "task_length": 11,
    "threshold_testing": false,
    "method": "normal",
    "test_batch_size": 64,
    "n_embd": 512,
    "batch_size": 8,
    "bias": false,
    "grad_clip": 1,
    "run_id": "3f9cd7c5-5b56-4870-8e11-8846e02f8ba1",
    "betas": [
      0.9,
      0.95
    ],
    "n_layer": 4,
    "log_gradients": false,
    "loss_threshold": 0.0017157108429701616,
    "dropout": 0,
    "val_dataset_filepath": "./datasets/graph_depth_first_search/1/11/normal/11111/100/True/True/1/512/4/4/17051/2051/val_dataset",
    "train_dataset_filepath": "./datasets/graph_depth_first_search/1/11/normal/11111/100/True/True/1/512/4/4/17051/2051/train_dataset",
    "weight_decay": 0.1,
    "lr": 0.01,
    "max_steps": 236,
    "seed": 2051,
    "warmup_ratio": 0.1,
    "precision": "32",
    "mask_idx": 23,
    "project_name": "binary-graph_depth_first_search1-gridsearch-11-normal-11111-iteration-113050",
    "n_head": 4
  },
  "summary": {
    "_runtime": 310.06354808807373,
    "_step": 247,
    "_timestamp": 1735464134.998338,
    "_wandb.runtime": 309,
    "epoch": 1,
    "lr-AdamW": 0.0016536140937983479,
    "test_acc_result": 0,
    "total_compute": 18031583428608,
    "train_loss_epoch": 2.196051836013794,
    "train_loss_step": 2.0264456272125244,
    "trainer/global_step": 236,
    "val_loss": 2.019045352935791
  }
}