{
  "config": {
    "mask_idx": 23,
    "max_steps": 1616,
    "betas": [
      0.9,
      0.95
    ],
    "lr": 0.0001,
    "test_batch_size": 64,
    "project_name": "binary-graph_depth_first_search1-gridsearch-11-normal-11111-iteration-113050",
    "weight_decay": 0.1,
    "compute_budget": 10000000000000,
    "method": "normal",
    "run_id": "df982ffe-20af-48ad-a607-fd94a94a1bd7",
    "n_embd": 32,
    "val_dataset_filepath": "./datasets/graph_depth_first_search/1/11/normal/11111/1/True/True/1/32/16/4/7147/32134/val_dataset",
    "train_dataset_filepath": "./datasets/graph_depth_first_search/1/11/normal/11111/1/True/True/1/32/16/4/7147/32134/train_dataset",
    "batch_size": 64,
    "log_gradients": false,
    "dropout": 0,
    "threshold_testing": false,
    "bias": false,
    "seed": 32134,
    "grad_clip": 1,
    "loss_threshold": 0.0017157108429701616,
    "n_head": 4,
    "precision": "32",
    "n_layer": 16,
    "warmup_ratio": 0.1,
    "validation_ratio": 0.005,
    "early_stopping": false,
    "test_dataset_filepath": "./datasets/graph_depth_first_search/1/11/normal/11111/1/True/True/1/32/16/4/7147/32134/test_dataset",
    "task": "graph_depth_first_search",
    "task_length": 11
  },
  "summary": {
    "_runtime": 1893.3266859054565,
    "_step": 269,
    "_timestamp": 1735459586.774987,
    "_wandb.runtime": 1892,
    "epoch": 1,
    "lr-AdamW": 1.003031135548069e-05,
    "test_acc_result": 0,
    "total_compute": 20013725515776,
    "train_loss_epoch": 1.8341933488845825,
    "train_loss_step": 1.3518986701965332,
    "trainer/global_step": 1616,
    "val_loss": 1.3148196935653687
  }
}