{
  "config": {
    "precision": "32",
    "n_head": 4,
    "warmup_ratio": 0.1,
    "test_dataset_filepath": "./datasets/graph_depth_first_search/1/11/normal/11111/10/True/True/1/512/16/4/29696/34406/test_dataset",
    "val_dataset_filepath": "./datasets/graph_depth_first_search/1/11/normal/11111/10/True/True/1/512/16/4/29696/34406/val_dataset",
    "compute_budget": 10000000000000,
    "mask_idx": 23,
    "test_batch_size": 64,
    "project_name": "binary-graph_depth_first_search1-gridsearch-11-normal-11111-iteration-113050",
    "max_steps": 8,
    "task": "graph_depth_first_search",
    "train_dataset_filepath": "./datasets/graph_depth_first_search/1/11/normal/11111/10/True/True/1/512/16/4/29696/34406/train_dataset",
    "seed": 34406,
    "betas": [
      0.9,
      0.95
    ],
    "bias": false,
    "run_id": "70bfaa77-9a11-4637-8782-75c8c05798c9",
    "task_length": 11,
    "validation_ratio": 0.005,
    "lr": 0.001,
    "early_stopping": false,
    "n_embd": 512,
    "log_gradients": false,
    "threshold_testing": false,
    "loss_threshold": 0.0017157108429701616,
    "n_layer": 16,
    "batch_size": 64,
    "dropout": 0,
    "method": "normal",
    "weight_decay": 0.1,
    "grad_clip": 1
  },
  "summary": {
    "_runtime": 299.75393438339233,
    "_step": 11,
    "_timestamp": 1735464467.2742174,
    "_wandb.runtime": 299,
    "epoch": 1,
    "test_acc_result": 0,
    "total_compute": 19559683719168,
    "train_loss_epoch": 2.9610390663146973,
    "trainer/global_step": 8,
    "val_loss": 2.438624382019043
  }
}