{
  "config": {
    "bias": false,
    "precision": "32",
    "lr": 0.01,
    "method": "normal",
    "seed": 9702,
    "task_length": 11,
    "warmup_ratio": 0.1,
    "weight_decay": 0.1,
    "mask_idx": 23,
    "log_gradients": false,
    "grad_clip": 1,
    "task": "graph_depth_first_search",
    "val_dataset_filepath": "./datasets/graph_depth_first_search/1/11/normal/11111/100/True/True/1/16/16/4/13908/9702/val_dataset",
    "project_name": "binary-graph_depth_first_search1-gridsearch-11-normal-11111-iteration-113050",
    "n_layer": 16,
    "n_embd": 16,
    "test_batch_size": 64,
    "validation_ratio": 0.005,
    "threshold_testing": false,
    "test_dataset_filepath": "./datasets/graph_depth_first_search/1/11/normal/11111/100/True/True/1/16/16/4/13908/9702/test_dataset",
    "dropout": 0,
    "run_id": "1ce0b874-80d8-4877-88da-8769b4fba019",
    "early_stopping": false,
    "train_dataset_filepath": "./datasets/graph_depth_first_search/1/11/normal/11111/100/True/True/1/16/16/4/13908/9702/train_dataset",
    "n_head": 4,
    "loss_threshold": 0.0017157108429701616,
    "betas": [
      0.9,
      0.95
    ],
    "compute_budget": 10000000000000,
    "batch_size": 8,
    "max_steps": 46030
  },
  "summary": {
    "_runtime": 3574.534920692444,
    "_step": 2043,
    "_timestamp": 1735467224.7058916,
    "_wandb.runtime": 3573,
    "epoch": 1,
    "lr-AdamW": 0.0010000124347907795,
    "test_acc_result": 0.5009999871253967,
    "total_compute": 22163122421760,
    "train_loss_epoch": 0.3792959749698639,
    "train_loss_step": 0.08499046415090561,
    "trainer/global_step": 46030,
    "val_loss": 0.1379372626543045
  }
}