{
  "config": {
    "warmup_ratio": 0.1,
    "lr": 0.001,
    "run_id": "8f4d98dc-64cc-4e70-add7-d78ae2d5be9b",
    "n_embd": 32,
    "betas": [
      0.9,
      0.95
    ],
    "validation_ratio": 0.005,
    "compute_budget": 10000000000000,
    "threshold_testing": false,
    "weight_decay": 0.1,
    "task": "graph_depth_first_search",
    "dropout": 0,
    "loss_threshold": 0.0017157108429701616,
    "method": "normal",
    "test_dataset_filepath": "./datasets/graph_depth_first_search/1/11/normal/11111/10/True/True/1/32/4/4/19639/37517/test_dataset",
    "batch_size": 8,
    "max_steps": 51869,
    "val_dataset_filepath": "./datasets/graph_depth_first_search/1/11/normal/11111/10/True/True/1/32/4/4/19639/37517/val_dataset",
    "train_dataset_filepath": "./datasets/graph_depth_first_search/1/11/normal/11111/10/True/True/1/32/4/4/19639/37517/train_dataset",
    "log_gradients": false,
    "precision": "32",
    "n_head": 4,
    "mask_idx": 23,
    "seed": 37517,
    "project_name": "binary-graph_depth_first_search1-gridsearch-11-normal-11111-iteration-113050",
    "bias": false,
    "grad_clip": 1,
    "test_batch_size": 64,
    "task_length": 11,
    "n_layer": 4,
    "early_stopping": false
  },
  "summary": {
    "_runtime": 1765.2372579574585,
    "_step": 2277,
    "_timestamp": 1735465402.61408,
    "_wandb.runtime": 1764,
    "epoch": 1,
    "lr-AdamW": 0.00010000040759108314,
    "test_acc_result": 0.8059999942779541,
    "total_compute": 20074488102912,
    "train_loss_epoch": 0.23068389296531677,
    "train_loss_step": 0.012668215669691563,
    "trainer/global_step": 51869,
    "val_loss": 0.04443489760160446
  }
}