{
  "config": {
    "task_length": 11,
    "train_dataset_filepath": "./datasets/graph_depth_first_search/1/11/normal/11111/1000/True/True/1/32/4/4/23357/2663/train_dataset",
    "bias": false,
    "precision": "32",
    "val_dataset_filepath": "./datasets/graph_depth_first_search/1/11/normal/11111/1000/True/True/1/32/4/4/23357/2663/val_dataset",
    "n_layer": 4,
    "max_steps": 51494,
    "loss_threshold": 0.0017157108429701616,
    "early_stopping": false,
    "compute_budget": 10000000000000,
    "method": "normal",
    "batch_size": 8,
    "test_dataset_filepath": "./datasets/graph_depth_first_search/1/11/normal/11111/1000/True/True/1/32/4/4/23357/2663/test_dataset",
    "task": "graph_depth_first_search",
    "n_embd": 32,
    "log_gradients": false,
    "test_batch_size": 64,
    "grad_clip": 1,
    "mask_idx": 23,
    "warmup_ratio": 0.1,
    "project_name": "binary-graph_depth_first_search1-gridsearch-11-normal-11111-iteration-113050",
    "validation_ratio": 0.005,
    "seed": 2663,
    "threshold_testing": false,
    "lr": 0.1,
    "betas": [
      0.9,
      0.95
    ],
    "dropout": 0,
    "n_head": 4,
    "run_id": "acac8487-2f7c-4c3b-bc84-c85b3d555427",
    "weight_decay": 0.1
  },
  "summary": {
    "_runtime": 1723.639818906784,
    "_step": 2261,
    "_timestamp": 1735466224.3462498,
    "_wandb.runtime": 1723,
    "epoch": 1,
    "lr-AdamW": 0.010000209363601893,
    "test_acc_result": 0.2590000033378601,
    "total_compute": 19929354534912,
    "train_loss_epoch": 0.8577710390090942,
    "train_loss_step": 0.2540067434310913,
    "trainer/global_step": 51494,
    "val_loss": 0.2551538944244385
  }
}