{
  "config": {
    "weight_decay": 0.1,
    "grad_clip": 1,
    "max_steps": 6452,
    "project_name": "binary-graph_depth_first_search1-gridsearch-11-normal-11111-iteration-113050",
    "warmup_ratio": 0.1,
    "early_stopping": false,
    "val_dataset_filepath": "./datasets/graph_depth_first_search/1/11/normal/11111/1000/True/True/1/32/4/4/466/37101/val_dataset",
    "seed": 37101,
    "test_dataset_filepath": "./datasets/graph_depth_first_search/1/11/normal/11111/1000/True/True/1/32/4/4/466/37101/test_dataset",
    "n_embd": 32,
    "task": "graph_depth_first_search",
    "loss_threshold": 0.0017157108429701616,
    "validation_ratio": 0.005,
    "task_length": 11,
    "test_batch_size": 64,
    "train_dataset_filepath": "./datasets/graph_depth_first_search/1/11/normal/11111/1000/True/True/1/32/4/4/466/37101/train_dataset",
    "n_head": 4,
    "batch_size": 64,
    "method": "normal",
    "bias": false,
    "compute_budget": 10000000000000,
    "mask_idx": 23,
    "precision": "32",
    "betas": [
      0.9,
      0.95
    ],
    "n_layer": 4,
    "run_id": "33349369-4585-4426-b83c-49784128921b",
    "lr": 0.1,
    "log_gradients": false,
    "dropout": 0,
    "threshold_testing": false
  },
  "summary": {
    "_runtime": 362.76624941825867,
    "_step": 462,
    "_timestamp": 1735468778.6890235,
    "_wandb.runtime": 362,
    "epoch": 1,
    "lr-AdamW": 0.010000059268102808,
    "test_acc_result": 0.7549999952316284,
    "total_compute": 19976571322368,
    "train_loss_epoch": 0.34005311131477356,
    "train_loss_step": 0.05434539541602135,
    "trainer/global_step": 6452,
    "val_loss": 0.06882798671722412
  }
}