{
  "config": {
    "mask_idx": 23,
    "n_embd": 32,
    "n_head": 4,
    "loss_threshold": 0.0017157108429701616,
    "max_steps": 12921,
    "betas": [
      0.9,
      0.95
    ],
    "method": "normal",
    "grad_clip": 1,
    "test_batch_size": 64,
    "project_name": "binary-graph_depth_first_search1-gridsearch-11-normal-11111-iteration-113050",
    "run_id": "c0594acc-5c2a-4b63-bb84-0103195a8c70",
    "log_gradients": false,
    "threshold_testing": false,
    "batch_size": 8,
    "n_layer": 16,
    "task": "graph_depth_first_search",
    "task_length": 11,
    "val_dataset_filepath": "./datasets/graph_depth_first_search/1/11/normal/11111/10/True/True/1/32/16/4/10692/13073/val_dataset",
    "weight_decay": 0.1,
    "bias": false,
    "train_dataset_filepath": "./datasets/graph_depth_first_search/1/11/normal/11111/10/True/True/1/32/16/4/10692/13073/train_dataset",
    "lr": 0.001,
    "seed": 13073,
    "compute_budget": 10000000000000,
    "validation_ratio": 0.005,
    "dropout": 0,
    "precision": "32",
    "test_dataset_filepath": "./datasets/graph_depth_first_search/1/11/normal/11111/10/True/True/1/32/16/4/10692/13073/test_dataset",
    "warmup_ratio": 0.1,
    "early_stopping": false
  },
  "summary": {
    "_runtime": 1201.7996301651,
    "_step": 720,
    "_timestamp": 1735467928.8837242,
    "_wandb.runtime": 1201,
    "epoch": 1,
    "lr-AdamW": 0.00010000794770256537,
    "test_acc_result": 0.777999997138977,
    "total_compute": 20002888876032,
    "train_loss_epoch": 0.3810993731021881,
    "train_loss_step": 0.011508232913911343,
    "trainer/global_step": 12921,
    "val_loss": 0.05071185156702995
  }
}