{
  "config": {
    "task": "graph_depth_first_search",
    "dropout": 0,
    "weight_decay": 0.1,
    "precision": "32",
    "train_dataset_filepath": "./datasets/graph_depth_first_search/1/11/normal/11111/100/True/True/1/128/4/4/4257/28752/train_dataset",
    "n_embd": 128,
    "max_steps": 3697,
    "threshold_testing": false,
    "warmup_ratio": 0.1,
    "seed": 28752,
    "n_layer": 4,
    "run_id": "1d94c16e-43d1-4c46-acb7-5c85beaaeb32",
    "grad_clip": 1,
    "betas": [
      0.9,
      0.95
    ],
    "n_head": 4,
    "validation_ratio": 0.005,
    "test_batch_size": 64,
    "compute_budget": 10000000000000,
    "task_length": 11,
    "lr": 0.01,
    "early_stopping": false,
    "batch_size": 8,
    "test_dataset_filepath": "./datasets/graph_depth_first_search/1/11/normal/11111/100/True/True/1/128/4/4/4257/28752/test_dataset",
    "project_name": "binary-graph_depth_first_search1-gridsearch-11-normal-11111-iteration-113050",
    "method": "normal",
    "log_gradients": false,
    "mask_idx": 23,
    "loss_threshold": 0.0017157108429701616,
    "bias": false,
    "val_dataset_filepath": "./datasets/graph_depth_first_search/1/11/normal/11111/100/True/True/1/128/4/4/4257/28752/val_dataset"
  },
  "summary": {
    "_runtime": 566.4375603199005,
    "_step": 354,
    "_timestamp": 1735463599.4866862,
    "_wandb.runtime": 565,
    "epoch": 1,
    "lr-AdamW": 0.0010046187429904184,
    "test_acc_result": 0.04899999871850014,
    "total_compute": 18702102036480,
    "train_loss_epoch": 0.9058989882469177,
    "train_loss_step": 0.46436119079589844,
    "trainer/global_step": 3697,
    "val_loss": 0.512599766254425
  }
}