{
  "config": {
    "weight_decay": 0.1,
    "train_dataset_filepath": "./datasets/graph_depth_first_search/1/11/normal/11111/1000/True/True/1/16/16/4/32354/14379/train_dataset",
    "run_id": "baa769ae-5635-4cf3-bdc8-0c4551a0e988",
    "max_steps": 5696,
    "test_dataset_filepath": "./datasets/graph_depth_first_search/1/11/normal/11111/1000/True/True/1/16/16/4/32354/14379/test_dataset",
    "bias": false,
    "seed": 14379,
    "betas": [
      0.9,
      0.95
    ],
    "grad_clip": 1,
    "log_gradients": false,
    "method": "normal",
    "threshold_testing": false,
    "lr": 0.1,
    "validation_ratio": 0.005,
    "warmup_ratio": 0.1,
    "mask_idx": 23,
    "early_stopping": false,
    "test_batch_size": 64,
    "n_head": 4,
    "compute_budget": 10000000000000,
    "n_embd": 16,
    "loss_threshold": 0.0017157108429701616,
    "dropout": 0,
    "n_layer": 16,
    "project_name": "binary-graph_depth_first_search1-gridsearch-11-normal-11111-iteration-113050",
    "val_dataset_filepath": "./datasets/graph_depth_first_search/1/11/normal/11111/1000/True/True/1/16/16/4/32354/14379/val_dataset",
    "task_length": 11,
    "batch_size": 64,
    "task": "graph_depth_first_search",
    "precision": "32"
  },
  "summary": {
    "_runtime": 869.7365152835846,
    "_step": 432,
    "_timestamp": 1735467008.7584543,
    "_wandb.runtime": 869,
    "epoch": 1,
    "lr-AdamW": 0.010018660416242393,
    "test_acc_result": 0.47099998593330383,
    "total_compute": 21940672659456,
    "train_loss_epoch": 0.5489246249198914,
    "train_loss_step": 0.13494615256786346,
    "trainer/global_step": 5696,
    "val_loss": 0.15906865894794464
  }
}