{
  "config": {
    "batch_size": 8,
    "betas": [
      0.9,
      0.95
    ],
    "validation_ratio": 0.005,
    "n_layer": 16,
    "weight_decay": 0.1,
    "precision": "32",
    "log_gradients": false,
    "grad_clip": 1,
    "n_head": 4,
    "project_name": "binary-graph_depth_first_search1-gridsearch-11-normal-11111-iteration-113050",
    "threshold_testing": false,
    "train_dataset_filepath": "./datasets/graph_depth_first_search/1/11/normal/11111/1000/True/True/1/128/16/4/16099/16763/train_dataset",
    "mask_idx": 23,
    "n_embd": 128,
    "test_dataset_filepath": "./datasets/graph_depth_first_search/1/11/normal/11111/1000/True/True/1/128/16/4/16099/16763/test_dataset",
    "dropout": 0,
    "lr": 0.1,
    "early_stopping": false,
    "test_batch_size": 64,
    "compute_budget": 10000000000000,
    "method": "normal",
    "run_id": "6b894a1c-6fb9-4cd0-9e02-80c227308dd9",
    "max_steps": 920,
    "task_length": 11,
    "loss_threshold": 0.0017157108429701616,
    "val_dataset_filepath": "./datasets/graph_depth_first_search/1/11/normal/11111/1000/True/True/1/128/16/4/16099/16763/val_dataset",
    "seed": 16763,
    "warmup_ratio": 0.1,
    "task": "graph_depth_first_search",
    "bias": false
  },
  "summary": {
    "_runtime": 1914.0299203395844,
    "_step": 269,
    "_timestamp": 1735457598.1568384,
    "_wandb.runtime": 1913,
    "epoch": 1,
    "lr-AdamW": 0.010142767844923682,
    "test_acc_result": 0,
    "total_compute": 18616103731200,
    "train_loss_epoch": 2.304719924926758,
    "train_loss_step": 2.0698437690734863,
    "trainer/global_step": 920,
    "val_loss": 1.8836551904678345
  }
}