{
  "config": {
    "method": "normal",
    "n_layer": 4,
    "task": "graph_depth_first_search",
    "early_stopping": false,
    "test_batch_size": 64,
    "loss_threshold": 0.0017157108429701616,
    "test_dataset_filepath": "./datasets/graph_depth_first_search/1/11/normal/11111/10/True/True/1/512/4/4/18999/15820/test_dataset",
    "task_length": 11,
    "bias": false,
    "dropout": 0,
    "n_embd": 512,
    "mask_idx": 23,
    "compute_budget": 10000000000000,
    "run_id": "8255a9b3-dc11-4045-8c33-7699afeed65c",
    "batch_size": 8,
    "lr": 0.001,
    "warmup_ratio": 0.1,
    "val_dataset_filepath": "./datasets/graph_depth_first_search/1/11/normal/11111/10/True/True/1/512/4/4/18999/15820/val_dataset",
    "log_gradients": false,
    "seed": 15820,
    "threshold_testing": false,
    "precision": "32",
    "project_name": "binary-graph_depth_first_search1-gridsearch-11-normal-11111-iteration-113050",
    "weight_decay": 0.1,
    "betas": [
      0.9,
      0.95
    ],
    "max_steps": 240,
    "n_head": 4,
    "grad_clip": 1,
    "validation_ratio": 0.005,
    "train_dataset_filepath": "./datasets/graph_depth_first_search/1/11/normal/11111/10/True/True/1/512/4/4/18999/15820/train_dataset"
  },
  "summary": {
    "_runtime": 235.95970273017883,
    "_step": 251,
    "_timestamp": 1735467697.8726966,
    "_wandb.runtime": 235,
    "epoch": 1,
    "lr-AdamW": 0.00017766665148632034,
    "test_acc_result": 0.0010000000474974513,
    "total_compute": 18337203486720,
    "train_loss_epoch": 1.3822823762893677,
    "train_loss_step": 1.096988558769226,
    "trainer/global_step": 240,
    "val_loss": 1.0613670349121094
  }
}