{
  "config": {
    "n_embd": 8,
    "mask_idx": 23,
    "early_stopping": false,
    "test_dataset_filepath": "./datasets/graph_depth_first_search/1/11/normal/11111/100/True/True/1/8/4/4/34239/3229/test_dataset",
    "grad_clip": 1,
    "batch_size": 64,
    "compute_budget": 10000000000000,
    "test_batch_size": 64,
    "loss_threshold": 0.0017157108429701616,
    "betas": [
      0.9,
      0.95
    ],
    "val_dataset_filepath": "./datasets/graph_depth_first_search/1/11/normal/11111/100/True/True/1/8/4/4/34239/3229/val_dataset",
    "task": "graph_depth_first_search",
    "warmup_ratio": 0.1,
    "task_length": 11,
    "bias": false,
    "validation_ratio": 0.005,
    "lr": 0.01,
    "n_layer": 4,
    "seed": 3229,
    "weight_decay": 0.1,
    "method": "normal",
    "run_id": "aff5438c-fff8-4391-87b5-ab7bd58e592d",
    "threshold_testing": false,
    "precision": "32",
    "max_steps": 71366,
    "n_head": 4,
    "train_dataset_filepath": "./datasets/graph_depth_first_search/1/11/normal/11111/100/True/True/1/8/4/4/34239/3229/train_dataset",
    "log_gradients": false,
    "project_name": "binary-graph_depth_first_search1-gridsearch-11-normal-11111-iteration-113050",
    "dropout": 0
  },
  "summary": {
    "_runtime": 3137.3519020080566,
    "_step": 3057,
    "_timestamp": 1735472820.853154,
    "_wandb.runtime": 3136,
    "epoch": 1,
    "lr-AdamW": 0.0010000015556225759,
    "test_acc_result": 0.004000000189989805,
    "total_compute": 23923070730240,
    "train_loss_epoch": 0.9637228846549988,
    "train_loss_step": 0.7767654061317444,
    "trainer/global_step": 71366,
    "val_loss": 0.8279656171798706
  }
}