{
  "config": {
    "method": "normal",
    "threshold_testing": false,
    "n_head": 4,
    "weight_decay": 0.1,
    "grad_clip": 1,
    "batch_size": 64,
    "mask_idx": 23,
    "project_name": "binary-graph_depth_first_search1-gridsearch-11-normal-11111-iteration-113050",
    "log_gradients": false,
    "betas": [
      0.9,
      0.95
    ],
    "task": "graph_depth_first_search",
    "validation_ratio": 0.005,
    "n_layer": 4,
    "precision": "32",
    "dropout": 0,
    "run_id": "6a55e755-78f5-46ba-a58e-d7efaa89903b",
    "test_dataset_filepath": "./datasets/graph_depth_first_search/1/11/normal/11111/1/True/True/1/128/4/4/27952/24244/test_dataset",
    "early_stopping": false,
    "n_embd": 128,
    "val_dataset_filepath": "./datasets/graph_depth_first_search/1/11/normal/11111/1/True/True/1/128/4/4/27952/24244/val_dataset",
    "test_batch_size": 64,
    "warmup_ratio": 0.1,
    "loss_threshold": 0.0017157108429701616,
    "task_length": 11,
    "bias": false,
    "train_dataset_filepath": "./datasets/graph_depth_first_search/1/11/normal/11111/1/True/True/1/128/4/4/27952/24244/train_dataset",
    "lr": 0.0001,
    "seed": 24244,
    "max_steps": 449,
    "compute_budget": 10000000000000
  },
  "summary": {
    "_runtime": 744.3895523548126,
    "_step": 243,
    "_timestamp": 1735463107.0690093,
    "_wandb.runtime": 743,
    "epoch": 1,
    "lr-AdamW": 1.3342421382899936e-05,
    "test_acc_result": 0.0010000000474974513,
    "total_compute": 18170936033280,
    "train_loss_epoch": 1.913156270980835,
    "train_loss_step": 1.4307664632797241,
    "trainer/global_step": 449,
    "val_loss": 1.4079501628875732
  }
}