{
  "config": {
    "seed": 17285,
    "test_dataset_filepath": "./datasets/graph_depth_first_search/1/11/normal/11111/10/True/True/1/32/4/4/38464/17285/test_dataset",
    "run_id": "596f00eb-40c5-424e-8500-12fcc8ffd00f",
    "threshold_testing": false,
    "val_dataset_filepath": "./datasets/graph_depth_first_search/1/11/normal/11111/10/True/True/1/32/4/4/38464/17285/val_dataset",
    "bias": false,
    "log_gradients": false,
    "batch_size": 64,
    "method": "normal",
    "validation_ratio": 0.005,
    "project_name": "binary-graph_depth_first_search1-gridsearch-11-normal-11111-iteration-113050",
    "grad_clip": 1,
    "loss_threshold": 0.0017157108429701616,
    "lr": 0.001,
    "betas": [
      0.9,
      0.95
    ],
    "n_layer": 4,
    "precision": "32",
    "early_stopping": false,
    "task": "graph_depth_first_search",
    "task_length": 11,
    "weight_decay": 0.1,
    "n_head": 4,
    "mask_idx": 23,
    "max_steps": 6528,
    "warmup_ratio": 0.1,
    "test_batch_size": 64,
    "compute_budget": 10000000000000,
    "train_dataset_filepath": "./datasets/graph_depth_first_search/1/11/normal/11111/10/True/True/1/32/4/4/38464/17285/train_dataset",
    "dropout": 0,
    "n_embd": 32
  },
  "summary": {
    "_runtime": 1917.6490678787231,
    "_step": 467,
    "_timestamp": 1735458371.2385018,
    "_wandb.runtime": 1917,
    "epoch": 1,
    "lr-AdamW": 0.00010005408863041091,
    "test_acc_result": 0.35899999737739563,
    "total_compute": 20211881213952,
    "train_loss_epoch": 0.5505075454711914,
    "train_loss_step": 0.1899104118347168,
    "trainer/global_step": 6528,
    "val_loss": 0.182389035820961
  }
}