{
  "config": {
    "project_name": "binary-graph_depth_first_search1-gridsearch-11-normal-11111-iteration-113020",
    "train_dataset_filepath": "./datasets/graph_depth_first_search/1/11/normal/11111/1/True/True/1/256/16/4/29482/13674/train_dataset",
    "loss_threshold": 0.0017157108429701616,
    "mask_idx": 23,
    "lr": 0.0001,
    "early_stopping": false,
    "batch_size": 64,
    "bias": false,
    "betas": [
      0.9,
      0.95
    ],
    "grad_clip": 1,
    "threshold_testing": false,
    "test_dataset_filepath": "./datasets/graph_depth_first_search/1/11/normal/11111/1/True/True/1/256/16/4/29482/13674/test_dataset",
    "dropout": 0,
    "validation_ratio": 0.005,
    "weight_decay": 0.1,
    "task_length": 11,
    "log_gradients": false,
    "seed": 13674,
    "precision": "32",
    "task": "graph_depth_first_search",
    "warmup_ratio": 0.1,
    "method": "normal",
    "val_dataset_filepath": "./datasets/graph_depth_first_search/1/11/normal/11111/1/True/True/1/256/16/4/29482/13674/val_dataset",
    "n_layer": 16,
    "n_head": 4,
    "compute_budget": 10000000000,
    "n_embd": 256,
    "max_steps": 1,
    "run_id": "79e70a50-a0bd-4164-9c8c-11eba3a6c7e9",
    "test_batch_size": 64
  },
  "summary": {
    "_runtime": 494.56859970092773,
    "_step": 4,
    "_timestamp": 1735475310.7814567,
    "_wandb.runtime": 494,
    "epoch": 1,
    "test_acc_result": 0,
    "total_compute": 623332294656,
    "train_loss_epoch": 3.279486656188965,
    "trainer/global_step": 1,
    "val_loss": 2.8623955249786377
  }
}