{
  "config": {
    "grad_clip": 1,
    "lr": 0.01,
    "train_dataset_filepath": "./datasets/graph_depth_first_search/1/11/normal/11111/100/True/True/1/128/16/4/17184/346/train_dataset",
    "n_head": 4,
    "seed": 346,
    "early_stopping": false,
    "threshold_testing": false,
    "loss_threshold": 0.0017157108429701616,
    "betas": [
      0.9,
      0.95
    ],
    "log_gradients": false,
    "n_layer": 16,
    "batch_size": 64,
    "run_id": "2a7aa22a-e723-4c75-83ca-2215db859cb7",
    "weight_decay": 0.1,
    "precision": "32",
    "max_steps": 1,
    "warmup_ratio": 0.1,
    "test_batch_size": 64,
    "project_name": "binary-graph_depth_first_search1-gridsearch-11-normal-11111-iteration-113020",
    "test_dataset_filepath": "./datasets/graph_depth_first_search/1/11/normal/11111/100/True/True/1/128/16/4/17184/346/test_dataset",
    "dropout": 0,
    "task_length": 11,
    "val_dataset_filepath": "./datasets/graph_depth_first_search/1/11/normal/11111/100/True/True/1/128/16/4/17184/346/val_dataset",
    "mask_idx": 23,
    "compute_budget": 10000000000,
    "bias": false,
    "method": "normal",
    "validation_ratio": 0.005,
    "task": "graph_depth_first_search",
    "n_embd": 128
  },
  "summary": {
    "_runtime": 403.48900413513184,
    "_step": 4,
    "_timestamp": 1735474403.662347,
    "_wandb.runtime": 402,
    "epoch": 1,
    "test_acc_result": 0,
    "total_compute": 161879162880,
    "train_loss_epoch": 3.6729655265808105,
    "trainer/global_step": 1,
    "val_loss": 2.6814370155334473
  }
}