{
  "config": {
    "task_length": 11,
    "val_dataset_filepath": "./datasets/graph_depth_first_search/1/11/normal/11111/10/True/True/1/16/4/4/24018/9488/val_dataset",
    "compute_budget": 10000000000,
    "precision": "32",
    "task": "graph_depth_first_search",
    "project_name": "binary-graph_depth_first_search1-gridsearch-11-normal-11111-iteration-113020",
    "grad_clip": 1,
    "train_dataset_filepath": "./datasets/graph_depth_first_search/1/11/normal/11111/10/True/True/1/16/4/4/24018/9488/train_dataset",
    "dropout": 0,
    "log_gradients": false,
    "mask_idx": 23,
    "n_embd": 16,
    "early_stopping": false,
    "validation_ratio": 0.005,
    "test_dataset_filepath": "./datasets/graph_depth_first_search/1/11/normal/11111/10/True/True/1/16/4/4/24018/9488/test_dataset",
    "method": "normal",
    "loss_threshold": 0.0017157108429701616,
    "n_layer": 4,
    "warmup_ratio": 0.1,
    "batch_size": 64,
    "threshold_testing": false,
    "lr": 0.001,
    "bias": false,
    "betas": [
      0.9,
      0.95
    ],
    "run_id": "7c9a2976-ae4f-4689-b053-b9ab3763bbd2",
    "weight_decay": 0.1,
    "seed": 9488,
    "n_head": 4,
    "test_batch_size": 64,
    "max_steps": 23
  },
  "summary": {
    "_runtime": 202.36692833900452,
    "_step": 26,
    "_timestamp": 1735475113.9822392,
    "_wandb.runtime": 201,
    "epoch": 1,
    "test_acc_result": 0,
    "total_compute": 22148677632,
    "train_loss_epoch": 3.3923473358154297,
    "trainer/global_step": 23,
    "val_loss": 3.2758853435516357
  }
}