{
  "config": {
    "train_dataset_filepath": "./datasets/graph_depth_first_search/1/11/normal/11111/100/True/True/1/256/4/4/39520/1167/train_dataset",
    "dropout": 0,
    "lr": 0.01,
    "warmup_ratio": 0.1,
    "seed": 1167,
    "task": "graph_depth_first_search",
    "betas": [
      0.9,
      0.95
    ],
    "mask_idx": 23,
    "early_stopping": false,
    "validation_ratio": 0.005,
    "test_dataset_filepath": "./datasets/graph_depth_first_search/1/11/normal/11111/100/True/True/1/256/4/4/39520/1167/test_dataset",
    "log_gradients": false,
    "run_id": "3b387ddc-9527-4805-ac99-b9116eacf1d0",
    "n_layer": 4,
    "batch_size": 8,
    "threshold_testing": false,
    "compute_budget": 10000000000,
    "weight_decay": 0.1,
    "task_length": 11,
    "precision": "32",
    "method": "normal",
    "grad_clip": 1,
    "loss_threshold": 0.0017157108429701616,
    "project_name": "binary-graph_depth_first_search1-gridsearch-11-normal-11111-iteration-113020",
    "val_dataset_filepath": "./datasets/graph_depth_first_search/1/11/normal/11111/100/True/True/1/256/4/4/39520/1167/val_dataset",
    "n_embd": 256,
    "test_batch_size": 64,
    "bias": false,
    "n_head": 4,
    "max_steps": 1
  },
  "summary": {
    "_runtime": 113.11261248588562,
    "_step": 4,
    "_timestamp": 1735475400.5773566,
    "_wandb.runtime": 112,
    "epoch": 1,
    "test_acc_result": 0,
    "total_compute": 19479134208,
    "train_loss_epoch": 3.395866632461548,
    "trainer/global_step": 1,
    "val_loss": 3.0300185680389404
  }
}