{
  "config": {
    "run_id": "ea9633dc-6fbe-4088-8311-be0a91b4297a",
    "log_gradients": false,
    "threshold_testing": false,
    "bias": false,
    "val_dataset_filepath": "./datasets/graph_depth_first_search/1/11/normal/11111/10/True/True/1/64/16/4/26456/9439/val_dataset",
    "test_batch_size": 64,
    "precision": "32",
    "early_stopping": false,
    "batch_size": 8,
    "test_dataset_filepath": "./datasets/graph_depth_first_search/1/11/normal/11111/10/True/True/1/64/16/4/26456/9439/test_dataset",
    "n_embd": 64,
    "weight_decay": 0.1,
    "loss_threshold": 0.0017157108429701616,
    "warmup_ratio": 0.1,
    "max_steps": 4,
    "mask_idx": 23,
    "n_head": 4,
    "task_length": 11,
    "dropout": 0,
    "method": "normal",
    "task": "graph_depth_first_search",
    "compute_budget": 10000000000,
    "validation_ratio": 0.005,
    "lr": 0.001,
    "grad_clip": 1,
    "seed": 9439,
    "project_name": "binary-graph_depth_first_search1-gridsearch-11-normal-11111-iteration-113020",
    "train_dataset_filepath": "./datasets/graph_depth_first_search/1/11/normal/11111/10/True/True/1/64/16/4/26456/9439/train_dataset",
    "betas": [
      0.9,
      0.95
    ],
    "n_layer": 16
  },
  "summary": {
    "_runtime": 428.870557308197,
    "_step": 7,
    "_timestamp": 1735477106.1442442,
    "_wandb.runtime": 428,
    "epoch": 1,
    "test_acc_result": 0,
    "total_compute": 21746417664,
    "train_loss_epoch": 2.9981634616851807,
    "trainer/global_step": 4,
    "val_loss": 2.705256700515747
  }
}