{
  "config": {
    "mask_idx": 23,
    "task": "graph_depth_first_search",
    "log_gradients": false,
    "max_steps": 13,
    "run_id": "3ac870d1-e3b9-4fd9-9252-7affbb743d3c",
    "method": "normal",
    "warmup_ratio": 0.1,
    "lr": 0.0001,
    "n_layer": 16,
    "threshold_testing": false,
    "seed": 27339,
    "n_head": 4,
    "bias": false,
    "compute_budget": 10000000000,
    "validation_ratio": 0.005,
    "project_name": "binary-graph_depth_first_search1-gridsearch-11-normal-11111-iteration-113020",
    "train_dataset_filepath": "./datasets/graph_depth_first_search/1/11/normal/11111/1/True/True/1/32/16/4/21167/27339/train_dataset",
    "early_stopping": false,
    "betas": [
      0.9,
      0.95
    ],
    "task_length": 11,
    "precision": "32",
    "grad_clip": 1,
    "test_batch_size": 64,
    "test_dataset_filepath": "./datasets/graph_depth_first_search/1/11/normal/11111/1/True/True/1/32/16/4/21167/27339/test_dataset",
    "n_embd": 32,
    "loss_threshold": 0.0017157108429701616,
    "batch_size": 8,
    "val_dataset_filepath": "./datasets/graph_depth_first_search/1/11/normal/11111/1/True/True/1/32/16/4/21167/27339/val_dataset",
    "weight_decay": 0.1,
    "dropout": 0
  },
  "summary": {
    "_runtime": 343.6465468406677,
    "_step": 16,
    "_timestamp": 1735475567.588857,
    "_wandb.runtime": 342,
    "epoch": 1,
    "test_acc_result": 0,
    "total_compute": 20125188096,
    "train_loss_epoch": 3.4850943088531494,
    "trainer/global_step": 13,
    "val_loss": 3.4119226932525635
  }
}