{
  "config": {
    "early_stopping": false,
    "n_layer": 4,
    "n_embd": 128,
    "log_gradients": false,
    "grad_clip": 1,
    "precision": "32",
    "batch_size": 8,
    "warmup_ratio": 0.1,
    "betas": [
      0.9,
      0.95
    ],
    "n_head": 4,
    "max_steps": 4,
    "seed": 12973,
    "mask_idx": 23,
    "loss_threshold": 0.0017157108429701616,
    "task": "graph_depth_first_search",
    "test_batch_size": 64,
    "test_dataset_filepath": "./datasets/graph_depth_first_search/1/11/normal/11111/1/True/True/1/128/4/4/15900/12973/test_dataset",
    "method": "normal",
    "dropout": 0,
    "weight_decay": 0.1,
    "bias": false,
    "run_id": "690d6105-6cb8-424d-81d4-ed89fc08353e",
    "val_dataset_filepath": "./datasets/graph_depth_first_search/1/11/normal/11111/1/True/True/1/128/4/4/15900/12973/val_dataset",
    "threshold_testing": false,
    "validation_ratio": 0.005,
    "train_dataset_filepath": "./datasets/graph_depth_first_search/1/11/normal/11111/1/True/True/1/128/4/4/15900/12973/train_dataset",
    "project_name": "binary-graph_depth_first_search1-gridsearch-11-normal-11111-iteration-113020",
    "lr": 0.0001,
    "compute_budget": 10000000000,
    "task_length": 11
  },
  "summary": {
    "_runtime": 426.7616958618164,
    "_step": 7,
    "_timestamp": 1735475255.3296618,
    "_wandb.runtime": 426,
    "epoch": 1,
    "test_acc_result": 0,
    "total_compute": 20234895360,
    "train_loss_epoch": 3.5143072605133057,
    "trainer/global_step": 4,
    "val_loss": 3.444922924041748
  }
}