{
  "config": {
    "grad_clip": 1,
    "warmup_ratio": 0.1,
    "early_stopping": false,
    "log_gradients": false,
    "max_steps": 1,
    "validation_ratio": 0.005,
    "bias": false,
    "run_id": "9afb5daf-73a2-4934-8dd6-4995e982a7cc",
    "task_length": 11,
    "weight_decay": 0.1,
    "betas": [
      0.9,
      0.95
    ],
    "precision": "32",
    "seed": 4261,
    "task": "graph_depth_first_search",
    "batch_size": 64,
    "loss_threshold": 0.0017157108429701616,
    "threshold_testing": false,
    "mask_idx": 23,
    "train_dataset_filepath": "./datasets/graph_depth_first_search/1/11/normal/11111/10/True/True/1/512/16/4/29159/4261/train_dataset",
    "dropout": 0,
    "n_head": 4,
    "project_name": "binary-graph_depth_first_search1-gridsearch-11-normal-11111-iteration-113020",
    "n_layer": 16,
    "n_embd": 512,
    "val_dataset_filepath": "./datasets/graph_depth_first_search/1/11/normal/11111/10/True/True/1/512/16/4/29159/4261/val_dataset",
    "lr": 0.001,
    "test_dataset_filepath": "./datasets/graph_depth_first_search/1/11/normal/11111/10/True/True/1/512/16/4/29159/4261/test_dataset",
    "compute_budget": 10000000000,
    "test_batch_size": 64,
    "method": "normal"
  },
  "summary": {
    "_runtime": 311.76677656173706,
    "_step": 4,
    "_timestamp": 1735474534.2784066,
    "_wandb.runtime": 311,
    "epoch": 1,
    "test_acc_result": 0,
    "total_compute": 2444960464896,
    "train_loss_epoch": 3.417240619659424,
    "trainer/global_step": 1,
    "val_loss": 2.490032434463501
  }
}