{
  "config": {
    "weight_decay": 0.1,
    "precision": "32",
    "val_dataset_filepath": "./datasets/graph_depth_first_search/1/11/normal/11111/1/True/True/1/256/4/4/9740/35475/val_dataset",
    "n_embd": 256,
    "mask_idx": 23,
    "threshold_testing": false,
    "dropout": 0,
    "max_steps": 1,
    "compute_budget": 10000000000,
    "loss_threshold": 0.0017157108429701616,
    "warmup_ratio": 0.1,
    "project_name": "binary-graph_depth_first_search1-gridsearch-11-normal-11111-iteration-113020",
    "task": "graph_depth_first_search",
    "n_layer": 4,
    "run_id": "0ae4829c-f5dd-4107-82e7-0a4a7e013760",
    "lr": 0.0001,
    "train_dataset_filepath": "./datasets/graph_depth_first_search/1/11/normal/11111/1/True/True/1/256/4/4/9740/35475/train_dataset",
    "test_batch_size": 64,
    "grad_clip": 1,
    "early_stopping": false,
    "bias": false,
    "betas": [
      0.9,
      0.95
    ],
    "validation_ratio": 0.005,
    "log_gradients": false,
    "task_length": 11,
    "method": "normal",
    "seed": 35475,
    "n_head": 4,
    "batch_size": 64,
    "test_dataset_filepath": "./datasets/graph_depth_first_search/1/11/normal/11111/1/True/True/1/256/4/4/9740/35475/test_dataset"
  },
  "summary": {
    "_runtime": 319.82815074920654,
    "_step": 4,
    "_timestamp": 1735478529.6998918,
    "_wandb.runtime": 319,
    "epoch": 1,
    "test_acc_result": 0,
    "total_compute": 155833073664,
    "train_loss_epoch": 3.52378511428833,
    "trainer/global_step": 1,
    "val_loss": 3.407505512237549
  }
}