{
  "config": {
    "n_layer": 16,
    "project_name": "binary-graph_depth_first_search1-gridsearch-11-normal-11111-iteration-113020",
    "task_length": 11,
    "weight_decay": 0.1,
    "threshold_testing": false,
    "val_dataset_filepath": "./datasets/graph_depth_first_search/1/11/normal/11111/100/True/True/1/512/16/4/35672/33152/val_dataset",
    "bias": false,
    "n_head": 4,
    "method": "normal",
    "log_gradients": false,
    "max_steps": 1,
    "betas": [
      0.9,
      0.95
    ],
    "test_batch_size": 64,
    "n_embd": 512,
    "dropout": 0,
    "train_dataset_filepath": "./datasets/graph_depth_first_search/1/11/normal/11111/100/True/True/1/512/16/4/35672/33152/train_dataset",
    "test_dataset_filepath": "./datasets/graph_depth_first_search/1/11/normal/11111/100/True/True/1/512/16/4/35672/33152/test_dataset",
    "task": "graph_depth_first_search",
    "precision": "32",
    "loss_threshold": 0.0017157108429701616,
    "compute_budget": 10000000000,
    "mask_idx": 23,
    "lr": 0.01,
    "grad_clip": 1,
    "warmup_ratio": 0.1,
    "seed": 33152,
    "run_id": "e11225db-14ac-405c-9e31-b9cecb0455a8",
    "early_stopping": false,
    "batch_size": 8,
    "validation_ratio": 0.005
  },
  "summary": {
    "_runtime": 539.4601929187775,
    "_step": 4,
    "_timestamp": 1735477741.338649,
    "_wandb.runtime": 539,
    "epoch": 1,
    "test_acc_result": 0,
    "total_compute": 305620058112,
    "train_loss_epoch": 3.4163615703582764,
    "trainer/global_step": 1,
    "val_loss": 3.77390456199646
  }
}