{
  "config": {
    "bias": false,
    "betas": [
      0.9,
      0.95
    ],
    "n_head": 4,
    "val_dataset_filepath": "./datasets/graph_depth_first_search/1/11/normal/11111/1/True/True/1/64/16/4/32662/7194/val_dataset",
    "run_id": "416ab777-55a6-454c-b920-ac6d451d6c5a",
    "warmup_ratio": 0.1,
    "validation_ratio": 0.005,
    "loss_threshold": 0.0017157108429701616,
    "early_stopping": false,
    "train_dataset_filepath": "./datasets/graph_depth_first_search/1/11/normal/11111/1/True/True/1/64/16/4/32662/7194/train_dataset",
    "seed": 7194,
    "task_length": 11,
    "test_dataset_filepath": "./datasets/graph_depth_first_search/1/11/normal/11111/1/True/True/1/64/16/4/32662/7194/test_dataset",
    "weight_decay": 0.1,
    "mask_idx": 23,
    "grad_clip": 1,
    "project_name": "binary-graph_depth_first_search1-gridsearch-11-normal-11111-iteration-113020",
    "compute_budget": 10000000000,
    "n_layer": 16,
    "task": "graph_depth_first_search",
    "dropout": 0,
    "batch_size": 8,
    "n_embd": 64,
    "method": "normal",
    "threshold_testing": false,
    "max_steps": 4,
    "lr": 0.0001,
    "log_gradients": false,
    "precision": "32",
    "test_batch_size": 64
  },
  "summary": {
    "_runtime": 387.62236166000366,
    "_step": 7,
    "_timestamp": 1735475512.0081615,
    "_wandb.runtime": 387,
    "epoch": 1,
    "test_acc_result": 0,
    "total_compute": 21746417664,
    "train_loss_epoch": 3.404965400695801,
    "trainer/global_step": 4,
    "val_loss": 3.321432113647461
  }
}