{
  "config": {
    "task": "graph_depth_first_search",
    "betas": [
      0.9,
      0.95
    ],
    "test_dataset_filepath": "./datasets/graph_depth_first_search/1/11/normal/11111/1000/True/True/1/128/16/4/32354/3704/test_dataset",
    "early_stopping": false,
    "loss_threshold": 0.0017157108429701616,
    "bias": false,
    "method": "normal",
    "val_dataset_filepath": "./datasets/graph_depth_first_search/1/11/normal/11111/1000/True/True/1/128/16/4/32354/3704/val_dataset",
    "precision": "32",
    "max_steps": 1,
    "warmup_ratio": 0.1,
    "dropout": 0,
    "threshold_testing": false,
    "n_layer": 16,
    "validation_ratio": 0.005,
    "train_dataset_filepath": "./datasets/graph_depth_first_search/1/11/normal/11111/1000/True/True/1/128/16/4/32354/3704/train_dataset",
    "task_length": 11,
    "log_gradients": false,
    "mask_idx": 23,
    "test_batch_size": 64,
    "n_head": 4,
    "weight_decay": 0.1,
    "compute_budget": 10000000000,
    "grad_clip": 1,
    "seed": 3704,
    "lr": 0.1,
    "n_embd": 128,
    "run_id": "cdc7d539-65de-430b-aa8b-883738953eab",
    "batch_size": 8,
    "project_name": "binary-graph_depth_first_search1-gridsearch-11-normal-11111-iteration-113020"
  },
  "summary": {
    "_runtime": 491.1965661048889,
    "_step": 4,
    "_timestamp": 1735475864.406732,
    "_wandb.runtime": 490,
    "epoch": 1,
    "test_acc_result": 0,
    "total_compute": 20234895360,
    "train_loss_epoch": 3.429596424102783,
    "trainer/global_step": 1,
    "val_loss": 3.2609047889709473
  }
}