{
  "config": {
    "n_head": 4,
    "test_batch_size": 64,
    "log_gradients": false,
    "bias": false,
    "run_id": "d6bc5861-38e7-4b9c-83f2-a68718e262bd",
    "val_dataset_filepath": "./datasets/graph_depth_first_search/1/11/normal/11111/1/True/True/1/8/4/4/31408/39525/val_dataset",
    "batch_size": 64,
    "warmup_ratio": 0.1,
    "method": "normal",
    "seed": 39525,
    "task_length": 11,
    "max_steps": 73,
    "precision": "32",
    "validation_ratio": 0.005,
    "train_dataset_filepath": "./datasets/graph_depth_first_search/1/11/normal/11111/1/True/True/1/8/4/4/31408/39525/train_dataset",
    "betas": [
      0.9,
      0.95
    ],
    "mask_idx": 23,
    "task": "graph_depth_first_search",
    "grad_clip": 1,
    "loss_threshold": 0.0017157108429701616,
    "lr": 0.0001,
    "project_name": "binary-graph_depth_first_search1-gridsearch-11-normal-11111-iteration-113020",
    "dropout": 0,
    "test_dataset_filepath": "./datasets/graph_depth_first_search/1/11/normal/11111/1/True/True/1/8/4/4/31408/39525/test_dataset",
    "n_layer": 4,
    "early_stopping": false,
    "n_embd": 8,
    "weight_decay": 0.1,
    "threshold_testing": false,
    "compute_budget": 10000000000
  },
  "summary": {
    "_runtime": 133.47373986244202,
    "_step": 78,
    "_timestamp": 1735475209.2660108,
    "_wandb.runtime": 132,
    "epoch": 1,
    "lr-AdamW": 3.6306324414915105e-05,
    "test_acc_result": 0,
    "total_compute": 24470814720,
    "train_loss_epoch": 3.39231538772583,
    "train_loss_step": 3.3968045711517334,
    "trainer/global_step": 73,
    "val_loss": 3.3707566261291504
  }
}