{
  "config": {
    "test_dataset_filepath": "./datasets/graph_depth_first_search/1/11/normal/11111/1/True/True/1/32/16/4/7810/3491/test_dataset",
    "grad_clip": 1,
    "train_dataset_filepath": "./datasets/graph_depth_first_search/1/11/normal/11111/1/True/True/1/32/16/4/7810/3491/train_dataset",
    "n_layer": 16,
    "early_stopping": false,
    "test_batch_size": 64,
    "lr": 0.0001,
    "dropout": 0,
    "compute_budget": 10000000000,
    "max_steps": 2,
    "loss_threshold": 0.0017157108429701616,
    "run_id": "d546fd79-4e8c-4017-8d82-fb26b6f8ce89",
    "weight_decay": 0.1,
    "betas": [
      0.9,
      0.95
    ],
    "task": "graph_depth_first_search",
    "n_embd": 32,
    "validation_ratio": 0.005,
    "bias": false,
    "mask_idx": 23,
    "val_dataset_filepath": "./datasets/graph_depth_first_search/1/11/normal/11111/1/True/True/1/32/16/4/7810/3491/val_dataset",
    "n_head": 4,
    "project_name": "binary-graph_depth_first_search1-gridsearch-11-normal-11111-iteration-113020",
    "warmup_ratio": 0.1,
    "precision": "32",
    "method": "normal",
    "batch_size": 64,
    "seed": 3491,
    "threshold_testing": false,
    "log_gradients": false,
    "task_length": 11
  },
  "summary": {
    "_runtime": 385.67135310173035,
    "_step": 5,
    "_timestamp": 1735475820.7351322,
    "_wandb.runtime": 384,
    "epoch": 1,
    "test_acc_result": 0,
    "total_compute": 24769462272,
    "train_loss_epoch": 3.5376999378204346,
    "trainer/global_step": 2,
    "val_loss": 3.52392578125
  }
}