{
  "config": {
    "compute_budget": 10000000000,
    "batch_size": 64,
    "mask_idx": 23,
    "seed": 38425,
    "project_name": "binary-graph_depth_first_search1-gridsearch-11-normal-11111-iteration-113020",
    "task_length": 11,
    "weight_decay": 0.1,
    "threshold_testing": false,
    "run_id": "e930b13c-2e83-492d-9616-de3305f87d72",
    "max_steps": 19,
    "train_dataset_filepath": "./datasets/graph_depth_first_search/1/11/normal/11111/100/True/True/1/8/16/4/4606/38425/train_dataset",
    "bias": false,
    "n_layer": 16,
    "test_dataset_filepath": "./datasets/graph_depth_first_search/1/11/normal/11111/100/True/True/1/8/16/4/4606/38425/test_dataset",
    "test_batch_size": 64,
    "early_stopping": false,
    "warmup_ratio": 0.1,
    "loss_threshold": 0.0017157108429701616,
    "grad_clip": 1,
    "lr": 0.01,
    "task": "graph_depth_first_search",
    "betas": [
      0.9,
      0.95
    ],
    "precision": "32",
    "log_gradients": false,
    "val_dataset_filepath": "./datasets/graph_depth_first_search/1/11/normal/11111/100/True/True/1/8/16/4/4606/38425/val_dataset",
    "dropout": 0,
    "method": "normal",
    "n_head": 4,
    "validation_ratio": 0.005,
    "n_embd": 8
  },
  "summary": {
    "_runtime": 421.9504201412201,
    "_step": 22,
    "_timestamp": 1735476307.9832492,
    "_wandb.runtime": 421,
    "epoch": 1,
    "test_acc_result": 0,
    "total_compute": 25476464640,
    "train_loss_epoch": 2.981882095336914,
    "trainer/global_step": 19,
    "val_loss": 2.7520394325256348
  }
}