{
  "config": {
    "validation_ratio": 0.005,
    "compute_budget": 10000000000,
    "dropout": 0,
    "max_steps": 46,
    "train_dataset_filepath": "./datasets/graph_depth_first_search/1/11/normal/11111/100/True/True/1/16/16/4/39621/17848/train_dataset",
    "log_gradients": false,
    "loss_threshold": 0.0017157108429701616,
    "warmup_ratio": 0.1,
    "betas": [
      0.9,
      0.95
    ],
    "test_batch_size": 64,
    "mask_idx": 23,
    "n_layer": 16,
    "seed": 17848,
    "project_name": "binary-graph_depth_first_search1-gridsearch-11-normal-11111-iteration-113020",
    "n_embd": 16,
    "method": "normal",
    "val_dataset_filepath": "./datasets/graph_depth_first_search/1/11/normal/11111/100/True/True/1/16/16/4/39621/17848/val_dataset",
    "precision": "32",
    "run_id": "5046ba58-7bd2-41a2-89ef-9d576a07210b",
    "early_stopping": false,
    "task_length": 11,
    "bias": false,
    "lr": 0.01,
    "threshold_testing": false,
    "grad_clip": 1,
    "weight_decay": 0.1,
    "batch_size": 8,
    "test_dataset_filepath": "./datasets/graph_depth_first_search/1/11/normal/11111/100/True/True/1/16/16/4/39621/17848/test_dataset",
    "n_head": 4,
    "task": "graph_depth_first_search"
  },
  "summary": {
    "_runtime": 437.2770109176636,
    "_step": 49,
    "_timestamp": 1735477173.6532888,
    "_wandb.runtime": 436,
    "epoch": 1,
    "test_acc_result": 0,
    "total_compute": 22148677632,
    "train_loss_epoch": 2.445474624633789,
    "trainer/global_step": 46,
    "val_loss": 2.242846965789795
  }
}