{
  "config": {
    "lr": 0.001,
    "betas": [
      0.9,
      0.95
    ],
    "max_steps": 46,
    "mask_idx": 23,
    "seed": 35946,
    "train_dataset_filepath": "./datasets/graph_depth_first_search/1/11/normal/11111/10/True/True/1/16/16/4/29605/35946/train_dataset",
    "grad_clip": 1,
    "compute_budget": 10000000000,
    "n_embd": 16,
    "project_name": "binary-graph_depth_first_search1-gridsearch-11-normal-11111-iteration-113020",
    "warmup_ratio": 0.1,
    "dropout": 0,
    "method": "normal",
    "validation_ratio": 0.005,
    "val_dataset_filepath": "./datasets/graph_depth_first_search/1/11/normal/11111/10/True/True/1/16/16/4/29605/35946/val_dataset",
    "test_batch_size": 64,
    "precision": "32",
    "log_gradients": false,
    "run_id": "e3ea4ab7-1f90-4986-b1d7-ea46a5568020",
    "batch_size": 8,
    "loss_threshold": 0.0017157108429701616,
    "weight_decay": 0.1,
    "bias": false,
    "threshold_testing": false,
    "test_dataset_filepath": "./datasets/graph_depth_first_search/1/11/normal/11111/10/True/True/1/16/16/4/29605/35946/test_dataset",
    "n_head": 4,
    "task": "graph_depth_first_search",
    "task_length": 11,
    "n_layer": 16,
    "early_stopping": false
  },
  "summary": {
    "_runtime": 269.40224838256836,
    "_step": 49,
    "_timestamp": 1735478636.2072713,
    "_wandb.runtime": 268,
    "epoch": 1,
    "test_acc_result": 0,
    "total_compute": 22148677632,
    "train_loss_epoch": 2.9282386302948,
    "trainer/global_step": 46,
    "val_loss": 2.7649927139282227
  }
}