{
  "config": {
    "loss_threshold": 0.0017157108429701616,
    "test_dataset_filepath": "./datasets/graph_depth_first_search/1/11/normal/11111/1/True/True/1/512/4/4/7038/34098/test_dataset",
    "early_stopping": false,
    "grad_clip": 1,
    "threshold_testing": false,
    "max_steps": 1,
    "batch_size": 8,
    "validation_ratio": 0.005,
    "test_batch_size": 64,
    "n_head": 4,
    "n_layer": 4,
    "dropout": 0,
    "seed": 34098,
    "task": "graph_depth_first_search",
    "precision": "32",
    "n_embd": 512,
    "project_name": "binary-graph_depth_first_search1-gridsearch-11-normal-11111-iteration-113020",
    "log_gradients": false,
    "bias": false,
    "mask_idx": 23,
    "run_id": "d1ef7fcc-b540-4bfe-a399-fdcd8d4fec06",
    "betas": [
      0.9,
      0.95
    ],
    "compute_budget": 10000000000,
    "warmup_ratio": 0.1,
    "task_length": 11,
    "train_dataset_filepath": "./datasets/graph_depth_first_search/1/11/normal/11111/1/True/True/1/512/4/4/7038/34098/train_dataset",
    "val_dataset_filepath": "./datasets/graph_depth_first_search/1/11/normal/11111/1/True/True/1/512/4/4/7038/34098/val_dataset",
    "method": "normal",
    "weight_decay": 0.1,
    "lr": 0.0001
  },
  "summary": {
    "_runtime": 464.7565312385559,
    "_step": 4,
    "_timestamp": 1735473826.9591804,
    "_wandb.runtime": 464,
    "epoch": 1,
    "test_acc_result": 0,
    "total_compute": 76405014528,
    "train_loss_epoch": 3.4328229427337646,
    "trainer/global_step": 1,
    "val_loss": 3.1130919456481934
  }
}