{
  "config": {
    "val_dataset_filepath": "./datasets/graph_depth_first_search/1/11/normal/11111/100/True/True/1/16/4/4/24718/4112/val_dataset",
    "dropout": 0,
    "task": "graph_depth_first_search",
    "seed": 4112,
    "task_length": 11,
    "method": "normal",
    "mask_idx": 23,
    "log_gradients": false,
    "max_steps": 23,
    "test_dataset_filepath": "./datasets/graph_depth_first_search/1/11/normal/11111/100/True/True/1/16/4/4/24718/4112/test_dataset",
    "batch_size": 64,
    "warmup_ratio": 0.1,
    "threshold_testing": false,
    "bias": false,
    "run_id": "62345fc0-109f-4c7b-9dc3-9583bf501c32",
    "lr": 0.01,
    "validation_ratio": 0.005,
    "betas": [
      0.9,
      0.95
    ],
    "test_batch_size": 64,
    "n_head": 4,
    "train_dataset_filepath": "./datasets/graph_depth_first_search/1/11/normal/11111/100/True/True/1/16/4/4/24718/4112/train_dataset",
    "grad_clip": 1,
    "n_embd": 16,
    "compute_budget": 10000000000,
    "loss_threshold": 0.0017157108429701616,
    "project_name": "binary-graph_depth_first_search1-gridsearch-11-normal-11111-iteration-113020",
    "weight_decay": 0.1,
    "n_layer": 4,
    "early_stopping": false,
    "precision": "32"
  },
  "summary": {
    "_runtime": 375.5688421726227,
    "_step": 26,
    "_timestamp": 1735473634.4903011,
    "_wandb.runtime": 374,
    "epoch": 1,
    "test_acc_result": 0,
    "total_compute": 22148677632,
    "train_loss_epoch": 2.6718451976776123,
    "trainer/global_step": 23,
    "val_loss": 2.360909938812256
  }
}