{
  "config": {
    "betas": [
      0.9,
      0.95
    ],
    "run_id": "01ca85a9-e4cf-480b-bd75-7a82a5d8dda1",
    "batch_size": 8,
    "train_dataset_filepath": "./datasets/graph_depth_first_search/1/11/normal/11111/10/True/True/1/256/16/4/34408/16235/train_dataset",
    "n_layer": 16,
    "grad_clip": 1,
    "seed": 16235,
    "weight_decay": 0.1,
    "validation_ratio": 0.005,
    "early_stopping": false,
    "project_name": "binary-graph_depth_first_search1-gridsearch-11-normal-11111-iteration-113020",
    "n_embd": 256,
    "method": "normal",
    "lr": 0.001,
    "mask_idx": 23,
    "task_length": 11,
    "warmup_ratio": 0.1,
    "threshold_testing": false,
    "log_gradients": false,
    "max_steps": 1,
    "test_dataset_filepath": "./datasets/graph_depth_first_search/1/11/normal/11111/10/True/True/1/256/16/4/34408/16235/test_dataset",
    "dropout": 0,
    "precision": "32",
    "compute_budget": 10000000000,
    "n_head": 4,
    "loss_threshold": 0.0017157108429701616,
    "bias": false,
    "task": "graph_depth_first_search",
    "test_batch_size": 64,
    "val_dataset_filepath": "./datasets/graph_depth_first_search/1/11/normal/11111/10/True/True/1/256/16/4/34408/16235/val_dataset"
  },
  "summary": {
    "_runtime": 463.93783164024353,
    "_step": 4,
    "_timestamp": 1735474614.4056106,
    "_wandb.runtime": 463,
    "epoch": 1,
    "test_acc_result": 0,
    "total_compute": 77916536832,
    "train_loss_epoch": 3.6261088848114014,
    "trainer/global_step": 1,
    "val_loss": 2.7044425010681152
  }
}