{
  "config": {
    "test_dataset_filepath": "./datasets/graph_depth_first_search/1/11/normal/11111/10/True/True/1/512/4/4/25056/33066/test_dataset",
    "mask_idx": 23,
    "batch_size": 64,
    "val_dataset_filepath": "./datasets/graph_depth_first_search/1/11/normal/11111/10/True/True/1/512/4/4/25056/33066/val_dataset",
    "n_embd": 512,
    "dropout": 0,
    "n_layer": 4,
    "max_steps": 1,
    "lr": 0.001,
    "betas": [
      0.9,
      0.95
    ],
    "compute_budget": 10000000000,
    "loss_threshold": 0.0017157108429701616,
    "test_batch_size": 64,
    "method": "normal",
    "warmup_ratio": 0.1,
    "task": "graph_depth_first_search",
    "task_length": 11,
    "threshold_testing": false,
    "weight_decay": 0.1,
    "run_id": "26e92081-8b3d-4de5-a65c-5d425aef6efc",
    "precision": "32",
    "grad_clip": 1,
    "bias": false,
    "train_dataset_filepath": "./datasets/graph_depth_first_search/1/11/normal/11111/10/True/True/1/512/4/4/25056/33066/train_dataset",
    "n_head": 4,
    "seed": 33066,
    "validation_ratio": 0.005,
    "early_stopping": false,
    "project_name": "binary-graph_depth_first_search1-gridsearch-11-normal-11111-iteration-113020",
    "log_gradients": false
  },
  "summary": {
    "_runtime": 300.4652190208435,
    "_step": 4,
    "_timestamp": 1735476038.1455941,
    "_wandb.runtime": 300,
    "epoch": 1,
    "test_acc_result": 0,
    "total_compute": 611240116224,
    "train_loss_epoch": 3.4675254821777344,
    "trainer/global_step": 1,
    "val_loss": 2.4719810485839844
  }
}