{
  "config": {
    "train_dataset_filepath": "./datasets/graph_depth_first_search/1/11/normal/11111/1000/True/True/1/16/16/4/20747/442/train_dataset",
    "n_embd": 16,
    "lr": 0.1,
    "grad_clip": 1,
    "test_dataset_filepath": "./datasets/graph_depth_first_search/1/11/normal/11111/1000/True/True/1/16/16/4/20747/442/test_dataset",
    "threshold_testing": false,
    "n_layer": 16,
    "weight_decay": 0.1,
    "val_dataset_filepath": "./datasets/graph_depth_first_search/1/11/normal/11111/1000/True/True/1/16/16/4/20747/442/val_dataset",
    "loss_threshold": 0.0017157108429701616,
    "mask_idx": 23,
    "method": "normal",
    "precision": "32",
    "run_id": "4a09d00e-448e-450e-99bd-2019dbe440d9",
    "early_stopping": false,
    "warmup_ratio": 0.1,
    "task": "graph_depth_first_search",
    "test_batch_size": 64,
    "task_length": 11,
    "bias": false,
    "max_steps": 44,
    "project_name": "binary-graph_depth_first_search1-gridsearch-11-normal-11111-iteration-113020",
    "seed": 442,
    "batch_size": 8,
    "log_gradients": false,
    "dropout": 0,
    "compute_budget": 10000000000,
    "betas": [
      0.9,
      0.95
    ],
    "n_head": 4,
    "validation_ratio": 0.005
  },
  "summary": {
    "_runtime": 488.2381024360657,
    "_step": 47,
    "_timestamp": 1735477463.1859694,
    "_wandb.runtime": 487,
    "epoch": 1,
    "test_acc_result": 0,
    "total_compute": 21185691648,
    "train_loss_epoch": 2.4863052368164062,
    "trainer/global_step": 44,
    "val_loss": 2.2443337440490723
  }
}