{
  "config": {
    "n_layer": 4,
    "bias": false,
    "log_gradients": false,
    "lr": 0.001,
    "batch_size": 8,
    "train_dataset_filepath": "./datasets/graph_depth_first_search/1/11/normal/11111/10/True/True/1/8/4/4/15964/24950/train_dataset",
    "task": "graph_depth_first_search",
    "mask_idx": 23,
    "task_length": 11,
    "seed": 24950,
    "method": "normal",
    "n_head": 4,
    "project_name": "binary-graph_depth_first_search1-gridsearch-11-normal-11111-iteration-113020",
    "compute_budget": 10000000000,
    "warmup_ratio": 0.1,
    "betas": [
      0.9,
      0.95
    ],
    "grad_clip": 1,
    "n_embd": 8,
    "test_batch_size": 64,
    "dropout": 0,
    "weight_decay": 0.1,
    "validation_ratio": 0.005,
    "max_steps": 569,
    "precision": "32",
    "val_dataset_filepath": "./datasets/graph_depth_first_search/1/11/normal/11111/10/True/True/1/8/4/4/15964/24950/val_dataset",
    "run_id": "f4dac3b0-d0ec-48b5-9d12-33d7a8ec9256",
    "test_dataset_filepath": "./datasets/graph_depth_first_search/1/11/normal/11111/10/True/True/1/8/4/4/15964/24950/test_dataset",
    "early_stopping": false,
    "threshold_testing": false,
    "loss_threshold": 0.0017157108429701616
  },
  "summary": {
    "_runtime": 740.1187748908997,
    "_step": 309,
    "_timestamp": 1735473812.876776,
    "_wandb.runtime": 739,
    "epoch": 1,
    "lr-AdamW": 0.00010337104497270827,
    "test_acc_result": 0,
    "total_compute": 23842283520,
    "train_loss_epoch": 2.600027322769165,
    "train_loss_step": 2.2952680587768555,
    "trainer/global_step": 569,
    "val_loss": 2.2954869270324707
  }
}