{
  "config": {
    "compute_budget": 10000000000,
    "warmup_ratio": 0.1,
    "method": "normal",
    "task": "graph_depth_first_search",
    "lr": 0.001,
    "val_dataset_filepath": "./datasets/graph_depth_first_search/1/11/normal/11111/10/True/True/1/32/16/4/19634/13804/val_dataset",
    "loss_threshold": 0.0017157108429701616,
    "bias": false,
    "test_dataset_filepath": "./datasets/graph_depth_first_search/1/11/normal/11111/10/True/True/1/32/16/4/19634/13804/test_dataset",
    "precision": "32",
    "early_stopping": false,
    "validation_ratio": 0.005,
    "threshold_testing": false,
    "weight_decay": 0.1,
    "test_batch_size": 64,
    "train_dataset_filepath": "./datasets/graph_depth_first_search/1/11/normal/11111/10/True/True/1/32/16/4/19634/13804/train_dataset",
    "dropout": 0,
    "run_id": "6a4169dc-788c-4641-8586-a706ef7ff1b9",
    "project_name": "binary-graph_depth_first_search1-gridsearch-11-normal-11111-iteration-113020",
    "mask_idx": 23,
    "n_head": 4,
    "betas": [
      0.9,
      0.95
    ],
    "log_gradients": false,
    "seed": 13804,
    "max_steps": 14,
    "grad_clip": 1,
    "batch_size": 8,
    "task_length": 11,
    "n_layer": 16,
    "n_embd": 32
  },
  "summary": {
    "_runtime": 589.9515380859375,
    "_step": 17,
    "_timestamp": 1735474169.281924,
    "_wandb.runtime": 589,
    "epoch": 1,
    "test_acc_result": 0,
    "total_compute": 21673279488,
    "train_loss_epoch": 3.1314845085144043,
    "trainer/global_step": 14,
    "val_loss": 2.886336088180542
  }
}