{
  "config": {
    "dropout": 0,
    "train_dataset_filepath": "./datasets/graph_depth_first_search/1/11/normal/11111/1/True/True/1/64/16/4/9403/24192/train_dataset",
    "lr": 0.0001,
    "validation_ratio": 0.005,
    "task_length": 11,
    "betas": [
      0.9,
      0.95
    ],
    "bias": false,
    "seed": 24192,
    "warmup_ratio": 0.1,
    "loss_threshold": 0.0017157108429701616,
    "max_steps": 1,
    "batch_size": 64,
    "test_dataset_filepath": "./datasets/graph_depth_first_search/1/11/normal/11111/1/True/True/1/64/16/4/9403/24192/test_dataset",
    "test_batch_size": 64,
    "compute_budget": 10000000000,
    "grad_clip": 1,
    "n_head": 4,
    "method": "normal",
    "precision": "32",
    "project_name": "binary-graph_depth_first_search1-gridsearch-11-normal-11111-iteration-113020",
    "val_dataset_filepath": "./datasets/graph_depth_first_search/1/11/normal/11111/1/True/True/1/64/16/4/9403/24192/val_dataset",
    "early_stopping": false,
    "task": "graph_depth_first_search",
    "n_layer": 16,
    "mask_idx": 23,
    "run_id": "8ace297e-95a1-464a-bbc7-de8002a549b9",
    "n_embd": 64,
    "weight_decay": 0.1,
    "threshold_testing": false,
    "log_gradients": false
  },
  "summary": {
    "_runtime": 366.16836190223694,
    "_step": 4,
    "_timestamp": 1735475027.788956,
    "_wandb.runtime": 365,
    "epoch": 1,
    "test_acc_result": 0,
    "total_compute": 43492835328,
    "train_loss_epoch": 3.541041374206543,
    "trainer/global_step": 1,
    "val_loss": 3.454659938812256
  }
}