{
  "config": {
    "val_dataset_filepath": "./datasets/graph_depth_first_search/1/11/normal/11111/1000/True/True/1/8/16/4/37993/9098/val_dataset",
    "task": "graph_depth_first_search",
    "warmup_ratio": 0.1,
    "project_name": "binary-graph_depth_first_search1-gridsearch-11-normal-11111-iteration-113020",
    "loss_threshold": 0.0017157108429701616,
    "seed": 9098,
    "train_dataset_filepath": "./datasets/graph_depth_first_search/1/11/normal/11111/1000/True/True/1/8/16/4/37993/9098/train_dataset",
    "grad_clip": 1,
    "max_steps": 147,
    "validation_ratio": 0.005,
    "method": "normal",
    "log_gradients": false,
    "betas": [
      0.9,
      0.95
    ],
    "n_embd": 8,
    "task_length": 11,
    "test_batch_size": 64,
    "mask_idx": 23,
    "early_stopping": false,
    "run_id": "eaaf6a52-bf21-4119-ad39-dbda97bf14cc",
    "n_head": 4,
    "batch_size": 8,
    "precision": "32",
    "test_dataset_filepath": "./datasets/graph_depth_first_search/1/11/normal/11111/1000/True/True/1/8/16/4/37993/9098/test_dataset",
    "compute_budget": 10000000000,
    "n_layer": 16,
    "dropout": 0,
    "weight_decay": 0.1,
    "bias": false,
    "threshold_testing": false,
    "lr": 0.1
  },
  "summary": {
    "_runtime": 508.28811502456665,
    "_step": 154,
    "_timestamp": 1735476778.122238,
    "_wandb.runtime": 507,
    "epoch": 1,
    "lr-AdamW": 0.035955422450000885,
    "test_acc_result": 0,
    "total_compute": 24638423040,
    "train_loss_epoch": 2.251478672027588,
    "train_loss_step": 2.1583333015441895,
    "trainer/global_step": 147,
    "val_loss": 1.9516254663467407
  }
}