{
  "config": {
    "dropout": 0,
    "test_batch_size": 64,
    "threshold_testing": false,
    "warmup_ratio": 0.1,
    "compute_budget": 10000000000,
    "n_embd": 32,
    "log_gradients": false,
    "weight_decay": 0.1,
    "lr": 0.1,
    "val_dataset_filepath": "./datasets/graph_depth_first_search/1/11/normal/11111/1000/True/True/1/32/4/4/15298/18358/val_dataset",
    "loss_threshold": 0.0017157108429701616,
    "run_id": "a2cdc656-34de-4a7b-94e8-740e74368699",
    "max_steps": 52,
    "n_layer": 4,
    "test_dataset_filepath": "./datasets/graph_depth_first_search/1/11/normal/11111/1000/True/True/1/32/4/4/15298/18358/test_dataset",
    "precision": "32",
    "seed": 18358,
    "task": "graph_depth_first_search",
    "method": "normal",
    "train_dataset_filepath": "./datasets/graph_depth_first_search/1/11/normal/11111/1000/True/True/1/32/4/4/15298/18358/train_dataset",
    "batch_size": 8,
    "task_length": 11,
    "validation_ratio": 0.005,
    "early_stopping": false,
    "mask_idx": 23,
    "bias": false,
    "grad_clip": 1,
    "project_name": "binary-graph_depth_first_search1-gridsearch-11-normal-11111-iteration-113020",
    "betas": [
      0.9,
      0.95
    ],
    "n_head": 4
  },
  "summary": {
    "_runtime": 455.3134994506836,
    "_step": 57,
    "_timestamp": 1735478502.7362463,
    "_wandb.runtime": 454,
    "epoch": 1,
    "lr-AdamW": 0.010901723273353599,
    "test_acc_result": 0,
    "total_compute": 20125188096,
    "train_loss_epoch": 2.3901994228363037,
    "train_loss_step": 2.3223838806152344,
    "trainer/global_step": 52,
    "val_loss": 2.213613510131836
  }
}