{
  "config": {
    "warmup_ratio": 0.1,
    "dropout": 0,
    "n_head": 4,
    "test_batch_size": 64,
    "train_dataset_filepath": "./datasets/graph_depth_first_search/1/11/normal/11111/10/True/True/1/16/16/4/34824/39245/train_dataset",
    "precision": "32",
    "weight_decay": 0.1,
    "max_steps": 6,
    "n_layer": 16,
    "bias": false,
    "loss_threshold": 0.0017157108429701616,
    "run_id": "efc86b34-d3e3-4e0c-9bda-d2220a03edcb",
    "project_name": "binary-graph_depth_first_search1-gridsearch-11-normal-11111-iteration-113020",
    "grad_clip": 1,
    "task_length": 11,
    "val_dataset_filepath": "./datasets/graph_depth_first_search/1/11/normal/11111/10/True/True/1/16/16/4/34824/39245/val_dataset",
    "method": "normal",
    "batch_size": 64,
    "validation_ratio": 0.005,
    "betas": [
      0.9,
      0.95
    ],
    "threshold_testing": false,
    "early_stopping": false,
    "task": "graph_depth_first_search",
    "log_gradients": false,
    "lr": 0.001,
    "mask_idx": 23,
    "seed": 39245,
    "n_embd": 16,
    "compute_budget": 10000000000,
    "test_dataset_filepath": "./datasets/graph_depth_first_search/1/11/normal/11111/10/True/True/1/16/16/4/34824/39245/test_dataset"
  },
  "summary": {
    "_runtime": 619.2666707038879,
    "_step": 9,
    "_timestamp": 1735474144.1639137,
    "_wandb.runtime": 618,
    "epoch": 1,
    "test_acc_result": 0,
    "total_compute": 23111663616,
    "train_loss_epoch": 3.197814702987671,
    "trainer/global_step": 6,
    "val_loss": 3.097710609436035
  }
}