{
  "config": {
    "test_batch_size": 64,
    "bias": false,
    "log_gradients": false,
    "dropout": 0,
    "task_length": 11,
    "project_name": "binary-graph_depth_first_search1-gridsearch-11-normal-11111-iteration-113020",
    "train_dataset_filepath": "./datasets/graph_depth_first_search/1/11/normal/11111/100/True/True/1/16/4/4/31685/10376/train_dataset",
    "task": "graph_depth_first_search",
    "weight_decay": 0.1,
    "mask_idx": 23,
    "method": "normal",
    "n_layer": 4,
    "max_steps": 182,
    "early_stopping": false,
    "precision": "32",
    "seed": 10376,
    "betas": [
      0.9,
      0.95
    ],
    "test_dataset_filepath": "./datasets/graph_depth_first_search/1/11/normal/11111/100/True/True/1/16/4/4/31685/10376/test_dataset",
    "lr": 0.01,
    "loss_threshold": 0.0017157108429701616,
    "threshold_testing": false,
    "validation_ratio": 0.005,
    "batch_size": 8,
    "warmup_ratio": 0.1,
    "compute_budget": 10000000000,
    "grad_clip": 1,
    "val_dataset_filepath": "./datasets/graph_depth_first_search/1/11/normal/11111/100/True/True/1/16/4/4/31685/10376/val_dataset",
    "run_id": "928ad2f1-8f2a-4026-8878-b1ae5df8f976",
    "n_embd": 16,
    "n_head": 4
  },
  "summary": {
    "_runtime": 340.1235828399658,
    "_step": 191,
    "_timestamp": 1735474393.8165689,
    "_wandb.runtime": 339,
    "epoch": 1,
    "lr-AdamW": 0.0018695838997745276,
    "test_acc_result": 0,
    "total_compute": 21907931136,
    "train_loss_epoch": 2.072542190551758,
    "train_loss_step": 1.7385400533676147,
    "trainer/global_step": 182,
    "val_loss": 1.6704844236373901
  }
}