{
  "config": {
    "threshold_testing": false,
    "log_gradients": false,
    "precision": "32",
    "val_dataset_filepath": "./datasets/graph_depth_first_search/1/11/normal/11111/1/True/True/1/64/4/4/22058/22327/val_dataset",
    "n_embd": 64,
    "lr": 0.0001,
    "n_layer": 4,
    "compute_budget": 10000000000,
    "mask_idx": 23,
    "project_name": "binary-graph_depth_first_search1-gridsearch-11-normal-11111-iteration-113020",
    "run_id": "aded3891-40c6-4f48-9308-7052907789cc",
    "betas": [
      0.9,
      0.95
    ],
    "max_steps": 15,
    "grad_clip": 1,
    "batch_size": 8,
    "n_head": 4,
    "dropout": 0,
    "test_batch_size": 64,
    "task": "graph_depth_first_search",
    "train_dataset_filepath": "./datasets/graph_depth_first_search/1/11/normal/11111/1/True/True/1/64/4/4/22058/22327/train_dataset",
    "task_length": 11,
    "weight_decay": 0.1,
    "bias": false,
    "early_stopping": false,
    "method": "normal",
    "loss_threshold": 0.0017157108429701616,
    "validation_ratio": 0.005,
    "test_dataset_filepath": "./datasets/graph_depth_first_search/1/11/normal/11111/1/True/True/1/64/4/4/22058/22327/test_dataset",
    "seed": 22327,
    "warmup_ratio": 0.1
  },
  "summary": {
    "_runtime": 172.926020860672,
    "_step": 18,
    "_timestamp": 1735477684.5742648,
    "_wandb.runtime": 172,
    "epoch": 1,
    "test_acc_result": 0,
    "total_compute": 20387266560,
    "train_loss_epoch": 3.4334120750427246,
    "trainer/global_step": 15,
    "val_loss": 3.3896002769470215
  }
}