{
  "config": {
    "dropout": 0,
    "test_dataset_filepath": "./datasets/graph_depth_first_search/1/11/normal/11111/10/True/True/1/32/16/4/18763/23218/test_dataset",
    "method": "normal",
    "val_dataset_filepath": "./datasets/graph_depth_first_search/1/11/normal/11111/10/True/True/1/32/16/4/18763/23218/val_dataset",
    "max_steps": 2,
    "lr": 0.001,
    "early_stopping": false,
    "loss_threshold": 0.0017157108429701616,
    "weight_decay": 0.1,
    "precision": "32",
    "project_name": "binary-graph_depth_first_search1-gridsearch-11-normal-11111-iteration-113020",
    "betas": [
      0.9,
      0.95
    ],
    "grad_clip": 1,
    "batch_size": 64,
    "bias": false,
    "run_id": "c279eaeb-185b-4744-8991-a9e18dddc3d1",
    "threshold_testing": false,
    "task": "graph_depth_first_search",
    "test_batch_size": 64,
    "n_layer": 16,
    "compute_budget": 10000000000,
    "train_dataset_filepath": "./datasets/graph_depth_first_search/1/11/normal/11111/10/True/True/1/32/16/4/18763/23218/train_dataset",
    "seed": 23218,
    "n_embd": 32,
    "warmup_ratio": 0.1,
    "task_length": 11,
    "mask_idx": 23,
    "n_head": 4,
    "validation_ratio": 0.005,
    "log_gradients": false
  },
  "summary": {
    "_runtime": 491.7378191947937,
    "_step": 5,
    "_timestamp": 1735478159.6163423,
    "_wandb.runtime": 490,
    "epoch": 1,
    "test_acc_result": 0,
    "total_compute": 24769462272,
    "train_loss_epoch": 3.2672247886657715,
    "trainer/global_step": 2,
    "val_loss": 3.0305893421173096
  }
}