{
  "config": {
    "run_id": "49fa6219-805c-4725-9685-54cfa2249768",
    "val_dataset_filepath": "./datasets/graph_depth_first_search/1/11/normal/11111/1/True/True/1/16/16/4/32075/14178/val_dataset",
    "weight_decay": 0.1,
    "validation_ratio": 0.005,
    "betas": [
      0.9,
      0.95
    ],
    "warmup_ratio": 0.1,
    "test_dataset_filepath": "./datasets/graph_depth_first_search/1/11/normal/11111/1/True/True/1/16/16/4/32075/14178/test_dataset",
    "bias": false,
    "mask_idx": 23,
    "train_dataset_filepath": "./datasets/graph_depth_first_search/1/11/normal/11111/1/True/True/1/16/16/4/32075/14178/train_dataset",
    "project_name": "binary-graph_depth_first_search1-gridsearch-11-normal-11111-iteration-113020",
    "task": "graph_depth_first_search",
    "method": "normal",
    "early_stopping": false,
    "n_embd": 16,
    "batch_size": 8,
    "precision": "32",
    "compute_budget": 10000000000,
    "test_batch_size": 64,
    "grad_clip": 1,
    "seed": 14178,
    "n_head": 4,
    "task_length": 11,
    "n_layer": 16,
    "log_gradients": false,
    "threshold_testing": false,
    "max_steps": 46,
    "lr": 0.0001,
    "loss_threshold": 0.0017157108429701616,
    "dropout": 0
  },
  "summary": {
    "_runtime": 527.5122430324554,
    "_step": 49,
    "_timestamp": 1735477578.44087,
    "_wandb.runtime": 526,
    "epoch": 1,
    "test_acc_result": 0,
    "total_compute": 22148677632,
    "train_loss_epoch": 3.460634231567383,
    "trainer/global_step": 46,
    "val_loss": 3.3852367401123047
  }
}