{
  "config": {
    "n_layer": 4,
    "log_gradients": false,
    "dropout": 0,
    "betas": [
      0.9,
      0.95
    ],
    "method": "normal",
    "run_id": "945c1e21-2491-4dc5-888f-bd2833d4f558",
    "warmup_ratio": 0.1,
    "train_dataset_filepath": "./datasets/graph_depth_first_search/1/11/normal/11111/100/True/True/1/512/4/4/28802/11859/train_dataset",
    "val_dataset_filepath": "./datasets/graph_depth_first_search/1/11/normal/11111/100/True/True/1/512/4/4/28802/11859/val_dataset",
    "seed": 11859,
    "bias": false,
    "max_steps": 1,
    "task": "graph_depth_first_search",
    "test_batch_size": 64,
    "n_embd": 512,
    "weight_decay": 0.1,
    "grad_clip": 1,
    "compute_budget": 10000000000,
    "project_name": "binary-graph_depth_first_search1-gridsearch-11-normal-11111-iteration-113020",
    "batch_size": 8,
    "precision": "32",
    "lr": 0.01,
    "n_head": 4,
    "mask_idx": 23,
    "early_stopping": false,
    "threshold_testing": false,
    "validation_ratio": 0.005,
    "test_dataset_filepath": "./datasets/graph_depth_first_search/1/11/normal/11111/100/True/True/1/512/4/4/28802/11859/test_dataset",
    "loss_threshold": 0.0017157108429701616,
    "task_length": 11
  },
  "summary": {
    "_runtime": 306.59143447875977,
    "_step": 4,
    "_timestamp": 1735477664.2878835,
    "_wandb.runtime": 306,
    "epoch": 1,
    "test_acc_result": 0,
    "total_compute": 76405014528,
    "train_loss_epoch": 3.6243319511413574,
    "trainer/global_step": 1,
    "val_loss": 4.843926429748535
  }
}