{
  "config": {
    "threshold_testing": false,
    "test_dataset_filepath": "./datasets/graph_depth_first_search/1/11/normal/11111/100/True/True/1/256/4/4/28333/32468/test_dataset",
    "project_name": "binary-graph_depth_first_search1-gridsearch-11-normal-11111-iteration-113020",
    "seed": 32468,
    "early_stopping": false,
    "run_id": "98543b7c-2fcd-4d25-98d7-e1ca7a95d856",
    "max_steps": 1,
    "test_batch_size": 64,
    "compute_budget": 10000000000,
    "batch_size": 64,
    "validation_ratio": 0.005,
    "task": "graph_depth_first_search",
    "train_dataset_filepath": "./datasets/graph_depth_first_search/1/11/normal/11111/100/True/True/1/256/4/4/28333/32468/train_dataset",
    "grad_clip": 1,
    "betas": [
      0.9,
      0.95
    ],
    "dropout": 0,
    "n_head": 4,
    "weight_decay": 0.1,
    "n_embd": 256,
    "log_gradients": false,
    "lr": 0.01,
    "loss_threshold": 0.0017157108429701616,
    "warmup_ratio": 0.1,
    "precision": "32",
    "mask_idx": 23,
    "method": "normal",
    "val_dataset_filepath": "./datasets/graph_depth_first_search/1/11/normal/11111/100/True/True/1/256/4/4/28333/32468/val_dataset",
    "task_length": 11,
    "bias": false,
    "n_layer": 4
  },
  "summary": {
    "_runtime": 195.62543749809265,
    "_step": 4,
    "_timestamp": 1735476251.1520574,
    "_wandb.runtime": 194,
    "epoch": 1,
    "test_acc_result": 0,
    "total_compute": 155833073664,
    "train_loss_epoch": 3.4995431900024414,
    "trainer/global_step": 1,
    "val_loss": 2.7510335445404053
  }
}