{
  "config": {
    "mask_idx": 23,
    "project_name": "binary-graph_depth_first_search1-gridsearch-11-normal-11111-iteration-113020",
    "early_stopping": false,
    "precision": "32",
    "batch_size": 64,
    "seed": 32535,
    "dropout": 0,
    "warmup_ratio": 0.1,
    "task": "graph_depth_first_search",
    "task_length": 11,
    "threshold_testing": false,
    "n_embd": 32,
    "betas": [
      0.9,
      0.95
    ],
    "max_steps": 7,
    "n_layer": 4,
    "run_id": "b86024c4-321e-4f2c-886f-c28ab2154d6f",
    "n_head": 4,
    "loss_threshold": 0.0017157108429701616,
    "test_batch_size": 64,
    "lr": 0.001,
    "val_dataset_filepath": "./datasets/graph_depth_first_search/1/11/normal/11111/10/True/True/1/32/4/4/1683/32535/val_dataset",
    "validation_ratio": 0.005,
    "log_gradients": false,
    "weight_decay": 0.1,
    "grad_clip": 1,
    "test_dataset_filepath": "./datasets/graph_depth_first_search/1/11/normal/11111/10/True/True/1/32/4/4/1683/32535/test_dataset",
    "compute_budget": 10000000000,
    "method": "normal",
    "train_dataset_filepath": "./datasets/graph_depth_first_search/1/11/normal/11111/10/True/True/1/32/4/4/1683/32535/train_dataset",
    "bias": false
  },
  "summary": {
    "_runtime": 94.5685133934021,
    "_step": 10,
    "_timestamp": 1735474691.8092413,
    "_wandb.runtime": 93,
    "epoch": 1,
    "test_acc_result": 0,
    "total_compute": 21673279488,
    "train_loss_epoch": 3.3412208557128906,
    "trainer/global_step": 7,
    "val_loss": 3.2160212993621826
  }
}