{
  "config": {
    "grad_clip": 1,
    "task_length": 11,
    "train_dataset_filepath": "./datasets/graph_depth_first_search/1/11/normal/11111/1/True/True/1/512/16/4/38185/17796/train_dataset",
    "weight_decay": 0.1,
    "seed": 17796,
    "warmup_ratio": 0.1,
    "run_id": "3ec7d8d2-a004-4203-9655-89ab5170b5d8",
    "betas": [
      0.9,
      0.95
    ],
    "n_head": 4,
    "task": "graph_depth_first_search",
    "compute_budget": 10000000000,
    "early_stopping": false,
    "max_steps": 1,
    "n_layer": 16,
    "lr": 0.0001,
    "test_dataset_filepath": "./datasets/graph_depth_first_search/1/11/normal/11111/1/True/True/1/512/16/4/38185/17796/test_dataset",
    "method": "normal",
    "project_name": "binary-graph_depth_first_search1-gridsearch-11-normal-11111-iteration-113020",
    "n_embd": 512,
    "precision": "32",
    "mask_idx": 23,
    "dropout": 0,
    "threshold_testing": false,
    "bias": false,
    "batch_size": 64,
    "val_dataset_filepath": "./datasets/graph_depth_first_search/1/11/normal/11111/1/True/True/1/512/16/4/38185/17796/val_dataset",
    "loss_threshold": 0.0017157108429701616,
    "validation_ratio": 0.005,
    "log_gradients": false,
    "test_batch_size": 64
  },
  "summary": {
    "_runtime": 404.4338150024414,
    "_step": 4,
    "_timestamp": 1735478866.854193,
    "_wandb.runtime": 404,
    "epoch": 1,
    "test_acc_result": 0,
    "total_compute": 2444960464896,
    "train_loss_epoch": 3.4848222732543945,
    "trainer/global_step": 1,
    "val_loss": 2.563727855682373
  }
}