{
  "config": {
    "validation_ratio": 0.005,
    "lr": 0.001,
    "n_embd": 128,
    "mask_idx": 23,
    "task_length": 11,
    "test_dataset_filepath": "./datasets/graph_depth_first_search/1/11/normal/11111/10/True/True/1/128/4/4/35388/8720/test_dataset",
    "seed": 8720,
    "n_layer": 4,
    "warmup_ratio": 0.1,
    "precision": "32",
    "compute_budget": 10000000000,
    "max_steps": 4,
    "early_stopping": false,
    "grad_clip": 1,
    "project_name": "binary-graph_depth_first_search1-gridsearch-11-normal-11111-iteration-113020",
    "run_id": "7d06e0f8-137f-4790-8cf5-aebfdf9b3e7a",
    "n_head": 4,
    "bias": false,
    "threshold_testing": false,
    "weight_decay": 0.1,
    "dropout": 0,
    "task": "graph_depth_first_search",
    "loss_threshold": 0.0017157108429701616,
    "batch_size": 8,
    "val_dataset_filepath": "./datasets/graph_depth_first_search/1/11/normal/11111/10/True/True/1/128/4/4/35388/8720/val_dataset",
    "method": "normal",
    "test_batch_size": 64,
    "train_dataset_filepath": "./datasets/graph_depth_first_search/1/11/normal/11111/10/True/True/1/128/4/4/35388/8720/train_dataset",
    "betas": [
      0.9,
      0.95
    ],
    "log_gradients": false
  },
  "summary": {
    "_runtime": 560.7793364524841,
    "_step": 7,
    "_timestamp": 1735474101.8314955,
    "_wandb.runtime": 560,
    "epoch": 1,
    "test_acc_result": 0,
    "total_compute": 20234895360,
    "train_loss_epoch": 3.033540725708008,
    "trainer/global_step": 4,
    "val_loss": 2.7120251655578613
  }
}