{
  "config": {
    "grad_clip": 1,
    "log_gradients": false,
    "n_embd": 256,
    "precision": "32",
    "test_batch_size": 64,
    "compute_budget": 10000000000,
    "val_dataset_filepath": "./datasets/graph_depth_first_search/1/11/normal/11111/10/True/True/1/256/16/4/15850/9571/val_dataset",
    "method": "normal",
    "warmup_ratio": 0.1,
    "early_stopping": false,
    "batch_size": 64,
    "threshold_testing": false,
    "lr": 0.001,
    "max_steps": 1,
    "validation_ratio": 0.005,
    "n_layer": 16,
    "dropout": 0,
    "weight_decay": 0.1,
    "project_name": "binary-graph_depth_first_search1-gridsearch-11-normal-11111-iteration-113020",
    "mask_idx": 23,
    "loss_threshold": 0.0017157108429701616,
    "task": "graph_depth_first_search",
    "n_head": 4,
    "run_id": "e22e958b-3f31-438d-8c6d-6f25e5b54b68",
    "train_dataset_filepath": "./datasets/graph_depth_first_search/1/11/normal/11111/10/True/True/1/256/16/4/15850/9571/train_dataset",
    "bias": false,
    "test_dataset_filepath": "./datasets/graph_depth_first_search/1/11/normal/11111/10/True/True/1/256/16/4/15850/9571/test_dataset",
    "betas": [
      0.9,
      0.95
    ],
    "task_length": 11,
    "seed": 9571
  },
  "summary": {
    "_runtime": 383.6491310596466,
    "_step": 4,
    "_timestamp": 1735476965.055198,
    "_wandb.runtime": 383,
    "epoch": 1,
    "test_acc_result": 0,
    "total_compute": 623332294656,
    "train_loss_epoch": 3.5268094539642334,
    "trainer/global_step": 1,
    "val_loss": 2.468475818634033
  }
}