{
  "config": {
    "warmup_ratio": 0.1,
    "grad_clip": 1,
    "bias": false,
    "lr": 0.0001,
    "test_dataset_filepath": "./datasets/graph_depth_first_search/1/11/normal/11111/1/True/True/1/128/4/4/13995/38406/test_dataset",
    "train_dataset_filepath": "./datasets/graph_depth_first_search/1/11/normal/11111/1/True/True/1/128/4/4/13995/38406/train_dataset",
    "method": "normal",
    "n_head": 4,
    "betas": [
      0.9,
      0.95
    ],
    "task_length": 11,
    "test_batch_size": 64,
    "task": "graph_depth_first_search",
    "n_embd": 128,
    "validation_ratio": 0.005,
    "weight_decay": 0.1,
    "precision": "32",
    "loss_threshold": 0.0017157108429701616,
    "mask_idx": 23,
    "run_id": "4bdc5ff9-1858-4855-bcda-b9af2fd4ea67",
    "compute_budget": 10000000000,
    "early_stopping": false,
    "val_dataset_filepath": "./datasets/graph_depth_first_search/1/11/normal/11111/1/True/True/1/128/4/4/13995/38406/val_dataset",
    "project_name": "binary-graph_depth_first_search1-gridsearch-11-normal-11111-iteration-113020",
    "n_layer": 4,
    "log_gradients": false,
    "dropout": 0,
    "batch_size": 64,
    "max_steps": 1,
    "seed": 38406,
    "threshold_testing": false
  },
  "summary": {
    "_runtime": 150.25274395942688,
    "_step": 4,
    "_timestamp": 1735477383.7636049,
    "_wandb.runtime": 149,
    "epoch": 1,
    "test_acc_result": 0,
    "total_compute": 40469790720,
    "train_loss_epoch": 3.5913901329040527,
    "trainer/global_step": 1,
    "val_loss": 3.5283632278442383
  }
}