{
  "config": {
    "method": "normal",
    "grad_clip": 1,
    "batch_size": 64,
    "seed": 14361,
    "log_gradients": false,
    "mask_idx": 23,
    "validation_ratio": 0.005,
    "project_name": "binary-graph_depth_first_search1-gridsearch-11-normal-11111-iteration-113020",
    "task": "graph_depth_first_search",
    "betas": [
      0.9,
      0.95
    ],
    "loss_threshold": 0.0017157108429701616,
    "weight_decay": 0.1,
    "test_batch_size": 64,
    "val_dataset_filepath": "./datasets/graph_depth_first_search/1/11/normal/11111/10/True/True/1/64/4/4/14706/14361/val_dataset",
    "test_dataset_filepath": "./datasets/graph_depth_first_search/1/11/normal/11111/10/True/True/1/64/4/4/14706/14361/test_dataset",
    "n_head": 4,
    "train_dataset_filepath": "./datasets/graph_depth_first_search/1/11/normal/11111/10/True/True/1/64/4/4/14706/14361/train_dataset",
    "run_id": "84e7bc48-eb70-4420-bc89-16b7f29ae5d2",
    "bias": false,
    "max_steps": 2,
    "early_stopping": false,
    "task_length": 11,
    "dropout": 0,
    "warmup_ratio": 0.1,
    "precision": "32",
    "n_embd": 64,
    "compute_budget": 10000000000,
    "n_layer": 4,
    "threshold_testing": false,
    "lr": 0.001
  },
  "summary": {
    "_runtime": 167.53264808654785,
    "_step": 5,
    "_timestamp": 1735474070.765855,
    "_wandb.runtime": 166,
    "epoch": 1,
    "test_acc_result": 0,
    "total_compute": 21746417664,
    "train_loss_epoch": 3.422985553741455,
    "trainer/global_step": 2,
    "val_loss": 3.206815719604492
  }
}