{
  "config": {
    "test_batch_size": 64,
    "method": "normal",
    "n_embd": 32,
    "batch_size": 8,
    "val_dataset_filepath": "./datasets/graph_depth_first_search/1/11/normal/11111/100/True/True/1/32/16/4/17358/6830/val_dataset",
    "task": "graph_depth_first_search",
    "validation_ratio": 0.005,
    "max_steps": 14,
    "test_dataset_filepath": "./datasets/graph_depth_first_search/1/11/normal/11111/100/True/True/1/32/16/4/17358/6830/test_dataset",
    "train_dataset_filepath": "./datasets/graph_depth_first_search/1/11/normal/11111/100/True/True/1/32/16/4/17358/6830/train_dataset",
    "dropout": 0,
    "threshold_testing": false,
    "early_stopping": false,
    "n_head": 4,
    "run_id": "ca0723d8-8711-46a7-922b-2ab7145c7f7e",
    "betas": [
      0.9,
      0.95
    ],
    "grad_clip": 1,
    "warmup_ratio": 0.1,
    "n_layer": 16,
    "mask_idx": 23,
    "lr": 0.01,
    "seed": 6830,
    "task_length": 11,
    "log_gradients": false,
    "bias": false,
    "precision": "32",
    "project_name": "binary-graph_depth_first_search1-gridsearch-11-normal-11111-iteration-113020",
    "loss_threshold": 0.0017157108429701616,
    "weight_decay": 0.1,
    "compute_budget": 10000000000
  },
  "summary": {
    "_runtime": 368.5166325569153,
    "_step": 17,
    "_timestamp": 1735476135.0522826,
    "_wandb.runtime": 367,
    "epoch": 1,
    "test_acc_result": 0,
    "total_compute": 21673279488,
    "train_loss_epoch": 2.6398940086364746,
    "trainer/global_step": 14,
    "val_loss": 2.3165206909179688
  }
}