{
  "config": {
    "task_length": 11,
    "early_stopping": false,
    "test_dataset_filepath": "./datasets/graph_depth_first_search/1/11/normal/11111/1/True/True/1/8/4/4/18309/30726/test_dataset",
    "betas": [
      0.9,
      0.95
    ],
    "weight_decay": 0.1,
    "seed": 30726,
    "lr": 0.0001,
    "val_dataset_filepath": "./datasets/graph_depth_first_search/1/11/normal/11111/1/True/True/1/8/4/4/18309/30726/val_dataset",
    "max_steps": 560,
    "precision": "32",
    "compute_budget": 10000000000,
    "n_embd": 8,
    "run_id": "5ddb3107-1db8-4dcd-b42d-528cc754ee41",
    "warmup_ratio": 0.1,
    "loss_threshold": 0.0017157108429701616,
    "mask_idx": 23,
    "bias": false,
    "log_gradients": false,
    "n_layer": 4,
    "batch_size": 8,
    "test_batch_size": 64,
    "project_name": "binary-graph_depth_first_search1-gridsearch-11-normal-11111-iteration-113020",
    "grad_clip": 1,
    "method": "normal",
    "train_dataset_filepath": "./datasets/graph_depth_first_search/1/11/normal/11111/1/True/True/1/8/4/4/18309/30726/train_dataset",
    "threshold_testing": false,
    "task": "graph_depth_first_search",
    "dropout": 0,
    "validation_ratio": 0.005,
    "n_head": 4
  },
  "summary": {
    "_runtime": 249.05818557739258,
    "_step": 305,
    "_timestamp": 1735475864.3107176,
    "_wandb.runtime": 248,
    "epoch": 1,
    "lr-AdamW": 1.0105739293945202e-05,
    "test_acc_result": 0,
    "total_compute": 23465164800,
    "train_loss_epoch": 3.3982443809509277,
    "train_loss_step": 3.309455394744873,
    "trainer/global_step": 560,
    "val_loss": 3.2842376232147217
  }
}