{
  "config": {
    "dropout": 0,
    "train_dataset_filepath": "./datasets/graph_depth_first_search/1/11/normal/11111/100/True/True/1/256/16/4/24316/32214/train_dataset",
    "loss_threshold": 0.0017157108429701616,
    "log_gradients": false,
    "weight_decay": 0.1,
    "validation_ratio": 0.005,
    "n_head": 4,
    "betas": [
      0.9,
      0.95
    ],
    "lr": 0.01,
    "bias": false,
    "threshold_testing": false,
    "precision": "32",
    "test_dataset_filepath": "./datasets/graph_depth_first_search/1/11/normal/11111/100/True/True/1/256/16/4/24316/32214/test_dataset",
    "compute_budget": 10000000000,
    "warmup_ratio": 0.1,
    "run_id": "3b9b7950-abd6-45ba-b3eb-114881f05bcc",
    "batch_size": 8,
    "grad_clip": 1,
    "n_embd": 256,
    "test_batch_size": 64,
    "early_stopping": false,
    "seed": 32214,
    "task_length": 11,
    "method": "normal",
    "n_layer": 16,
    "val_dataset_filepath": "./datasets/graph_depth_first_search/1/11/normal/11111/100/True/True/1/256/16/4/24316/32214/val_dataset",
    "mask_idx": 23,
    "project_name": "binary-graph_depth_first_search1-gridsearch-11-normal-11111-iteration-113020",
    "task": "graph_depth_first_search",
    "max_steps": 1
  },
  "summary": {
    "_runtime": 359.7203450202942,
    "_step": 4,
    "_timestamp": 1735477186.106007,
    "_wandb.runtime": 359,
    "epoch": 1,
    "test_acc_result": 0,
    "total_compute": 77916536832,
    "train_loss_epoch": 3.445011615753174,
    "trainer/global_step": 1,
    "val_loss": 2.641218423843384
  }
}