{
  "config": {
    "validation_ratio": 0.005,
    "project_name": "binary-graph_depth_first_search1-gridsearch-11-normal-11111-iteration-113020",
    "log_gradients": false,
    "n_embd": 64,
    "task_length": 11,
    "warmup_ratio": 0.1,
    "betas": [
      0.9,
      0.95
    ],
    "run_id": "70eec0d4-e0f2-4288-a736-6d077529e98d",
    "test_dataset_filepath": "./datasets/graph_depth_first_search/1/11/normal/11111/1000/True/True/1/64/4/4/22549/16000/test_dataset",
    "bias": false,
    "n_layer": 4,
    "task": "graph_depth_first_search",
    "precision": "32",
    "early_stopping": false,
    "mask_idx": 23,
    "seed": 16000,
    "compute_budget": 10000000000,
    "loss_threshold": 0.0017157108429701616,
    "batch_size": 64,
    "n_head": 4,
    "dropout": 0,
    "val_dataset_filepath": "./datasets/graph_depth_first_search/1/11/normal/11111/1000/True/True/1/64/4/4/22549/16000/val_dataset",
    "lr": 0.1,
    "test_batch_size": 64,
    "method": "normal",
    "train_dataset_filepath": "./datasets/graph_depth_first_search/1/11/normal/11111/1000/True/True/1/64/4/4/22549/16000/train_dataset",
    "grad_clip": 1,
    "max_steps": 2,
    "weight_decay": 0.1,
    "threshold_testing": false
  },
  "summary": {
    "_runtime": 432.4391872882843,
    "_step": 5,
    "_timestamp": 1735476014.9412313,
    "_wandb.runtime": 431,
    "epoch": 1,
    "test_acc_result": 0,
    "total_compute": 21746417664,
    "train_loss_epoch": 3.1555302143096924,
    "trainer/global_step": 2,
    "val_loss": 2.8207364082336426
  }
}