{
  "config": {
    "validation_ratio": 0.005,
    "run_id": "056ecd4b-9c25-409e-b945-440a5c3f0285",
    "mask_idx": 23,
    "n_embd": 16,
    "threshold_testing": false,
    "warmup_ratio": 0.1,
    "task_length": 11,
    "weight_decay": 0.1,
    "dropout": 0,
    "loss_threshold": 0.0017157108429701616,
    "early_stopping": false,
    "max_steps": 182,
    "grad_clip": 1,
    "batch_size": 8,
    "bias": false,
    "compute_budget": 10000000000,
    "precision": "32",
    "val_dataset_filepath": "./datasets/graph_depth_first_search/1/11/normal/11111/1/True/True/1/16/4/4/401/18858/val_dataset",
    "log_gradients": false,
    "task": "graph_depth_first_search",
    "method": "normal",
    "n_layer": 4,
    "project_name": "binary-graph_depth_first_search1-gridsearch-11-normal-11111-iteration-113020",
    "test_batch_size": 64,
    "lr": 0.0001,
    "seed": 18858,
    "test_dataset_filepath": "./datasets/graph_depth_first_search/1/11/normal/11111/1/True/True/1/16/4/4/401/18858/test_dataset",
    "betas": [
      0.9,
      0.95
    ],
    "n_head": 4,
    "train_dataset_filepath": "./datasets/graph_depth_first_search/1/11/normal/11111/1/True/True/1/16/4/4/401/18858/train_dataset"
  },
  "summary": {
    "_runtime": 214.34362030029297,
    "_step": 191,
    "_timestamp": 1735478665.8338132,
    "_wandb.runtime": 213,
    "epoch": 1,
    "lr-AdamW": 1.8695838997745278e-05,
    "test_acc_result": 0,
    "total_compute": 21907931136,
    "train_loss_epoch": 3.3152077198028564,
    "train_loss_step": 3.3252222537994385,
    "trainer/global_step": 182,
    "val_loss": 3.250507116317749
  }
}