{
  "config": {
    "log_gradients": false,
    "betas": [
      0.9,
      0.95
    ],
    "test_batch_size": 64,
    "test_dataset_filepath": "./datasets/graph_depth_first_search/1/11/normal/11111/10/True/True/1/256/4/4/11909/11359/test_dataset",
    "seed": 11359,
    "weight_decay": 0.1,
    "loss_threshold": 0.0017157108429701616,
    "grad_clip": 1,
    "warmup_ratio": 0.1,
    "project_name": "binary-graph_depth_first_search1-gridsearch-11-normal-11111-iteration-113020",
    "threshold_testing": false,
    "validation_ratio": 0.005,
    "train_dataset_filepath": "./datasets/graph_depth_first_search/1/11/normal/11111/10/True/True/1/256/4/4/11909/11359/train_dataset",
    "task": "graph_depth_first_search",
    "batch_size": 64,
    "n_layer": 4,
    "max_steps": 1,
    "precision": "32",
    "method": "normal",
    "run_id": "60818af4-8ae1-4e48-aaf7-d0b44de9cc4a",
    "compute_budget": 10000000000,
    "early_stopping": false,
    "lr": 0.001,
    "bias": false,
    "val_dataset_filepath": "./datasets/graph_depth_first_search/1/11/normal/11111/10/True/True/1/256/4/4/11909/11359/val_dataset",
    "task_length": 11,
    "n_head": 4,
    "mask_idx": 23,
    "n_embd": 256,
    "dropout": 0
  },
  "summary": {
    "_runtime": 125.59421372413635,
    "_step": 4,
    "_timestamp": 1735474649.0253658,
    "_wandb.runtime": 124,
    "epoch": 1,
    "test_acc_result": 0,
    "total_compute": 155833073664,
    "train_loss_epoch": 3.5333633422851562,
    "trainer/global_step": 1,
    "val_loss": 2.6691105365753174
  }
}