{
  "config": {
    "threshold_testing": false,
    "loss_threshold": 0.0017157108429701616,
    "mask_idx": 23,
    "max_steps": 1,
    "batch_size": 8,
    "task": "graph_depth_first_search",
    "n_head": 4,
    "validation_ratio": 0.005,
    "precision": "32",
    "early_stopping": false,
    "test_batch_size": 64,
    "dropout": 0,
    "compute_budget": 10000000000,
    "task_length": 11,
    "warmup_ratio": 0.1,
    "bias": false,
    "n_layer": 4,
    "grad_clip": 1,
    "seed": 12809,
    "betas": [
      0.9,
      0.95
    ],
    "method": "normal",
    "lr": 0.1,
    "log_gradients": false,
    "train_dataset_filepath": "./datasets/graph_depth_first_search/1/11/normal/11111/1000/True/True/1/512/4/4/21882/12809/train_dataset",
    "run_id": "e42163d4-56cc-4d1b-8830-1f49ce2a1083",
    "weight_decay": 0.1,
    "val_dataset_filepath": "./datasets/graph_depth_first_search/1/11/normal/11111/1000/True/True/1/512/4/4/21882/12809/val_dataset",
    "test_dataset_filepath": "./datasets/graph_depth_first_search/1/11/normal/11111/1000/True/True/1/512/4/4/21882/12809/test_dataset",
    "n_embd": 512,
    "project_name": "binary-graph_depth_first_search1-gridsearch-11-normal-11111-iteration-113020"
  },
  "summary": {
    "_runtime": 277.8215036392212,
    "_step": 4,
    "_timestamp": 1735474954.2801316,
    "_wandb.runtime": 277,
    "epoch": 1,
    "test_acc_result": 0,
    "total_compute": 76405014528,
    "train_loss_epoch": 3.472423791885376,
    "trainer/global_step": 1,
    "val_loss": 6.431604385375977
  }
}