{
  "config": {
    "test_batch_size": 64,
    "threshold_testing": false,
    "validation_ratio": 0.005,
    "lr": 0.001,
    "seed": 14303,
    "n_embd": 512,
    "method": "normal",
    "dropout": 0,
    "train_dataset_filepath": "./datasets/graph_depth_first_search/1/11/normal/11111/10/True/True/1/512/16/4/15466/14303/train_dataset",
    "batch_size": 8,
    "early_stopping": false,
    "compute_budget": 10000000000,
    "warmup_ratio": 0.1,
    "max_steps": 1,
    "val_dataset_filepath": "./datasets/graph_depth_first_search/1/11/normal/11111/10/True/True/1/512/16/4/15466/14303/val_dataset",
    "grad_clip": 1,
    "loss_threshold": 0.0017157108429701616,
    "task": "graph_depth_first_search",
    "weight_decay": 0.1,
    "test_dataset_filepath": "./datasets/graph_depth_first_search/1/11/normal/11111/10/True/True/1/512/16/4/15466/14303/test_dataset",
    "n_head": 4,
    "task_length": 11,
    "log_gradients": false,
    "precision": "32",
    "bias": false,
    "run_id": "879c0e27-fcf9-4e7b-a095-e6d36b0897ac",
    "mask_idx": 23,
    "n_layer": 16,
    "project_name": "binary-graph_depth_first_search1-gridsearch-11-normal-11111-iteration-113020",
    "betas": [
      0.9,
      0.95
    ]
  },
  "summary": {
    "_runtime": 340.3921437263489,
    "_step": 4,
    "_timestamp": 1735478056.4107628,
    "_wandb.runtime": 340,
    "epoch": 1,
    "test_acc_result": 0,
    "total_compute": 305620058112,
    "train_loss_epoch": 3.392439842224121,
    "trainer/global_step": 1,
    "val_loss": 2.5794765949249268
  }
}