{
  "config": {
    "n_embd": 16,
    "n_head": 4,
    "grad_clip": 1,
    "train_dataset_filepath": "./datasets/graph_depth_first_search/1/11/normal/11111/1000/True/True/1/16/4/4/16301/30567/train_dataset",
    "max_steps": 182,
    "log_gradients": false,
    "seed": 30567,
    "project_name": "binary-graph_depth_first_search1-gridsearch-11-normal-11111-iteration-113020",
    "compute_budget": 10000000000,
    "method": "normal",
    "precision": "32",
    "batch_size": 8,
    "task": "graph_depth_first_search",
    "bias": false,
    "mask_idx": 23,
    "warmup_ratio": 0.1,
    "lr": 0.1,
    "run_id": "ac1e10ae-f8e8-4608-82e6-86b6e5b4e134",
    "weight_decay": 0.1,
    "loss_threshold": 0.0017157108429701616,
    "early_stopping": false,
    "n_layer": 4,
    "task_length": 11,
    "threshold_testing": false,
    "betas": [
      0.9,
      0.95
    ],
    "val_dataset_filepath": "./datasets/graph_depth_first_search/1/11/normal/11111/1000/True/True/1/16/4/4/16301/30567/val_dataset",
    "test_batch_size": 64,
    "validation_ratio": 0.005,
    "test_dataset_filepath": "./datasets/graph_depth_first_search/1/11/normal/11111/1000/True/True/1/16/4/4/16301/30567/test_dataset",
    "dropout": 0
  },
  "summary": {
    "_runtime": 241.9531319141388,
    "_step": 191,
    "_timestamp": 1735476771.7488089,
    "_wandb.runtime": 241,
    "epoch": 1,
    "lr-AdamW": 0.018695838997745278,
    "test_acc_result": 0,
    "total_compute": 21907931136,
    "train_loss_epoch": 2.060903787612915,
    "train_loss_step": 1.7595248222351074,
    "trainer/global_step": 182,
    "val_loss": 1.735477089881897
  }
}