{
  "config": {
    "weight_decay": 0.1,
    "task": "graph_depth_first_search",
    "betas": [
      0.9,
      0.95
    ],
    "precision": "32",
    "threshold_testing": false,
    "warmup_ratio": 0.1,
    "n_layer": 4,
    "train_dataset_filepath": "./datasets/graph_depth_first_search/1/11/normal/11111/100/True/True/1/32/4/4/30830/37750/train_dataset",
    "run_id": "0f65746f-48e2-494b-a850-ce8bf10a7834",
    "batch_size": 64,
    "seed": 37750,
    "grad_clip": 1,
    "n_head": 4,
    "early_stopping": false,
    "val_dataset_filepath": "./datasets/graph_depth_first_search/1/11/normal/11111/100/True/True/1/32/4/4/30830/37750/val_dataset",
    "n_embd": 32,
    "max_steps": 7,
    "bias": false,
    "task_length": 11,
    "lr": 0.01,
    "mask_idx": 23,
    "log_gradients": false,
    "test_dataset_filepath": "./datasets/graph_depth_first_search/1/11/normal/11111/100/True/True/1/32/4/4/30830/37750/test_dataset",
    "method": "normal",
    "project_name": "binary-graph_depth_first_search1-gridsearch-11-normal-11111-iteration-113020",
    "loss_threshold": 0.0017157108429701616,
    "test_batch_size": 64,
    "dropout": 0,
    "validation_ratio": 0.005,
    "compute_budget": 10000000000
  },
  "summary": {
    "_runtime": 295.57208466529846,
    "_step": 10,
    "_timestamp": 1735478200.6452777,
    "_wandb.runtime": 294,
    "epoch": 1,
    "test_acc_result": 0,
    "total_compute": 21673279488,
    "train_loss_epoch": 2.6997432708740234,
    "trainer/global_step": 7,
    "val_loss": 2.38349986076355
  }
}