{
  "config": {
    "weight_decay": 0.1,
    "run_id": "7762a83f-eced-46de-8891-501a2e469f38",
    "precision": "32",
    "project_name": "binary-graph_depth_first_search1-gridsearch-11-normal-11111-iteration-113020",
    "warmup_ratio": 0.1,
    "max_steps": 1,
    "bias": false,
    "task_length": 11,
    "batch_size": 64,
    "dropout": 0,
    "betas": [
      0.9,
      0.95
    ],
    "task": "graph_depth_first_search",
    "val_dataset_filepath": "./datasets/graph_depth_first_search/1/11/normal/11111/1000/True/True/1/512/16/4/6763/34476/val_dataset",
    "early_stopping": false,
    "test_batch_size": 64,
    "validation_ratio": 0.005,
    "n_embd": 512,
    "train_dataset_filepath": "./datasets/graph_depth_first_search/1/11/normal/11111/1000/True/True/1/512/16/4/6763/34476/train_dataset",
    "method": "normal",
    "n_layer": 16,
    "compute_budget": 10000000000,
    "seed": 34476,
    "loss_threshold": 0.0017157108429701616,
    "n_head": 4,
    "test_dataset_filepath": "./datasets/graph_depth_first_search/1/11/normal/11111/1000/True/True/1/512/16/4/6763/34476/test_dataset",
    "grad_clip": 1,
    "log_gradients": false,
    "threshold_testing": false,
    "lr": 0.1,
    "mask_idx": 23
  },
  "summary": {
    "_runtime": 318.29378390312195,
    "_step": 4,
    "_timestamp": 1735475288.0206728,
    "_wandb.runtime": 318,
    "epoch": 1,
    "test_acc_result": 0,
    "total_compute": 2444960464896,
    "train_loss_epoch": 3.4861855506896973,
    "trainer/global_step": 1,
    "val_loss": 3.794396162033081
  }
}