{
  "config": {
    "dropout": 0,
    "n_layer": 4,
    "task_length": 11,
    "max_steps": 1,
    "method": "normal",
    "val_dataset_filepath": "./datasets/graph_depth_first_search/1/11/normal/11111/1000/True/True/1/512/4/4/12937/25402/val_dataset",
    "warmup_ratio": 0.1,
    "validation_ratio": 0.005,
    "log_gradients": false,
    "early_stopping": false,
    "batch_size": 64,
    "train_dataset_filepath": "./datasets/graph_depth_first_search/1/11/normal/11111/1000/True/True/1/512/4/4/12937/25402/train_dataset",
    "bias": false,
    "loss_threshold": 0.0017157108429701616,
    "project_name": "binary-graph_depth_first_search1-gridsearch-11-normal-11111-iteration-113020",
    "seed": 25402,
    "test_dataset_filepath": "./datasets/graph_depth_first_search/1/11/normal/11111/1000/True/True/1/512/4/4/12937/25402/test_dataset",
    "grad_clip": 1,
    "compute_budget": 10000000000,
    "n_head": 4,
    "test_batch_size": 64,
    "betas": [
      0.9,
      0.95
    ],
    "threshold_testing": false,
    "task": "graph_depth_first_search",
    "run_id": "d1d4c620-5a9e-47a4-8092-93e59dfcda53",
    "lr": 0.1,
    "weight_decay": 0.1,
    "mask_idx": 23,
    "n_embd": 512,
    "precision": "32"
  },
  "summary": {
    "_runtime": 226.53544163703918,
    "_step": 4,
    "_timestamp": 1735474734.9568136,
    "_wandb.runtime": 226,
    "epoch": 1,
    "test_acc_result": 0,
    "total_compute": 611240116224,
    "train_loss_epoch": 3.6375112533569336,
    "trainer/global_step": 1,
    "val_loss": 7.826809883117676
  }
}