{
  "config": {
    "run_id": "ffd93736-2540-4e01-8c9b-db29230771d3",
    "log_gradients": false,
    "early_stopping": false,
    "lr": 0.0001,
    "seed": 16249,
    "loss_threshold": 0.0017157108429701616,
    "method": "normal",
    "mask_idx": 23,
    "batch_size": 8,
    "train_dataset_filepath": "./datasets/graph_depth_first_search/1/11/normal/11111/1/True/True/1/32/4/4/25587/16249/train_dataset",
    "task": "graph_depth_first_search",
    "n_head": 4,
    "test_dataset_filepath": "./datasets/graph_depth_first_search/1/11/normal/11111/1/True/True/1/32/4/4/25587/16249/test_dataset",
    "max_steps": 53,
    "bias": false,
    "test_batch_size": 64,
    "project_name": "binary-graph_depth_first_search1-gridsearch-11-normal-11111-iteration-113020",
    "val_dataset_filepath": "./datasets/graph_depth_first_search/1/11/normal/11111/1/True/True/1/32/4/4/25587/16249/val_dataset",
    "weight_decay": 0.1,
    "threshold_testing": false,
    "compute_budget": 10000000000,
    "grad_clip": 1,
    "validation_ratio": 0.005,
    "dropout": 0,
    "task_length": 11,
    "warmup_ratio": 0.1,
    "betas": [
      0.9,
      0.95
    ],
    "n_embd": 32,
    "precision": "32",
    "n_layer": 4
  },
  "summary": {
    "_runtime": 289.9461052417755,
    "_step": 58,
    "_timestamp": 1735476189.9194121,
    "_wandb.runtime": 289,
    "epoch": 1,
    "lr-AdamW": 1.1533337816991932e-05,
    "test_acc_result": 0,
    "total_compute": 20512210944,
    "train_loss_epoch": 3.30076003074646,
    "train_loss_step": 3.2997195720672607,
    "trainer/global_step": 53,
    "val_loss": 3.258864402770996
  }
}