{
  "config": {
    "project_name": "binary-graph_depth_first_search1-gridsearch-11-normal-11111-iteration-113020",
    "dropout": 0,
    "grad_clip": 1,
    "n_head": 4,
    "batch_size": 64,
    "threshold_testing": false,
    "early_stopping": false,
    "bias": false,
    "weight_decay": 0.1,
    "seed": 24802,
    "mask_idx": 23,
    "validation_ratio": 0.005,
    "method": "normal",
    "precision": "32",
    "compute_budget": 10000000000,
    "loss_threshold": 0.0017157108429701616,
    "val_dataset_filepath": "./datasets/graph_depth_first_search/1/11/normal/11111/1/True/True/1/16/16/4/28826/24802/val_dataset",
    "lr": 0.0001,
    "log_gradients": false,
    "n_embd": 16,
    "betas": [
      0.9,
      0.95
    ],
    "max_steps": 6,
    "test_batch_size": 64,
    "n_layer": 16,
    "train_dataset_filepath": "./datasets/graph_depth_first_search/1/11/normal/11111/1/True/True/1/16/16/4/28826/24802/train_dataset",
    "test_dataset_filepath": "./datasets/graph_depth_first_search/1/11/normal/11111/1/True/True/1/16/16/4/28826/24802/test_dataset",
    "task_length": 11,
    "run_id": "f10416bc-443e-4822-a52f-79f12bbbb227",
    "task": "graph_depth_first_search",
    "warmup_ratio": 0.1
  },
  "summary": {
    "_runtime": 692.8377201557159,
    "_step": 9,
    "_timestamp": 1735476911.9169772,
    "_wandb.runtime": 692,
    "epoch": 1,
    "test_acc_result": 0,
    "total_compute": 23111663616,
    "train_loss_epoch": 3.423842191696167,
    "trainer/global_step": 6,
    "val_loss": 3.4132440090179443
  }
}