{
  "config": {
    "batch_size": 64,
    "early_stopping": false,
    "compute_budget": 10000000000,
    "task_length": 11,
    "weight_decay": 0.1,
    "n_layer": 4,
    "project_name": "binary-graph_depth_first_search1-gridsearch-11-normal-11111-iteration-113020",
    "test_dataset_filepath": "./datasets/graph_depth_first_search/1/11/normal/11111/100/True/True/1/512/4/4/20647/2620/test_dataset",
    "dropout": 0,
    "n_head": 4,
    "n_embd": 512,
    "train_dataset_filepath": "./datasets/graph_depth_first_search/1/11/normal/11111/100/True/True/1/512/4/4/20647/2620/train_dataset",
    "lr": 0.01,
    "mask_idx": 23,
    "seed": 2620,
    "precision": "32",
    "grad_clip": 1,
    "val_dataset_filepath": "./datasets/graph_depth_first_search/1/11/normal/11111/100/True/True/1/512/4/4/20647/2620/val_dataset",
    "method": "normal",
    "log_gradients": false,
    "betas": [
      0.9,
      0.95
    ],
    "warmup_ratio": 0.1,
    "bias": false,
    "task": "graph_depth_first_search",
    "loss_threshold": 0.0017157108429701616,
    "test_batch_size": 64,
    "run_id": "6be6ad9c-0fc3-41d4-a13c-6e02c652d8ef",
    "threshold_testing": false,
    "validation_ratio": 0.005,
    "max_steps": 1
  },
  "summary": {
    "_runtime": 102.8520929813385,
    "_step": 4,
    "_timestamp": 1735474308.304302,
    "_wandb.runtime": 102,
    "epoch": 1,
    "test_acc_result": 0,
    "total_compute": 611240116224,
    "train_loss_epoch": 3.5127522945404053,
    "trainer/global_step": 1,
    "val_loss": 3.1148228645324707
  }
}