{
  "config": {
    "n_layer": 4,
    "warmup_ratio": 0.1,
    "lr": 0.1,
    "batch_size": 64,
    "test_batch_size": 64,
    "betas": [
      0.9,
      0.95
    ],
    "threshold_testing": false,
    "n_embd": 32,
    "test_dataset_filepath": "./datasets/graph_depth_first_search/1/11/normal/11111/1000/True/True/1/32/4/4/33525/15465/test_dataset",
    "method": "normal",
    "max_steps": 7,
    "early_stopping": false,
    "dropout": 0,
    "bias": false,
    "loss_threshold": 0.0017157108429701616,
    "weight_decay": 0.1,
    "run_id": "26980878-eabe-489d-85bc-b0199ed94742",
    "precision": "32",
    "n_head": 4,
    "mask_idx": 23,
    "val_dataset_filepath": "./datasets/graph_depth_first_search/1/11/normal/11111/1000/True/True/1/32/4/4/33525/15465/val_dataset",
    "task_length": 11,
    "project_name": "binary-graph_depth_first_search1-gridsearch-11-normal-11111-iteration-113020",
    "task": "graph_depth_first_search",
    "compute_budget": 10000000000,
    "validation_ratio": 0.005,
    "log_gradients": false,
    "seed": 15465,
    "grad_clip": 1,
    "train_dataset_filepath": "./datasets/graph_depth_first_search/1/11/normal/11111/1000/True/True/1/32/4/4/33525/15465/train_dataset"
  },
  "summary": {
    "_runtime": 308.87236881256104,
    "_step": 10,
    "_timestamp": 1735473191.8775058,
    "_wandb.runtime": 308,
    "epoch": 1,
    "test_acc_result": 0,
    "total_compute": 21673279488,
    "train_loss_epoch": 3.3607027530670166,
    "trainer/global_step": 7,
    "val_loss": 2.8953115940093994
  }
}