{
  "config": {
    "max_steps": 52,
    "bias": false,
    "test_dataset_filepath": "./datasets/graph_depth_first_search/1/11/normal/11111/100/True/True/1/32/4/4/15859/11087/test_dataset",
    "seed": 11087,
    "early_stopping": false,
    "train_dataset_filepath": "./datasets/graph_depth_first_search/1/11/normal/11111/100/True/True/1/32/4/4/15859/11087/train_dataset",
    "dropout": 0,
    "precision": "32",
    "mask_idx": 23,
    "test_batch_size": 64,
    "threshold_testing": false,
    "loss_threshold": 0.0017157108429701616,
    "task_length": 11,
    "validation_ratio": 0.005,
    "log_gradients": false,
    "n_layer": 4,
    "val_dataset_filepath": "./datasets/graph_depth_first_search/1/11/normal/11111/100/True/True/1/32/4/4/15859/11087/val_dataset",
    "lr": 0.01,
    "grad_clip": 1,
    "method": "normal",
    "n_embd": 32,
    "n_head": 4,
    "batch_size": 8,
    "task": "graph_depth_first_search",
    "weight_decay": 0.1,
    "run_id": "5e03c407-ef9f-4563-a90f-5af6a775a637",
    "project_name": "binary-graph_depth_first_search1-gridsearch-11-normal-11111-iteration-113020",
    "compute_budget": 10000000000,
    "betas": [
      0.9,
      0.95
    ],
    "warmup_ratio": 0.1
  },
  "summary": {
    "_runtime": 395.5853343009949,
    "_step": 57,
    "_timestamp": 1735477164.8257003,
    "_wandb.runtime": 394,
    "epoch": 1,
    "lr-AdamW": 0.0010901723273353597,
    "test_acc_result": 0,
    "total_compute": 20125188096,
    "train_loss_epoch": 2.349870443344116,
    "train_loss_step": 2.1547460556030273,
    "trainer/global_step": 52,
    "val_loss": 2.0985074043273926
  }
}