{
  "config": {
    "task_length": 11,
    "early_stopping": false,
    "compute_budget": 10000000000,
    "train_dataset_filepath": "./datasets/graph_depth_first_search/1/11/normal/11111/100/True/True/1/16/16/4/24666/111/train_dataset",
    "mask_idx": 23,
    "test_dataset_filepath": "./datasets/graph_depth_first_search/1/11/normal/11111/100/True/True/1/16/16/4/24666/111/test_dataset",
    "task": "graph_depth_first_search",
    "precision": "32",
    "test_batch_size": 64,
    "max_steps": 6,
    "dropout": 0,
    "method": "normal",
    "log_gradients": false,
    "n_head": 4,
    "seed": 111,
    "validation_ratio": 0.005,
    "project_name": "binary-graph_depth_first_search1-gridsearch-11-normal-11111-iteration-113020",
    "val_dataset_filepath": "./datasets/graph_depth_first_search/1/11/normal/11111/100/True/True/1/16/16/4/24666/111/val_dataset",
    "batch_size": 64,
    "loss_threshold": 0.0017157108429701616,
    "threshold_testing": false,
    "weight_decay": 0.1,
    "lr": 0.01,
    "betas": [
      0.9,
      0.95
    ],
    "grad_clip": 1,
    "run_id": "67840f9f-43fd-4d9f-a69d-e45d622375eb",
    "bias": false,
    "warmup_ratio": 0.1,
    "n_layer": 16,
    "n_embd": 16
  },
  "summary": {
    "_runtime": 404.73631286621094,
    "_step": 9,
    "_timestamp": 1735478599.398443,
    "_wandb.runtime": 404,
    "epoch": 1,
    "test_acc_result": 0,
    "total_compute": 23111663616,
    "train_loss_epoch": 3.026312828063965,
    "trainer/global_step": 6,
    "val_loss": 2.754682779312134
  }
}