{
  "config": {
    "compute_budget": 10000000000,
    "task": "graph_depth_first_search",
    "threshold_testing": false,
    "loss_threshold": 0.0017157108429701616,
    "warmup_ratio": 0.1,
    "weight_decay": 0.1,
    "log_gradients": false,
    "mask_idx": 23,
    "grad_clip": 1,
    "early_stopping": false,
    "betas": [
      0.9,
      0.95
    ],
    "test_dataset_filepath": "./datasets/graph_depth_first_search/1/11/normal/11111/1000/True/True/1/256/4/4/24207/13676/test_dataset",
    "n_layer": 4,
    "val_dataset_filepath": "./datasets/graph_depth_first_search/1/11/normal/11111/1000/True/True/1/256/4/4/24207/13676/val_dataset",
    "run_id": "8f9215f2-e416-4279-9938-0f62d7b5ef43",
    "max_steps": 1,
    "train_dataset_filepath": "./datasets/graph_depth_first_search/1/11/normal/11111/1000/True/True/1/256/4/4/24207/13676/train_dataset",
    "task_length": 11,
    "n_head": 4,
    "test_batch_size": 64,
    "precision": "32",
    "lr": 0.1,
    "dropout": 0,
    "bias": false,
    "n_embd": 256,
    "project_name": "binary-graph_depth_first_search1-gridsearch-11-normal-11111-iteration-113020",
    "validation_ratio": 0.005,
    "seed": 13676,
    "batch_size": 64,
    "method": "normal"
  },
  "summary": {
    "_runtime": 100.57185530662537,
    "_step": 4,
    "_timestamp": 1735474168.6275282,
    "_wandb.runtime": 99,
    "epoch": 1,
    "test_acc_result": 0,
    "total_compute": 155833073664,
    "train_loss_epoch": 3.4529709815979004,
    "trainer/global_step": 1,
    "val_loss": 3.392247200012207
  }
}