{
  "config": {
    "threshold_testing": false,
    "run_id": "f95ce228-2dd4-4162-a921-45ab880458d5",
    "validation_ratio": 0.005,
    "bias": false,
    "task": "graph_depth_first_search",
    "project_name": "binary-graph_depth_first_search1-gridsearch-11-normal-11111-iteration-113020",
    "train_dataset_filepath": "./datasets/graph_depth_first_search/1/11/normal/11111/1000/True/True/1/32/16/4/20649/31111/train_dataset",
    "warmup_ratio": 0.1,
    "batch_size": 64,
    "betas": [
      0.9,
      0.95
    ],
    "mask_idx": 23,
    "val_dataset_filepath": "./datasets/graph_depth_first_search/1/11/normal/11111/1000/True/True/1/32/16/4/20649/31111/val_dataset",
    "grad_clip": 1,
    "task_length": 11,
    "early_stopping": false,
    "dropout": 0,
    "loss_threshold": 0.0017157108429701616,
    "n_head": 4,
    "precision": "32",
    "log_gradients": false,
    "weight_decay": 0.1,
    "max_steps": 2,
    "test_dataset_filepath": "./datasets/graph_depth_first_search/1/11/normal/11111/1000/True/True/1/32/16/4/20649/31111/test_dataset",
    "test_batch_size": 64,
    "lr": 0.1,
    "compute_budget": 10000000000,
    "method": "normal",
    "seed": 31111,
    "n_embd": 32,
    "n_layer": 16
  },
  "summary": {
    "_runtime": 268.2777690887451,
    "_step": 5,
    "_timestamp": 1735474567.684947,
    "_wandb.runtime": 267,
    "epoch": 1,
    "test_acc_result": 0,
    "total_compute": 24769462272,
    "train_loss_epoch": 3.131355047225952,
    "trainer/global_step": 2,
    "val_loss": 2.816237449645996
  }
}