{
  "config": {
    "early_stopping": false,
    "threshold_testing": false,
    "loss_threshold": 0.0017157108429701616,
    "grad_clip": 1,
    "bias": false,
    "betas": [
      0.9,
      0.95
    ],
    "task": "graph_depth_first_search",
    "n_layer": 4,
    "lr": 0.1,
    "validation_ratio": 0.005,
    "val_dataset_filepath": "./datasets/graph_depth_first_search/1/11/normal/11111/1000/True/True/1/256/4/4/39941/21570/val_dataset",
    "project_name": "binary-graph_depth_first_search1-gridsearch-11-normal-11111-iteration-113020",
    "task_length": 11,
    "dropout": 0,
    "batch_size": 8,
    "compute_budget": 10000000000,
    "n_head": 4,
    "max_steps": 1,
    "train_dataset_filepath": "./datasets/graph_depth_first_search/1/11/normal/11111/1000/True/True/1/256/4/4/39941/21570/train_dataset",
    "mask_idx": 23,
    "log_gradients": false,
    "method": "normal",
    "test_dataset_filepath": "./datasets/graph_depth_first_search/1/11/normal/11111/1000/True/True/1/256/4/4/39941/21570/test_dataset",
    "precision": "32",
    "weight_decay": 0.1,
    "test_batch_size": 64,
    "seed": 21570,
    "warmup_ratio": 0.1,
    "n_embd": 256,
    "run_id": "ecc8f270-5e76-47e2-9c8c-b2cda3d55313"
  },
  "summary": {
    "_runtime": 103.55964159965515,
    "_step": 4,
    "_timestamp": 1735474550.6808035,
    "_wandb.runtime": 102,
    "epoch": 1,
    "test_acc_result": 0,
    "total_compute": 19479134208,
    "train_loss_epoch": 3.443582057952881,
    "trainer/global_step": 1,
    "val_loss": 4.22744607925415
  }
}