{
  "config": {
    "test_batch_size": 64,
    "max_steps": 1,
    "compute_budget": 10000000000,
    "lr": 0.1,
    "batch_size": 64,
    "test_dataset_filepath": "./datasets/graph_depth_first_search/1/11/normal/11111/1000/True/True/1/64/16/4/2069/13299/test_dataset",
    "mask_idx": 23,
    "n_embd": 64,
    "task_length": 11,
    "betas": [
      0.9,
      0.95
    ],
    "method": "normal",
    "project_name": "binary-graph_depth_first_search1-gridsearch-11-normal-11111-iteration-113020",
    "run_id": "8a6c02af-5a12-4436-b861-89d3af95a941",
    "weight_decay": 0.1,
    "train_dataset_filepath": "./datasets/graph_depth_first_search/1/11/normal/11111/1000/True/True/1/64/16/4/2069/13299/train_dataset",
    "seed": 13299,
    "validation_ratio": 0.005,
    "val_dataset_filepath": "./datasets/graph_depth_first_search/1/11/normal/11111/1000/True/True/1/64/16/4/2069/13299/val_dataset",
    "task": "graph_depth_first_search",
    "bias": false,
    "warmup_ratio": 0.1,
    "n_head": 4,
    "loss_threshold": 0.0017157108429701616,
    "n_layer": 16,
    "precision": "32",
    "early_stopping": false,
    "dropout": 0,
    "threshold_testing": false,
    "log_gradients": false,
    "grad_clip": 1
  },
  "summary": {
    "_runtime": 275.1467990875244,
    "_step": 4,
    "_timestamp": 1735478627.7334192,
    "_wandb.runtime": 274,
    "epoch": 1,
    "test_acc_result": 0,
    "total_compute": 43492835328,
    "train_loss_epoch": 3.5022854804992676,
    "trainer/global_step": 1,
    "val_loss": 5.242038726806641
  }
}