{
  "config": {
    "threshold_testing": false,
    "n_head": 4,
    "run_id": "cf0024f1-3c46-401f-a11d-8bd767eb0a0c",
    "n_embd": 512,
    "warmup_ratio": 0.1,
    "weight_decay": 0.1,
    "method": "normal",
    "bias": false,
    "loss_threshold": 0.0017157108429701616,
    "test_dataset_filepath": "./datasets/graph_depth_first_search/1/11/normal/11111/1/True/True/1/512/16/4/37273/26625/test_dataset",
    "mask_idx": 23,
    "task_length": 11,
    "compute_budget": 10000000000,
    "project_name": "binary-graph_depth_first_search1-gridsearch-11-normal-11111-iteration-113020",
    "batch_size": 8,
    "dropout": 0,
    "lr": 0.0001,
    "validation_ratio": 0.005,
    "grad_clip": 1,
    "task": "graph_depth_first_search",
    "val_dataset_filepath": "./datasets/graph_depth_first_search/1/11/normal/11111/1/True/True/1/512/16/4/37273/26625/val_dataset",
    "seed": 26625,
    "betas": [
      0.9,
      0.95
    ],
    "log_gradients": false,
    "precision": "32",
    "n_layer": 16,
    "max_steps": 1,
    "test_batch_size": 64,
    "early_stopping": false,
    "train_dataset_filepath": "./datasets/graph_depth_first_search/1/11/normal/11111/1/True/True/1/512/16/4/37273/26625/train_dataset"
  },
  "summary": {
    "_runtime": 370.0416259765625,
    "_step": 4,
    "_timestamp": 1735477806.489958,
    "_wandb.runtime": 369,
    "epoch": 1,
    "test_acc_result": 0,
    "total_compute": 305620058112,
    "train_loss_epoch": 3.4496724605560303,
    "trainer/global_step": 1,
    "val_loss": 2.6737301349639893
  }
}