{
  "config": {
    "bias": false,
    "task": "graph_depth_first_search",
    "mask_idx": 23,
    "dropout": 0,
    "val_dataset_filepath": "./datasets/graph_depth_first_search/1/11/normal/11111/100/True/True/1/512/4/4/31787/35930/val_dataset",
    "method": "normal",
    "log_gradients": false,
    "lr": 0.01,
    "n_embd": 512,
    "validation_ratio": 0.005,
    "seed": 35930,
    "train_dataset_filepath": "./datasets/graph_depth_first_search/1/11/normal/11111/100/True/True/1/512/4/4/31787/35930/train_dataset",
    "warmup_ratio": 0.1,
    "threshold_testing": false,
    "betas": [
      0.9,
      0.95
    ],
    "task_length": 11,
    "precision": "32",
    "n_head": 4,
    "grad_clip": 1,
    "early_stopping": false,
    "loss_threshold": 0.0017157108429701616,
    "run_id": "985b690d-05ff-4548-914a-c3b0bd6a3c10",
    "batch_size": 8,
    "compute_budget": 1000000000,
    "weight_decay": 0.1,
    "test_batch_size": 64,
    "max_steps": 1,
    "n_layer": 4,
    "project_name": "binary-graph_depth_first_search1-gridsearch-11-normal-11111-iteration-113010",
    "test_dataset_filepath": "./datasets/graph_depth_first_search/1/11/normal/11111/100/True/True/1/512/4/4/31787/35930/test_dataset"
  },
  "summary": {
    "_runtime": 711.4624722003937,
    "_step": 4,
    "_timestamp": 1735481307.7044623,
    "_wandb.runtime": 711,
    "epoch": 1,
    "test_acc_result": 0,
    "total_compute": 76405014528,
    "train_loss_epoch": 3.560286045074463,
    "trainer/global_step": 1,
    "val_loss": 3.1372368335723877
  }
}