{
  "config": {
    "max_steps": 3,
    "lr": 0.0001,
    "threshold_testing": false,
    "task": "graph_depth_first_search",
    "n_embd": 16,
    "train_dataset_filepath": "./datasets/graph_depth_first_search/1/11/normal/11111/1/True/True/1/16/4/4/9776/11591/train_dataset",
    "run_id": "b91041a6-de43-4374-b974-490da61fed3d",
    "test_dataset_filepath": "./datasets/graph_depth_first_search/1/11/normal/11111/1/True/True/1/16/4/4/9776/11591/test_dataset",
    "seed": 11591,
    "validation_ratio": 0.005,
    "betas": [
      0.9,
      0.95
    ],
    "val_dataset_filepath": "./datasets/graph_depth_first_search/1/11/normal/11111/1/True/True/1/16/4/4/9776/11591/val_dataset",
    "loss_threshold": 0.0017157108429701616,
    "batch_size": 64,
    "log_gradients": false,
    "early_stopping": false,
    "n_head": 4,
    "project_name": "binary-graph_depth_first_search1-gridsearch-11-normal-11111-iteration-113010",
    "compute_budget": 1000000000,
    "grad_clip": 1,
    "warmup_ratio": 0.1,
    "test_batch_size": 64,
    "weight_decay": 0.1,
    "precision": "32",
    "dropout": 0,
    "task_length": 11,
    "method": "normal",
    "bias": false,
    "n_layer": 4,
    "mask_idx": 23
  },
  "summary": {
    "_runtime": 1166.3379526138306,
    "_step": 6,
    "_timestamp": 1735483059.6367905,
    "_wandb.runtime": 1165,
    "epoch": 1,
    "test_acc_result": 0,
    "total_compute": 2888957952,
    "train_loss_epoch": 3.3933708667755127,
    "trainer/global_step": 3,
    "val_loss": 3.3871777057647705
  }
}