{
  "config": {
    "train_dataset_filepath": "./datasets/graph_depth_first_search/1/11/normal/11111/100/True/True/1/16/16/4/20413/29815/train_dataset",
    "run_id": "c42cb577-5305-4d19-b4d5-e78b67a3b9a1",
    "betas": [
      0.9,
      0.95
    ],
    "max_steps": 1,
    "compute_budget": 1000000000,
    "n_layer": 16,
    "grad_clip": 1,
    "threshold_testing": false,
    "n_head": 4,
    "precision": "32",
    "validation_ratio": 0.005,
    "seed": 29815,
    "test_batch_size": 64,
    "lr": 0.01,
    "batch_size": 64,
    "val_dataset_filepath": "./datasets/graph_depth_first_search/1/11/normal/11111/100/True/True/1/16/16/4/20413/29815/val_dataset",
    "bias": false,
    "log_gradients": false,
    "task_length": 11,
    "test_dataset_filepath": "./datasets/graph_depth_first_search/1/11/normal/11111/100/True/True/1/16/16/4/20413/29815/test_dataset",
    "task": "graph_depth_first_search",
    "warmup_ratio": 0.1,
    "dropout": 0,
    "weight_decay": 0.1,
    "n_embd": 16,
    "method": "normal",
    "loss_threshold": 0.0017157108429701616,
    "early_stopping": false,
    "mask_idx": 23,
    "project_name": "binary-graph_depth_first_search1-gridsearch-11-normal-11111-iteration-113010"
  },
  "summary": {
    "_runtime": 1021.37402176857,
    "_step": 4,
    "_timestamp": 1735481419.4109607,
    "_wandb.runtime": 1020,
    "epoch": 1,
    "test_acc_result": 0,
    "total_compute": 3851943936,
    "train_loss_epoch": 3.4876222610473633,
    "trainer/global_step": 1,
    "val_loss": 3.1167151927948
  }
}