{
  "config": {
    "train_dataset_filepath": "./datasets/graph_depth_first_search/1/11/normal/11111/10/True/True/1/32/4/4/28855/25209/train_dataset",
    "bias": false,
    "method": "normal",
    "threshold_testing": false,
    "grad_clip": 1,
    "mask_idx": 23,
    "seed": 25209,
    "task_length": 11,
    "test_dataset_filepath": "./datasets/graph_depth_first_search/1/11/normal/11111/10/True/True/1/32/4/4/28855/25209/test_dataset",
    "n_layer": 4,
    "log_gradients": false,
    "warmup_ratio": 0.1,
    "loss_threshold": 0.0017157108429701616,
    "betas": [
      0.9,
      0.95
    ],
    "dropout": 0,
    "max_steps": 1,
    "n_embd": 32,
    "batch_size": 64,
    "val_dataset_filepath": "./datasets/graph_depth_first_search/1/11/normal/11111/10/True/True/1/32/4/4/28855/25209/val_dataset",
    "precision": "32",
    "n_head": 4,
    "run_id": "4d41b477-0bf8-4a55-a088-7e61d3959b55",
    "project_name": "binary-graph_depth_first_search1-gridsearch-11-normal-11111-iteration-113010",
    "weight_decay": 0.1,
    "validation_ratio": 0.005,
    "test_batch_size": 64,
    "lr": 0.001,
    "task": "graph_depth_first_search",
    "compute_budget": 1000000000,
    "early_stopping": false
  },
  "summary": {
    "_runtime": 129.70079922676086,
    "_step": 4,
    "_timestamp": 1735480313.9938912,
    "_wandb.runtime": 129,
    "epoch": 1,
    "test_acc_result": 0,
    "total_compute": 3096182784,
    "train_loss_epoch": 3.505815029144287,
    "trainer/global_step": 1,
    "val_loss": 3.405879497528076
  }
}