{
  "config": {
    "bias": false,
    "compute_budget": 1000000000,
    "n_head": 4,
    "early_stopping": false,
    "betas": [
      0.9,
      0.95
    ],
    "task_length": 11,
    "mask_idx": 23,
    "test_batch_size": 64,
    "project_name": "binary-graph_depth_first_search1-gridsearch-11-normal-11111-iteration-113010",
    "validation_ratio": 0.005,
    "grad_clip": 1,
    "n_layer": 16,
    "max_steps": 2,
    "warmup_ratio": 0.1,
    "weight_decay": 0.1,
    "method": "normal",
    "train_dataset_filepath": "./datasets/graph_depth_first_search/1/11/normal/11111/100/True/True/1/32/16/4/20257/8946/train_dataset",
    "n_embd": 32,
    "loss_threshold": 0.0017157108429701616,
    "task": "graph_depth_first_search",
    "test_dataset_filepath": "./datasets/graph_depth_first_search/1/11/normal/11111/100/True/True/1/32/16/4/20257/8946/test_dataset",
    "precision": "32",
    "val_dataset_filepath": "./datasets/graph_depth_first_search/1/11/normal/11111/100/True/True/1/32/16/4/20257/8946/val_dataset",
    "batch_size": 8,
    "dropout": 0,
    "lr": 0.01,
    "log_gradients": false,
    "seed": 8946,
    "threshold_testing": false,
    "run_id": "9b298450-21a3-4dbb-987e-8fb2b238cf0f"
  },
  "summary": {
    "_runtime": 1072.1912698745728,
    "_step": 5,
    "_timestamp": 1735481975.9568698,
    "_wandb.runtime": 1071,
    "epoch": 1,
    "test_acc_result": 0,
    "total_compute": 3096182784,
    "train_loss_epoch": 3.1528842449188232,
    "trainer/global_step": 2,
    "val_loss": 2.789740800857544
  }
}