{
  "config": {
    "task_length": 11,
    "validation_ratio": 0.005,
    "dropout": 0,
    "max_steps": 1,
    "n_embd": 32,
    "method": "normal",
    "threshold_testing": false,
    "loss_threshold": 0.0017157108429701616,
    "task": "graph_depth_first_search",
    "n_head": 4,
    "warmup_ratio": 0.1,
    "lr": 0.0001,
    "bias": false,
    "project_name": "binary-graph_depth_first_search1-gridsearch-11-normal-11111-iteration-113010",
    "seed": 24557,
    "compute_budget": 1000000000,
    "early_stopping": false,
    "log_gradients": false,
    "train_dataset_filepath": "./datasets/graph_depth_first_search/1/11/normal/11111/1/True/True/1/32/16/4/26115/24557/train_dataset",
    "precision": "32",
    "n_layer": 16,
    "grad_clip": 1,
    "test_dataset_filepath": "./datasets/graph_depth_first_search/1/11/normal/11111/1/True/True/1/32/16/4/26115/24557/test_dataset",
    "test_batch_size": 64,
    "batch_size": 64,
    "weight_decay": 0.1,
    "mask_idx": 23,
    "betas": [
      0.9,
      0.95
    ],
    "run_id": "1ad4c665-7246-46e5-b123-43dbf5df6565",
    "val_dataset_filepath": "./datasets/graph_depth_first_search/1/11/normal/11111/1/True/True/1/32/16/4/26115/24557/val_dataset"
  },
  "summary": {
    "_runtime": 1008.49955701828,
    "_step": 4,
    "_timestamp": 1735486428.42662,
    "_wandb.runtime": 1007,
    "epoch": 1,
    "test_acc_result": 0,
    "total_compute": 12384731136,
    "train_loss_epoch": 3.478865146636963,
    "trainer/global_step": 1,
    "val_loss": 3.435851573944092
  }
}