{
  "config": {
    "log_gradients": false,
    "run_id": "5182e158-e4b4-45ae-8ef8-583641e9c6f6",
    "betas": [
      0.9,
      0.95
    ],
    "warmup_ratio": 0.1,
    "seed": 16952,
    "grad_clip": 1,
    "max_steps": 2,
    "task_length": 11,
    "compute_budget": 1000000000,
    "val_dataset_filepath": "./datasets/graph_depth_first_search/1/11/normal/11111/100/True/True/1/8/16/4/27465/16952/val_dataset",
    "n_head": 4,
    "validation_ratio": 0.005,
    "test_dataset_filepath": "./datasets/graph_depth_first_search/1/11/normal/11111/100/True/True/1/8/16/4/27465/16952/test_dataset",
    "n_embd": 8,
    "early_stopping": false,
    "bias": false,
    "method": "normal",
    "n_layer": 16,
    "train_dataset_filepath": "./datasets/graph_depth_first_search/1/11/normal/11111/100/True/True/1/8/16/4/27465/16952/train_dataset",
    "threshold_testing": false,
    "dropout": 0,
    "project_name": "binary-graph_depth_first_search1-gridsearch-11-normal-11111-iteration-113010",
    "precision": "32",
    "task": "graph_depth_first_search",
    "test_batch_size": 64,
    "weight_decay": 0.1,
    "lr": 0.01,
    "mask_idx": 23,
    "batch_size": 64,
    "loss_threshold": 0.0017157108429701616
  },
  "summary": {
    "_runtime": 954.9292182922363,
    "_step": 5,
    "_timestamp": 1735481170.5213823,
    "_wandb.runtime": 954,
    "epoch": 1,
    "test_acc_result": 0,
    "total_compute": 2681733120,
    "train_loss_epoch": 3.2621941566467285,
    "trainer/global_step": 2,
    "val_loss": 3.126260280609131
  }
}