{
  "config": {
    "compute_budget": 1000000000,
    "log_gradients": false,
    "project_name": "binary-graph_depth_first_search1-gridsearch-11-normal-11111-iteration-113010",
    "betas": [
      0.9,
      0.95
    ],
    "warmup_ratio": 0.1,
    "threshold_testing": false,
    "n_layer": 16,
    "seed": 32959,
    "method": "normal",
    "bias": false,
    "dropout": 0,
    "loss_threshold": 0.0017157108429701616,
    "n_head": 4,
    "n_embd": 16,
    "test_dataset_filepath": "./datasets/graph_depth_first_search/1/11/normal/11111/1000/True/True/1/16/16/4/8739/32959/test_dataset",
    "lr": 0.1,
    "grad_clip": 1,
    "weight_decay": 0.1,
    "task_length": 11,
    "batch_size": 64,
    "test_batch_size": 64,
    "run_id": "0bf4caf2-5d81-4d0d-a767-4c4756272490",
    "val_dataset_filepath": "./datasets/graph_depth_first_search/1/11/normal/11111/1000/True/True/1/16/16/4/8739/32959/val_dataset",
    "mask_idx": 23,
    "precision": "32",
    "max_steps": 1,
    "train_dataset_filepath": "./datasets/graph_depth_first_search/1/11/normal/11111/1000/True/True/1/16/16/4/8739/32959/train_dataset",
    "early_stopping": false,
    "task": "graph_depth_first_search",
    "validation_ratio": 0.005
  },
  "summary": {
    "_runtime": 1106.7721300125122,
    "_step": 4,
    "_timestamp": 1735485949.267718,
    "_wandb.runtime": 1106,
    "epoch": 1,
    "test_acc_result": 0,
    "total_compute": 3851943936,
    "train_loss_epoch": 3.4284465312957764,
    "trainer/global_step": 1,
    "val_loss": 3.458111047744751
  }
}