{
  "config": {
    "n_embd": 128,
    "run_id": "2856dae7-ff63-43a9-ab65-77d122474f9e",
    "seed": 5989,
    "test_dataset_filepath": "./datasets/graph_depth_first_search/1/11/normal/11111/10/True/True/1/128/16/4/9676/5989/test_dataset",
    "loss_threshold": 0.0017157108429701616,
    "compute_budget": 1000000000,
    "mask_idx": 23,
    "early_stopping": false,
    "weight_decay": 0.1,
    "method": "normal",
    "task": "graph_depth_first_search",
    "test_batch_size": 64,
    "n_layer": 16,
    "precision": "32",
    "lr": 0.001,
    "batch_size": 64,
    "warmup_ratio": 0.1,
    "train_dataset_filepath": "./datasets/graph_depth_first_search/1/11/normal/11111/10/True/True/1/128/16/4/9676/5989/train_dataset",
    "bias": false,
    "validation_ratio": 0.005,
    "max_steps": 1,
    "n_head": 4,
    "project_name": "binary-graph_depth_first_search1-gridsearch-11-normal-11111-iteration-113010",
    "task_length": 11,
    "betas": [
      0.9,
      0.95
    ],
    "val_dataset_filepath": "./datasets/graph_depth_first_search/1/11/normal/11111/10/True/True/1/128/16/4/9676/5989/val_dataset",
    "dropout": 0,
    "log_gradients": false,
    "threshold_testing": false,
    "grad_clip": 1
  },
  "summary": {
    "_runtime": 1263.2263915538788,
    "_step": 4,
    "_timestamp": 1735484319.1634245,
    "_wandb.runtime": 1262,
    "epoch": 1,
    "test_acc_result": 0,
    "total_compute": 161879162880,
    "train_loss_epoch": 3.5311458110809326,
    "trainer/global_step": 1,
    "val_loss": 2.722853183746338
  }
}