{
  "config": {
    "compute_budget": 1000000000,
    "early_stopping": false,
    "weight_decay": 0.1,
    "method": "normal",
    "batch_size": 8,
    "task": "graph_depth_first_search",
    "lr": 0.0001,
    "max_steps": 1,
    "seed": 4342,
    "dropout": 0,
    "validation_ratio": 0.005,
    "betas": [
      0.9,
      0.95
    ],
    "train_dataset_filepath": "./datasets/graph_depth_first_search/1/11/normal/11111/1/True/True/1/512/16/4/5515/4342/train_dataset",
    "threshold_testing": false,
    "n_layer": 16,
    "n_head": 4,
    "test_dataset_filepath": "./datasets/graph_depth_first_search/1/11/normal/11111/1/True/True/1/512/16/4/5515/4342/test_dataset",
    "test_batch_size": 64,
    "warmup_ratio": 0.1,
    "project_name": "binary-graph_depth_first_search1-gridsearch-11-normal-11111-iteration-113010",
    "mask_idx": 23,
    "n_embd": 512,
    "log_gradients": false,
    "val_dataset_filepath": "./datasets/graph_depth_first_search/1/11/normal/11111/1/True/True/1/512/16/4/5515/4342/val_dataset",
    "loss_threshold": 0.0017157108429701616,
    "run_id": "27b54714-5749-4825-ad58-e8ca8817e3b6",
    "grad_clip": 1,
    "bias": false,
    "precision": "32",
    "task_length": 11
  },
  "summary": {
    "_runtime": 15.724177122116089,
    "_step": 3,
    "_timestamp": 1735484574.422816,
    "epoch": 1,
    "total_compute": 305620058112,
    "train_loss_epoch": 3.5130937099456787,
    "trainer/global_step": 1,
    "val_loss": 2.7044293880462646
  }
}