{
  "config": {
    "grad_clip": 1,
    "log_gradients": false,
    "betas": [
      0.9,
      0.95
    ],
    "method": "normal",
    "loss_threshold": 0.0017157108429701616,
    "train_dataset_filepath": "./datasets/graph_depth_first_search/1/11/normal/11111/10/True/True/1/512/16/4/38510/23750/train_dataset",
    "task": "graph_depth_first_search",
    "weight_decay": 0.1,
    "n_layer": 16,
    "lr": 0.001,
    "task_length": 11,
    "test_batch_size": 64,
    "dropout": 0,
    "project_name": "binary-graph_depth_first_search1-gridsearch-11-normal-11111-iteration-113010",
    "run_id": "2a35cbc9-4c54-44a0-9a09-98d3d73c2f1e",
    "compute_budget": 1000000000,
    "n_head": 4,
    "batch_size": 64,
    "test_dataset_filepath": "./datasets/graph_depth_first_search/1/11/normal/11111/10/True/True/1/512/16/4/38510/23750/test_dataset",
    "seed": 23750,
    "n_embd": 512,
    "threshold_testing": false,
    "bias": false,
    "max_steps": 1,
    "validation_ratio": 0.005,
    "mask_idx": 23,
    "early_stopping": false,
    "precision": "32",
    "val_dataset_filepath": "./datasets/graph_depth_first_search/1/11/normal/11111/10/True/True/1/512/16/4/38510/23750/val_dataset",
    "warmup_ratio": 0.1
  },
  "summary": {
    "_runtime": 829.7941765785217,
    "_step": 4,
    "_timestamp": 1735481409.4659846,
    "_wandb.runtime": 829,
    "epoch": 1,
    "test_acc_result": 0,
    "total_compute": 2444960464896,
    "train_loss_epoch": 3.478538751602173,
    "trainer/global_step": 1,
    "val_loss": 2.494624376296997
  }
}