{
  "config": {
    "seed": 12663,
    "n_embd": 8,
    "grad_clip": 1,
    "weight_decay": 0.1,
    "n_layer": 4,
    "task": "graph_depth_first_search",
    "bias": false,
    "dropout": 0,
    "early_stopping": false,
    "test_dataset_filepath": "./datasets/graph_depth_first_search/1/11/normal/11111/10/True/True/1/8/4/4/9015/12663/test_dataset",
    "test_batch_size": 64,
    "lr": 0.001,
    "val_dataset_filepath": "./datasets/graph_depth_first_search/1/11/normal/11111/10/True/True/1/8/4/4/9015/12663/val_dataset",
    "loss_threshold": 0.0017157108429701616,
    "project_name": "binary-graph_depth_first_search1-gridsearch-11-normal-11111-iteration-113010",
    "precision": "32",
    "betas": [
      0.9,
      0.95
    ],
    "train_dataset_filepath": "./datasets/graph_depth_first_search/1/11/normal/11111/10/True/True/1/8/4/4/9015/12663/train_dataset",
    "compute_budget": 1000000000,
    "task_length": 11,
    "n_head": 4,
    "threshold_testing": false,
    "warmup_ratio": 0.1,
    "batch_size": 64,
    "log_gradients": false,
    "method": "normal",
    "max_steps": 8,
    "validation_ratio": 0.005,
    "mask_idx": 23,
    "run_id": "bb2e5e15-b525-4c92-876a-992067c4477c"
  },
  "summary": {
    "_runtime": 801.3698451519012,
    "_step": 11,
    "_timestamp": 1735484133.8636723,
    "_wandb.runtime": 800,
    "epoch": 1,
    "test_acc_result": 0,
    "total_compute": 2681733120,
    "train_loss_epoch": 3.542450428009033,
    "trainer/global_step": 8,
    "val_loss": 3.5261945724487305
  }
}