{
  "config": {
    "validation_ratio": 0.005,
    "run_id": "2a81925d-699c-49c6-b89c-7c6120d0e67e",
    "weight_decay": 0.1,
    "early_stopping": false,
    "compute_budget": 1000000000,
    "grad_clip": 1,
    "batch_size": 64,
    "precision": "32",
    "lr": 0.1,
    "threshold_testing": false,
    "bias": false,
    "method": "normal",
    "task_length": 11,
    "log_gradients": false,
    "loss_threshold": 0.0017157108429701616,
    "seed": 15483,
    "task": "graph_depth_first_search",
    "betas": [
      0.9,
      0.95
    ],
    "n_head": 4,
    "n_embd": 128,
    "mask_idx": 23,
    "train_dataset_filepath": "./datasets/graph_depth_first_search/1/11/normal/11111/1000/True/True/1/128/16/4/16778/15483/train_dataset",
    "n_layer": 16,
    "project_name": "binary-graph_depth_first_search1-gridsearch-11-normal-11111-iteration-113010",
    "max_steps": 1,
    "test_batch_size": 64,
    "warmup_ratio": 0.1,
    "dropout": 0,
    "val_dataset_filepath": "./datasets/graph_depth_first_search/1/11/normal/11111/1000/True/True/1/128/16/4/16778/15483/val_dataset",
    "test_dataset_filepath": "./datasets/graph_depth_first_search/1/11/normal/11111/1000/True/True/1/128/16/4/16778/15483/test_dataset"
  },
  "summary": {
    "_runtime": 967.8874709606171,
    "_step": 4,
    "_timestamp": 1735485097.99213,
    "_wandb.runtime": 967,
    "epoch": 1,
    "test_acc_result": 0,
    "total_compute": 161879162880,
    "train_loss_epoch": 3.4406206607818604,
    "trainer/global_step": 1,
    "val_loss": 3.559509754180908
  }
}