{
  "config": {
    "betas": [
      0.9,
      0.95
    ],
    "method": "normal",
    "compute_budget": 1000000000,
    "n_embd": 256,
    "loss_threshold": 0.0017157108429701616,
    "task_length": 11,
    "test_batch_size": 64,
    "precision": "32",
    "early_stopping": false,
    "grad_clip": 1,
    "batch_size": 64,
    "test_dataset_filepath": "./datasets/graph_depth_first_search/1/11/normal/11111/100/True/True/1/256/4/4/21689/14759/test_dataset",
    "train_dataset_filepath": "./datasets/graph_depth_first_search/1/11/normal/11111/100/True/True/1/256/4/4/21689/14759/train_dataset",
    "max_steps": 1,
    "weight_decay": 0.1,
    "seed": 14759,
    "dropout": 0,
    "mask_idx": 23,
    "project_name": "binary-graph_depth_first_search1-gridsearch-11-normal-11111-iteration-113010",
    "validation_ratio": 0.005,
    "threshold_testing": false,
    "val_dataset_filepath": "./datasets/graph_depth_first_search/1/11/normal/11111/100/True/True/1/256/4/4/21689/14759/val_dataset",
    "log_gradients": false,
    "run_id": "24ccf487-42e7-4942-8ee5-278738f53928",
    "bias": false,
    "n_head": 4,
    "warmup_ratio": 0.1,
    "task": "graph_depth_first_search",
    "lr": 0.01,
    "n_layer": 4
  },
  "summary": {
    "_runtime": 1035.2053654193878,
    "_step": 4,
    "_timestamp": 1735485369.4997075,
    "_wandb.runtime": 1034,
    "epoch": 1,
    "test_acc_result": 0,
    "total_compute": 155833073664,
    "train_loss_epoch": 3.5287716388702393,
    "trainer/global_step": 1,
    "val_loss": 2.6696109771728516
  }
}