{
  "config": {
    "task": "graph_depth_first_search",
    "mask_idx": 23,
    "bias": false,
    "lr": 0.01,
    "n_head": 4,
    "validation_ratio": 0.005,
    "seed": 31407,
    "test_batch_size": 64,
    "warmup_ratio": 0.1,
    "n_embd": 128,
    "early_stopping": false,
    "train_dataset_filepath": "./datasets/graph_depth_first_search/1/11/normal/11111/100/True/True/1/128/16/4/4424/31407/train_dataset",
    "max_steps": 1,
    "val_dataset_filepath": "./datasets/graph_depth_first_search/1/11/normal/11111/100/True/True/1/128/16/4/4424/31407/val_dataset",
    "threshold_testing": false,
    "dropout": 0,
    "precision": "32",
    "log_gradients": false,
    "run_id": "07a6abb5-6c1d-4dd2-9659-389f1e5e8bd7",
    "grad_clip": 1,
    "batch_size": 64,
    "weight_decay": 0.1,
    "test_dataset_filepath": "./datasets/graph_depth_first_search/1/11/normal/11111/100/True/True/1/128/16/4/4424/31407/test_dataset",
    "task_length": 11,
    "loss_threshold": 0.0017157108429701616,
    "betas": [
      0.9,
      0.95
    ],
    "project_name": "binary-graph_depth_first_search1-gridsearch-11-normal-11111-iteration-113010",
    "method": "normal",
    "n_layer": 16,
    "compute_budget": 1000000000
  },
  "summary": {
    "_runtime": 1519.5307247638702,
    "_step": 4,
    "_timestamp": 1735483029.3233597,
    "_wandb.runtime": 1519,
    "epoch": 1,
    "test_acc_result": 0,
    "total_compute": 161879162880,
    "train_loss_epoch": 3.617949962615967,
    "trainer/global_step": 1,
    "val_loss": 2.5369985103607178
  }
}