{
  "config": {
    "mask_idx": 23,
    "early_stopping": false,
    "warmup_ratio": 0.1,
    "grad_clip": 1,
    "train_dataset_filepath": "./datasets/graph_depth_first_search/1/11/normal/11111/1000/True/True/1/16/16/4/17684/35882/train_dataset",
    "task_length": 11,
    "method": "normal",
    "betas": [
      0.9,
      0.95
    ],
    "n_layer": 16,
    "log_gradients": false,
    "task": "graph_depth_first_search",
    "batch_size": 8,
    "loss_threshold": 0.0017157108429701616,
    "bias": false,
    "weight_decay": 0.1,
    "compute_budget": 1000000000,
    "val_dataset_filepath": "./datasets/graph_depth_first_search/1/11/normal/11111/1000/True/True/1/16/16/4/17684/35882/val_dataset",
    "project_name": "binary-graph_depth_first_search1-gridsearch-11-normal-11111-iteration-113010",
    "test_dataset_filepath": "./datasets/graph_depth_first_search/1/11/normal/11111/1000/True/True/1/16/16/4/17684/35882/test_dataset",
    "run_id": "caaecf86-ae29-4550-99dd-5792091f94cc",
    "dropout": 0,
    "seed": 35882,
    "test_batch_size": 64,
    "validation_ratio": 0.005,
    "threshold_testing": false,
    "n_embd": 16,
    "n_head": 4,
    "lr": 0.1,
    "precision": "32",
    "max_steps": 5
  },
  "summary": {
    "_runtime": 970.9786627292633,
    "_step": 8,
    "_timestamp": 1735481538.3852026,
    "_wandb.runtime": 970,
    "epoch": 1,
    "test_acc_result": 0,
    "total_compute": 2407464960,
    "train_loss_epoch": 2.875007152557373,
    "trainer/global_step": 5,
    "val_loss": 2.528534173965454
  }
}