{
  "config": {
    "test_batch_size": 64,
    "mask_idx": 23,
    "seed": 34896,
    "log_gradients": false,
    "n_layer": 16,
    "bias": false,
    "task": "graph_depth_first_search",
    "run_id": "ece3d84e-bb3c-4a90-8a77-e2fcd18699ee",
    "validation_ratio": 0.005,
    "warmup_ratio": 0.1,
    "project_name": "binary-graph_depth_first_search1-gridsearch-11-normal-11111-iteration-113010",
    "loss_threshold": 0.0017157108429701616,
    "n_head": 4,
    "max_steps": 1,
    "task_length": 11,
    "precision": "32",
    "threshold_testing": false,
    "compute_budget": 1000000000,
    "test_dataset_filepath": "./datasets/graph_depth_first_search/1/11/normal/11111/1/True/True/1/64/16/4/35185/34896/test_dataset",
    "early_stopping": false,
    "betas": [
      0.9,
      0.95
    ],
    "dropout": 0,
    "lr": 0.0001,
    "grad_clip": 1,
    "batch_size": 8,
    "n_embd": 64,
    "method": "normal",
    "val_dataset_filepath": "./datasets/graph_depth_first_search/1/11/normal/11111/1/True/True/1/64/16/4/35185/34896/val_dataset",
    "train_dataset_filepath": "./datasets/graph_depth_first_search/1/11/normal/11111/1/True/True/1/64/16/4/35185/34896/train_dataset",
    "weight_decay": 0.1
  },
  "summary": {
    "_runtime": 1048.315627336502,
    "_step": 4,
    "_timestamp": 1735486541.2845182,
    "_wandb.runtime": 1047,
    "epoch": 1,
    "test_acc_result": 0,
    "total_compute": 5436604416,
    "train_loss_epoch": 3.363907814025879,
    "trainer/global_step": 1,
    "val_loss": 3.3544602394104004
  }
}