{
  "config": {
    "train_dataset_filepath": "./datasets/graph_depth_first_search/1/11/normal/11111/100/True/True/1/128/4/4/21401/39627/train_dataset",
    "n_embd": 128,
    "test_dataset_filepath": "./datasets/graph_depth_first_search/1/11/normal/11111/100/True/True/1/128/4/4/21401/39627/test_dataset",
    "n_layer": 4,
    "n_head": 4,
    "compute_budget": 1000000000,
    "betas": [
      0.9,
      0.95
    ],
    "run_id": "71572263-1158-47af-8021-5de8af9b250a",
    "val_dataset_filepath": "./datasets/graph_depth_first_search/1/11/normal/11111/100/True/True/1/128/4/4/21401/39627/val_dataset",
    "weight_decay": 0.1,
    "validation_ratio": 0.005,
    "log_gradients": false,
    "batch_size": 64,
    "test_batch_size": 64,
    "method": "normal",
    "warmup_ratio": 0.1,
    "project_name": "binary-graph_depth_first_search1-gridsearch-11-normal-11111-iteration-113010",
    "early_stopping": false,
    "dropout": 0,
    "seed": 39627,
    "threshold_testing": false,
    "grad_clip": 1,
    "bias": false,
    "precision": "32",
    "task_length": 11,
    "task": "graph_depth_first_search",
    "loss_threshold": 0.0017157108429701616,
    "max_steps": 1,
    "mask_idx": 23,
    "lr": 0.01
  },
  "summary": {
    "_runtime": 945.7022039890289,
    "_step": 4,
    "_timestamp": 1735484112.23623,
    "_wandb.runtime": 945,
    "epoch": 1,
    "test_acc_result": 0,
    "total_compute": 40469790720,
    "train_loss_epoch": 3.5675649642944336,
    "trainer/global_step": 1,
    "val_loss": 2.532379150390625
  }
}