{
  "config": {
    "task": "graph_depth_first_search",
    "n_embd": 256,
    "log_gradients": false,
    "train_dataset_filepath": "./datasets/graph_depth_first_search/1/11/normal/11111/1000/True/True/1/256/4/4/4406/38037/train_dataset",
    "run_id": "d3e0b610-8d8d-4e7e-ab45-4c02df2c727d",
    "compute_budget": 1000000000,
    "bias": false,
    "mask_idx": 23,
    "weight_decay": 0.1,
    "test_dataset_filepath": "./datasets/graph_depth_first_search/1/11/normal/11111/1000/True/True/1/256/4/4/4406/38037/test_dataset",
    "n_layer": 4,
    "grad_clip": 1,
    "threshold_testing": false,
    "max_steps": 1,
    "method": "normal",
    "val_dataset_filepath": "./datasets/graph_depth_first_search/1/11/normal/11111/1000/True/True/1/256/4/4/4406/38037/val_dataset",
    "seed": 38037,
    "batch_size": 64,
    "precision": "32",
    "dropout": 0,
    "test_batch_size": 64,
    "n_head": 4,
    "betas": [
      0.9,
      0.95
    ],
    "warmup_ratio": 0.1,
    "loss_threshold": 0.0017157108429701616,
    "early_stopping": false,
    "lr": 0.1,
    "validation_ratio": 0.005,
    "task_length": 11,
    "project_name": "binary-graph_depth_first_search1-gridsearch-11-normal-11111-iteration-113010"
  },
  "summary": {
    "_runtime": 625.3452243804932,
    "_step": 4,
    "_timestamp": 1735482161.4270573,
    "_wandb.runtime": 624,
    "epoch": 1,
    "test_acc_result": 0,
    "total_compute": 155833073664,
    "train_loss_epoch": 3.461421012878418,
    "trainer/global_step": 1,
    "val_loss": 4.503005027770996
  }
}