{
  "config": {
    "precision": "32",
    "bias": false,
    "compute_budget": 1000000000,
    "lr": 0.001,
    "n_layer": 16,
    "test_dataset_filepath": "./datasets/graph_depth_first_search/1/11/normal/11111/10/True/True/1/64/16/4/9919/37505/test_dataset",
    "validation_ratio": 0.005,
    "loss_threshold": 0.0017157108429701616,
    "mask_idx": 23,
    "project_name": "binary-graph_depth_first_search1-gridsearch-11-normal-11111-iteration-113010",
    "seed": 37505,
    "run_id": "ca2892dc-90ed-4e4a-bf23-1a378b6b4269",
    "batch_size": 8,
    "warmup_ratio": 0.1,
    "dropout": 0,
    "val_dataset_filepath": "./datasets/graph_depth_first_search/1/11/normal/11111/10/True/True/1/64/16/4/9919/37505/val_dataset",
    "grad_clip": 1,
    "n_head": 4,
    "log_gradients": false,
    "n_embd": 64,
    "threshold_testing": false,
    "method": "normal",
    "task": "graph_depth_first_search",
    "betas": [
      0.9,
      0.95
    ],
    "train_dataset_filepath": "./datasets/graph_depth_first_search/1/11/normal/11111/10/True/True/1/64/16/4/9919/37505/train_dataset",
    "early_stopping": false,
    "test_batch_size": 64,
    "max_steps": 1,
    "task_length": 11,
    "weight_decay": 0.1
  },
  "summary": {
    "_runtime": 1075.1581318378448,
    "_step": 4,
    "_timestamp": 1735485374.690347,
    "_wandb.runtime": 1074,
    "epoch": 1,
    "test_acc_result": 0,
    "total_compute": 5436604416,
    "train_loss_epoch": 3.361994743347168,
    "trainer/global_step": 1,
    "val_loss": 2.9280011653900146
  }
}