{
  "config": {
    "bias": false,
    "test_batch_size": 64,
    "val_dataset_filepath": "./datasets/graph_depth_first_search/1/11/normal/11111/1/True/True/1/16/16/4/7741/12266/val_dataset",
    "compute_budget": 1000000000,
    "precision": "32",
    "batch_size": 64,
    "n_head": 4,
    "project_name": "binary-graph_depth_first_search1-gridsearch-11-normal-11111-iteration-113010",
    "train_dataset_filepath": "./datasets/graph_depth_first_search/1/11/normal/11111/1/True/True/1/16/16/4/7741/12266/train_dataset",
    "lr": 0.0001,
    "betas": [
      0.9,
      0.95
    ],
    "early_stopping": false,
    "max_steps": 1,
    "run_id": "ba035fb8-1009-4b82-95cd-22c0ddd48e0c",
    "task": "graph_depth_first_search",
    "seed": 12266,
    "n_layer": 16,
    "log_gradients": false,
    "validation_ratio": 0.005,
    "dropout": 0,
    "warmup_ratio": 0.1,
    "test_dataset_filepath": "./datasets/graph_depth_first_search/1/11/normal/11111/1/True/True/1/16/16/4/7741/12266/test_dataset",
    "task_length": 11,
    "threshold_testing": false,
    "grad_clip": 1,
    "weight_decay": 0.1,
    "loss_threshold": 0.0017157108429701616,
    "method": "normal",
    "mask_idx": 23,
    "n_embd": 16
  },
  "summary": {
    "_runtime": 1298.4071748256683,
    "_step": 4,
    "_timestamp": 1735483466.55188,
    "_wandb.runtime": 1297,
    "epoch": 1,
    "test_acc_result": 0,
    "total_compute": 3851943936,
    "train_loss_epoch": 3.471102237701416,
    "trainer/global_step": 1,
    "val_loss": 3.4566123485565186
  }
}