{
  "config": {
    "train_dataset_filepath": "./datasets/graph_depth_first_search/1/11/normal/11111/100/True/True/1/64/16/4/29273/35378/train_dataset",
    "betas": [
      0.9,
      0.95
    ],
    "log_gradients": false,
    "n_layer": 16,
    "batch_size": 64,
    "weight_decay": 0.1,
    "loss_threshold": 0.0017157108429701616,
    "val_dataset_filepath": "./datasets/graph_depth_first_search/1/11/normal/11111/100/True/True/1/64/16/4/29273/35378/val_dataset",
    "lr": 0.01,
    "max_steps": 1,
    "n_head": 4,
    "dropout": 0,
    "warmup_ratio": 0.1,
    "task": "graph_depth_first_search",
    "test_batch_size": 64,
    "validation_ratio": 0.005,
    "run_id": "72cf8174-55d4-4644-b3bc-1d036484634a",
    "n_embd": 64,
    "grad_clip": 1,
    "early_stopping": false,
    "project_name": "binary-graph_depth_first_search1-gridsearch-11-normal-11111-iteration-113010",
    "bias": false,
    "method": "normal",
    "test_dataset_filepath": "./datasets/graph_depth_first_search/1/11/normal/11111/100/True/True/1/64/16/4/29273/35378/test_dataset",
    "precision": "32",
    "seed": 35378,
    "compute_budget": 1000000000,
    "threshold_testing": false,
    "task_length": 11,
    "mask_idx": 23
  },
  "summary": {
    "_runtime": 1235.3011500835419,
    "_step": 4,
    "_timestamp": 1735482331.2625852,
    "_wandb.runtime": 1234,
    "epoch": 1,
    "test_acc_result": 0,
    "total_compute": 43492835328,
    "train_loss_epoch": 3.530449867248535,
    "trainer/global_step": 1,
    "val_loss": 2.801013231277466
  }
}