{
  "config": {
    "compute_budget": 1000000000,
    "seed": 20202,
    "mask_idx": 23,
    "n_embd": 16,
    "grad_clip": 1,
    "dropout": 0,
    "n_layer": 4,
    "task_length": 11,
    "project_name": "binary-graph_depth_first_search1-gridsearch-11-normal-11111-iteration-113010",
    "method": "normal",
    "task": "graph_depth_first_search",
    "n_head": 4,
    "loss_threshold": 0.0017157108429701616,
    "betas": [
      0.9,
      0.95
    ],
    "threshold_testing": false,
    "val_dataset_filepath": "./datasets/graph_depth_first_search/1/11/normal/11111/100/True/True/1/16/4/4/16470/20202/val_dataset",
    "test_batch_size": 64,
    "test_dataset_filepath": "./datasets/graph_depth_first_search/1/11/normal/11111/100/True/True/1/16/4/4/16470/20202/test_dataset",
    "log_gradients": false,
    "validation_ratio": 0.005,
    "lr": 0.01,
    "train_dataset_filepath": "./datasets/graph_depth_first_search/1/11/normal/11111/100/True/True/1/16/4/4/16470/20202/train_dataset",
    "max_steps": 3,
    "weight_decay": 0.1,
    "warmup_ratio": 0.1,
    "early_stopping": false,
    "precision": "32",
    "run_id": "a0ebbf47-ea2c-4d63-ad18-8fe1cd79e86e",
    "batch_size": 64,
    "bias": false
  },
  "summary": {
    "_runtime": 1051.1239750385284,
    "_step": 6,
    "_timestamp": 1735483776.265892,
    "_wandb.runtime": 1050,
    "epoch": 1,
    "test_acc_result": 0,
    "total_compute": 2888957952,
    "train_loss_epoch": 3.2003698348999023,
    "trainer/global_step": 3,
    "val_loss": 2.9716994762420654
  }
}