{
  "config": {
    "precision": "32",
    "warmup_ratio": 0.1,
    "seed": 7004,
    "task_length": 11,
    "bias": false,
    "n_head": 4,
    "val_dataset_filepath": "./datasets/graph_depth_first_search/1/11/normal/11111/100/True/True/1/8/16/4/22031/7004/val_dataset",
    "threshold_testing": false,
    "batch_size": 8,
    "lr": 0.01,
    "n_embd": 8,
    "grad_clip": 1,
    "task": "graph_depth_first_search",
    "early_stopping": false,
    "run_id": "998b9d6b-e93b-4990-aeb6-efeb80d0f06a",
    "compute_budget": 1000000000,
    "test_dataset_filepath": "./datasets/graph_depth_first_search/1/11/normal/11111/100/True/True/1/8/16/4/22031/7004/test_dataset",
    "mask_idx": 23,
    "validation_ratio": 0.005,
    "n_layer": 16,
    "test_batch_size": 64,
    "train_dataset_filepath": "./datasets/graph_depth_first_search/1/11/normal/11111/100/True/True/1/8/16/4/22031/7004/train_dataset",
    "betas": [
      0.9,
      0.95
    ],
    "dropout": 0,
    "weight_decay": 0.1,
    "max_steps": 15,
    "project_name": "binary-graph_depth_first_search1-gridsearch-11-normal-11111-iteration-113010",
    "method": "normal",
    "log_gradients": false,
    "loss_threshold": 0.0017157108429701616
  },
  "summary": {
    "_runtime": 1228.0059270858765,
    "_step": 18,
    "_timestamp": 1735486473.1204412,
    "_wandb.runtime": 1226,
    "epoch": 1,
    "test_acc_result": 0,
    "total_compute": 2514124800,
    "train_loss_epoch": 3.0048224925994873,
    "trainer/global_step": 15,
    "val_loss": 2.8249220848083496
  }
}