{
  "config": {
    "train_dataset_filepath": "./datasets/graph_depth_first_search/1/11/normal/11111/10/True/True/1/8/16/4/8474/4314/train_dataset",
    "run_id": "c1ec0a2c-d5f0-4f96-94c7-12cd2d28f165",
    "test_batch_size": 64,
    "warmup_ratio": 0.1,
    "betas": [
      0.9,
      0.95
    ],
    "task_length": 11,
    "log_gradients": false,
    "dropout": 0,
    "batch_size": 8,
    "early_stopping": false,
    "lr": 0.001,
    "mask_idx": 23,
    "n_head": 4,
    "val_dataset_filepath": "./datasets/graph_depth_first_search/1/11/normal/11111/10/True/True/1/8/16/4/8474/4314/val_dataset",
    "grad_clip": 1,
    "loss_threshold": 0.0017157108429701616,
    "max_steps": 15,
    "threshold_testing": false,
    "n_layer": 16,
    "weight_decay": 0.1,
    "compute_budget": 1000000000,
    "task": "graph_depth_first_search",
    "bias": false,
    "precision": "32",
    "validation_ratio": 0.005,
    "method": "normal",
    "n_embd": 8,
    "test_dataset_filepath": "./datasets/graph_depth_first_search/1/11/normal/11111/10/True/True/1/8/16/4/8474/4314/test_dataset",
    "seed": 4314,
    "project_name": "binary-graph_depth_first_search1-gridsearch-11-normal-11111-iteration-113010"
  },
  "summary": {
    "_runtime": 1281.6698501110077,
    "_step": 18,
    "_timestamp": 1735484264.667021,
    "_wandb.runtime": 1281,
    "epoch": 1,
    "test_acc_result": 0,
    "total_compute": 2514124800,
    "train_loss_epoch": 3.462409496307373,
    "trainer/global_step": 15,
    "val_loss": 3.3639285564422607
  }
}