{
  "config": {
    "betas": [
      0.9,
      0.95
    ],
    "seed": 10295,
    "val_dataset_filepath": "./datasets/graph_depth_first_search/1/11/normal/11111/10/True/True/1/256/4/4/17628/10295/val_dataset",
    "train_dataset_filepath": "./datasets/graph_depth_first_search/1/11/normal/11111/10/True/True/1/256/4/4/17628/10295/train_dataset",
    "weight_decay": 0.1,
    "compute_budget": 1000000000,
    "run_id": "7acfa542-a50f-4ce2-9e66-9fe855231dfe",
    "warmup_ratio": 0.1,
    "lr": 0.001,
    "method": "normal",
    "test_batch_size": 64,
    "task": "graph_depth_first_search",
    "mask_idx": 23,
    "loss_threshold": 0.0017157108429701616,
    "n_head": 4,
    "bias": false,
    "n_embd": 256,
    "threshold_testing": false,
    "dropout": 0,
    "project_name": "binary-graph_depth_first_search1-gridsearch-11-normal-11111-iteration-113010",
    "test_dataset_filepath": "./datasets/graph_depth_first_search/1/11/normal/11111/10/True/True/1/256/4/4/17628/10295/test_dataset",
    "n_layer": 4,
    "batch_size": 64,
    "precision": "32",
    "early_stopping": false,
    "validation_ratio": 0.005,
    "grad_clip": 1,
    "max_steps": 1,
    "log_gradients": false,
    "task_length": 11
  },
  "summary": {
    "_runtime": 713.7712688446045,
    "_step": 4,
    "_timestamp": 1735481049.129109,
    "_wandb.runtime": 713,
    "epoch": 1,
    "test_acc_result": 0,
    "total_compute": 155833073664,
    "train_loss_epoch": 3.3689842224121094,
    "trainer/global_step": 1,
    "val_loss": 2.600745916366577
  }
}