{
  "config": {
    "grad_clip": 1,
    "compute_budget": 1000000000,
    "max_steps": 5,
    "warmup_ratio": 0.1,
    "loss_threshold": 0.0017157108429701616,
    "test_dataset_filepath": "./datasets/graph_depth_first_search/1/11/normal/11111/100/True/True/1/16/16/4/5816/19785/test_dataset",
    "run_id": "18a9ac7a-48d7-4fbb-a5c3-37ff6fef5a3f",
    "project_name": "binary-graph_depth_first_search1-gridsearch-11-normal-11111-iteration-113010",
    "n_embd": 16,
    "test_batch_size": 64,
    "early_stopping": false,
    "batch_size": 8,
    "mask_idx": 23,
    "weight_decay": 0.1,
    "train_dataset_filepath": "./datasets/graph_depth_first_search/1/11/normal/11111/100/True/True/1/16/16/4/5816/19785/train_dataset",
    "threshold_testing": false,
    "task": "graph_depth_first_search",
    "validation_ratio": 0.005,
    "lr": 0.01,
    "log_gradients": false,
    "betas": [
      0.9,
      0.95
    ],
    "method": "normal",
    "dropout": 0,
    "precision": "32",
    "task_length": 11,
    "n_head": 4,
    "bias": false,
    "seed": 19785,
    "val_dataset_filepath": "./datasets/graph_depth_first_search/1/11/normal/11111/100/True/True/1/16/16/4/5816/19785/val_dataset",
    "n_layer": 16
  },
  "summary": {
    "_runtime": 863.4874725341797,
    "_step": 8,
    "_timestamp": 1735480920.6345866,
    "_wandb.runtime": 862,
    "epoch": 1,
    "test_acc_result": 0,
    "total_compute": 2407464960,
    "train_loss_epoch": 3.052393674850464,
    "trainer/global_step": 5,
    "val_loss": 2.8203210830688477
  }
}