{
  "config": {
    "precision": "32",
    "compute_budget": 1000000000,
    "threshold_testing": false,
    "n_head": 4,
    "batch_size": 8,
    "seed": 11808,
    "log_gradients": false,
    "test_batch_size": 64,
    "grad_clip": 1,
    "weight_decay": 0.1,
    "validation_ratio": 0.005,
    "method": "normal",
    "project_name": "binary-graph_depth_first_search1-gridsearch-11-normal-11111-iteration-113010",
    "n_embd": 128,
    "run_id": "8c624f4a-a6ce-46db-afb4-ac6559021ffd",
    "mask_idx": 23,
    "test_dataset_filepath": "./datasets/graph_depth_first_search/1/11/normal/11111/1/True/True/1/128/4/4/11037/11808/test_dataset",
    "lr": 0.0001,
    "train_dataset_filepath": "./datasets/graph_depth_first_search/1/11/normal/11111/1/True/True/1/128/4/4/11037/11808/train_dataset",
    "early_stopping": false,
    "n_layer": 4,
    "max_steps": 1,
    "bias": false,
    "loss_threshold": 0.0017157108429701616,
    "task": "graph_depth_first_search",
    "task_length": 11,
    "val_dataset_filepath": "./datasets/graph_depth_first_search/1/11/normal/11111/1/True/True/1/128/4/4/11037/11808/val_dataset",
    "betas": [
      0.9,
      0.95
    ],
    "warmup_ratio": 0.1,
    "dropout": 0
  },
  "summary": {
    "_runtime": 844.9490079879761,
    "_step": 4,
    "_timestamp": 1735481617.340137,
    "_wandb.runtime": 844,
    "epoch": 1,
    "test_acc_result": 0,
    "total_compute": 5058723840,
    "train_loss_epoch": 3.406597375869751,
    "trainer/global_step": 1,
    "val_loss": 3.4123165607452393
  }
}