{
  "config": {
    "method": "normal",
    "precision": "32",
    "train_dataset_filepath": "./datasets/graph_depth_first_search/1/11/normal/11111/10/True/True/1/256/16/4/24071/10235/train_dataset",
    "grad_clip": 1,
    "log_gradients": false,
    "seed": 10235,
    "weight_decay": 0.1,
    "mask_idx": 23,
    "test_dataset_filepath": "./datasets/graph_depth_first_search/1/11/normal/11111/10/True/True/1/256/16/4/24071/10235/test_dataset",
    "n_layer": 16,
    "threshold_testing": false,
    "loss_threshold": 0.0017157108429701616,
    "early_stopping": false,
    "compute_budget": 1000000000,
    "task": "graph_depth_first_search",
    "n_embd": 256,
    "task_length": 11,
    "batch_size": 64,
    "n_head": 4,
    "test_batch_size": 64,
    "run_id": "00a7fcde-3023-4120-a0d5-19f4c9cdd983",
    "validation_ratio": 0.005,
    "val_dataset_filepath": "./datasets/graph_depth_first_search/1/11/normal/11111/10/True/True/1/256/16/4/24071/10235/val_dataset",
    "betas": [
      0.9,
      0.95
    ],
    "max_steps": 1,
    "dropout": 0,
    "bias": false,
    "project_name": "binary-graph_depth_first_search1-gridsearch-11-normal-11111-iteration-113010",
    "warmup_ratio": 0.1,
    "lr": 0.001
  },
  "summary": {
    "_runtime": 1174.7828843593597,
    "_step": 4,
    "_timestamp": 1735486360.7705374,
    "_wandb.runtime": 1174,
    "epoch": 1,
    "test_acc_result": 0,
    "total_compute": 623332294656,
    "train_loss_epoch": 3.546100616455078,
    "trainer/global_step": 1,
    "val_loss": 2.4986698627471924
  }
}