{
  "config": {
    "early_stopping": false,
    "max_steps": 1,
    "method": "normal",
    "log_gradients": false,
    "train_dataset_filepath": "./datasets/graph_depth_first_search/1/11/normal/11111/1000/True/True/1/512/16/4/30987/34661/train_dataset",
    "task_length": 11,
    "lr": 0.1,
    "n_layer": 16,
    "run_id": "b6e83ec3-b727-44f1-b2cf-43ea37fcaf0e",
    "mask_idx": 23,
    "weight_decay": 0.1,
    "project_name": "binary-graph_depth_first_search1-gridsearch-11-normal-11111-iteration-113010",
    "dropout": 0,
    "compute_budget": 1000000000,
    "n_embd": 512,
    "task": "graph_depth_first_search",
    "n_head": 4,
    "test_dataset_filepath": "./datasets/graph_depth_first_search/1/11/normal/11111/1000/True/True/1/512/16/4/30987/34661/test_dataset",
    "grad_clip": 1,
    "betas": [
      0.9,
      0.95
    ],
    "loss_threshold": 0.0017157108429701616,
    "batch_size": 8,
    "threshold_testing": false,
    "test_batch_size": 64,
    "val_dataset_filepath": "./datasets/graph_depth_first_search/1/11/normal/11111/1000/True/True/1/512/16/4/30987/34661/val_dataset",
    "warmup_ratio": 0.1,
    "bias": false,
    "precision": "32",
    "seed": 34661,
    "validation_ratio": 0.005
  },
  "summary": {
    "_runtime": 1081.6443347930908,
    "_step": 4,
    "_timestamp": 1735483064.927621,
    "_wandb.runtime": 1081,
    "epoch": 1,
    "test_acc_result": 0,
    "total_compute": 305620058112,
    "train_loss_epoch": 3.680894136428833,
    "trainer/global_step": 1,
    "val_loss": 4.389102458953857
  }
}