{
  "config": {
    "project_name": "binary-graph_depth_first_search1-gridsearch-11-normal-11111-iteration-113010",
    "early_stopping": false,
    "val_dataset_filepath": "./datasets/graph_depth_first_search/1/11/normal/11111/10/True/True/1/32/16/4/38878/31282/val_dataset",
    "train_dataset_filepath": "./datasets/graph_depth_first_search/1/11/normal/11111/10/True/True/1/32/16/4/38878/31282/train_dataset",
    "lr": 0.001,
    "n_head": 4,
    "precision": "32",
    "betas": [
      0.9,
      0.95
    ],
    "task": "graph_depth_first_search",
    "bias": false,
    "run_id": "c63463e6-70b1-47d1-9c3c-5c155b249089",
    "warmup_ratio": 0.1,
    "grad_clip": 1,
    "log_gradients": false,
    "threshold_testing": false,
    "max_steps": 2,
    "task_length": 11,
    "compute_budget": 1000000000,
    "n_layer": 16,
    "n_embd": 32,
    "batch_size": 8,
    "test_batch_size": 64,
    "mask_idx": 23,
    "weight_decay": 0.1,
    "method": "normal",
    "validation_ratio": 0.005,
    "dropout": 0,
    "seed": 31282,
    "test_dataset_filepath": "./datasets/graph_depth_first_search/1/11/normal/11111/10/True/True/1/32/16/4/38878/31282/test_dataset",
    "loss_threshold": 0.0017157108429701616
  },
  "summary": {
    "_runtime": 1143.9693894386292,
    "_step": 5,
    "_timestamp": 1735485020.9054315,
    "_wandb.runtime": 1143,
    "epoch": 1,
    "test_acc_result": 0,
    "total_compute": 3096182784,
    "train_loss_epoch": 3.4296958446502686,
    "trainer/global_step": 2,
    "val_loss": 3.236607313156128
  }
}