{
  "config": {
    "threshold_testing": false,
    "n_layer": 16,
    "n_head": 4,
    "early_stopping": false,
    "run_id": "5880626a-31ef-4607-b0b5-2342ed133bd6",
    "grad_clip": 1,
    "project_name": "binary-graph_depth_first_search1-gridsearch-11-normal-11111-iteration-113010",
    "n_embd": 32,
    "log_gradients": false,
    "seed": 27119,
    "task_length": 11,
    "dropout": 0,
    "precision": "32",
    "warmup_ratio": 0.1,
    "compute_budget": 1000000000,
    "bias": false,
    "method": "normal",
    "weight_decay": 0.1,
    "batch_size": 64,
    "test_batch_size": 64,
    "val_dataset_filepath": "./datasets/graph_depth_first_search/1/11/normal/11111/1000/True/True/1/32/16/4/28418/27119/val_dataset",
    "task": "graph_depth_first_search",
    "loss_threshold": 0.0017157108429701616,
    "validation_ratio": 0.005,
    "betas": [
      0.9,
      0.95
    ],
    "lr": 0.1,
    "mask_idx": 23,
    "test_dataset_filepath": "./datasets/graph_depth_first_search/1/11/normal/11111/1000/True/True/1/32/16/4/28418/27119/test_dataset",
    "max_steps": 1,
    "train_dataset_filepath": "./datasets/graph_depth_first_search/1/11/normal/11111/1000/True/True/1/32/16/4/28418/27119/train_dataset"
  },
  "summary": {
    "_runtime": 929.9072186946869,
    "_step": 4,
    "_timestamp": 1735486638.1622818,
    "_wandb.runtime": 929,
    "epoch": 1,
    "test_acc_result": 0,
    "total_compute": 12384731136,
    "train_loss_epoch": 3.3588194847106934,
    "trainer/global_step": 1,
    "val_loss": 2.7477047443389893
  }
}