{
  "config": {
    "batch_size": 8,
    "loss_threshold": 0.0017157108429701616,
    "n_layer": 4,
    "warmup_ratio": 0.1,
    "mask_idx": 23,
    "seed": 13905,
    "n_embd": 64,
    "bias": false,
    "compute_budget": 1000000000,
    "grad_clip": 1,
    "validation_ratio": 0.005,
    "project_name": "binary-graph_depth_first_search1-gridsearch-11-normal-11111-iteration-113010",
    "threshold_testing": false,
    "test_dataset_filepath": "./datasets/graph_depth_first_search/1/11/normal/11111/100/True/True/1/64/4/4/31742/13905/test_dataset",
    "task": "graph_depth_first_search",
    "log_gradients": false,
    "lr": 0.01,
    "max_steps": 2,
    "run_id": "2f6880b2-d8d1-4f09-b343-044fd26c41b6",
    "precision": "32",
    "early_stopping": false,
    "betas": [
      0.9,
      0.95
    ],
    "n_head": 4,
    "method": "normal",
    "dropout": 0,
    "test_batch_size": 64,
    "task_length": 11,
    "train_dataset_filepath": "./datasets/graph_depth_first_search/1/11/normal/11111/100/True/True/1/64/4/4/31742/13905/train_dataset",
    "weight_decay": 0.1,
    "val_dataset_filepath": "./datasets/graph_depth_first_search/1/11/normal/11111/100/True/True/1/64/4/4/31742/13905/val_dataset"
  },
  "summary": {
    "_runtime": 616.9957857131958,
    "_step": 5,
    "_timestamp": 1735481119.3854327,
    "_wandb.runtime": 616,
    "epoch": 1,
    "test_acc_result": 0,
    "total_compute": 2718302208,
    "train_loss_epoch": 3.0259008407592773,
    "trainer/global_step": 2,
    "val_loss": 2.5790929794311523
  }
}