{
  "config": {
    "n_layer": 16,
    "loss_threshold": 0.0017157108429701616,
    "dropout": 0,
    "train_dataset_filepath": "./datasets/graph_depth_first_search/1/11/normal/11111/1/True/True/1/256/16/4/29764/10267/train_dataset",
    "n_head": 4,
    "log_gradients": false,
    "betas": [
      0.9,
      0.95
    ],
    "lr": 0.0001,
    "mask_idx": 23,
    "batch_size": 8,
    "max_steps": 1,
    "precision": "32",
    "early_stopping": false,
    "compute_budget": 1000000000,
    "run_id": "2c79a920-8da7-45c1-9b23-4fbf9502cbed",
    "task": "graph_depth_first_search",
    "project_name": "binary-graph_depth_first_search1-gridsearch-11-normal-11111-iteration-113010",
    "threshold_testing": false,
    "grad_clip": 1,
    "warmup_ratio": 0.1,
    "test_dataset_filepath": "./datasets/graph_depth_first_search/1/11/normal/11111/1/True/True/1/256/16/4/29764/10267/test_dataset",
    "method": "normal",
    "validation_ratio": 0.005,
    "weight_decay": 0.1,
    "val_dataset_filepath": "./datasets/graph_depth_first_search/1/11/normal/11111/1/True/True/1/256/16/4/29764/10267/val_dataset",
    "seed": 10267,
    "task_length": 11,
    "bias": false,
    "test_batch_size": 64,
    "n_embd": 256
  },
  "summary": {
    "_runtime": 955.5684063434601,
    "_step": 4,
    "_timestamp": 1735484591.4398162,
    "_wandb.runtime": 955,
    "epoch": 1,
    "test_acc_result": 0,
    "total_compute": 77916536832,
    "train_loss_epoch": 3.473745584487915,
    "trainer/global_step": 1,
    "val_loss": 2.9704811573028564
  }
}