{
  "config": {
    "method": "normal",
    "n_layer": 4,
    "loss_threshold": 0.0017157108429701616,
    "max_steps": 1,
    "grad_clip": 1,
    "val_dataset_filepath": "./datasets/graph_depth_first_search/1/11/normal/11111/1/True/True/1/512/4/4/3685/3225/val_dataset",
    "task_length": 11,
    "n_embd": 512,
    "early_stopping": false,
    "dropout": 0,
    "train_dataset_filepath": "./datasets/graph_depth_first_search/1/11/normal/11111/1/True/True/1/512/4/4/3685/3225/train_dataset",
    "task": "graph_depth_first_search",
    "lr": 0.0001,
    "bias": false,
    "run_id": "ed914a8e-4a4c-43a4-82f2-53f0ee17dbbd",
    "project_name": "binary-graph_depth_first_search1-gridsearch-11-normal-11111-iteration-113010",
    "precision": "32",
    "test_dataset_filepath": "./datasets/graph_depth_first_search/1/11/normal/11111/1/True/True/1/512/4/4/3685/3225/test_dataset",
    "seed": 3225,
    "warmup_ratio": 0.1,
    "betas": [
      0.9,
      0.95
    ],
    "batch_size": 8,
    "test_batch_size": 64,
    "mask_idx": 23,
    "compute_budget": 1000000000,
    "weight_decay": 0.1,
    "log_gradients": false,
    "n_head": 4,
    "threshold_testing": false,
    "validation_ratio": 0.005
  },
  "summary": {
    "_runtime": 928.5058767795563,
    "_step": 4,
    "_timestamp": 1735483067.4721909,
    "_wandb.runtime": 928,
    "epoch": 1,
    "test_acc_result": 0,
    "total_compute": 76405014528,
    "train_loss_epoch": 3.4780945777893066,
    "trainer/global_step": 1,
    "val_loss": 3.164508104324341
  }
}