{
  "config": {
    "task_length": 11,
    "train_dataset_filepath": "./datasets/graph_depth_first_search/1/11/normal/11111/100/True/True/1/32/16/4/34001/28552/train_dataset",
    "compute_budget": 1000000000,
    "precision": "32",
    "threshold_testing": false,
    "mask_idx": 23,
    "log_gradients": false,
    "max_steps": 1,
    "early_stopping": false,
    "test_batch_size": 64,
    "project_name": "binary-graph_depth_first_search1-gridsearch-11-normal-11111-iteration-113010",
    "validation_ratio": 0.005,
    "n_layer": 16,
    "loss_threshold": 0.0017157108429701616,
    "betas": [
      0.9,
      0.95
    ],
    "test_dataset_filepath": "./datasets/graph_depth_first_search/1/11/normal/11111/100/True/True/1/32/16/4/34001/28552/test_dataset",
    "method": "normal",
    "grad_clip": 1,
    "warmup_ratio": 0.1,
    "seed": 28552,
    "val_dataset_filepath": "./datasets/graph_depth_first_search/1/11/normal/11111/100/True/True/1/32/16/4/34001/28552/val_dataset",
    "bias": false,
    "weight_decay": 0.1,
    "run_id": "89264fa2-7208-41ae-8971-d7ebfc75462b",
    "batch_size": 64,
    "dropout": 0,
    "n_head": 4,
    "task": "graph_depth_first_search",
    "lr": 0.01,
    "n_embd": 32
  },
  "summary": {
    "_runtime": 1387.0251994132996,
    "_step": 4,
    "_timestamp": 1735484470.9220445,
    "_wandb.runtime": 1386,
    "epoch": 1,
    "test_acc_result": 0,
    "total_compute": 12384731136,
    "train_loss_epoch": 3.534574031829834,
    "trainer/global_step": 1,
    "val_loss": 2.9008047580718994
  }
}