{
  "config": {
    "loss_threshold": 0.0017157108429701616,
    "batch_size": 64,
    "betas": [
      0.9,
      0.95
    ],
    "train_dataset_filepath": "./datasets/graph_depth_first_search/1/11/normal/11111/10/True/True/1/64/4/4/8463/24376/train_dataset",
    "project_name": "binary-graph_depth_first_search1-gridsearch-11-normal-11111-iteration-113010",
    "n_layer": 4,
    "bias": false,
    "log_gradients": false,
    "n_embd": 64,
    "task_length": 11,
    "validation_ratio": 0.005,
    "run_id": "5073d846-3d83-4dae-8f55-fed602b263f9",
    "grad_clip": 1,
    "n_head": 4,
    "task": "graph_depth_first_search",
    "max_steps": 1,
    "warmup_ratio": 0.1,
    "val_dataset_filepath": "./datasets/graph_depth_first_search/1/11/normal/11111/10/True/True/1/64/4/4/8463/24376/val_dataset",
    "test_dataset_filepath": "./datasets/graph_depth_first_search/1/11/normal/11111/10/True/True/1/64/4/4/8463/24376/test_dataset",
    "method": "normal",
    "threshold_testing": false,
    "precision": "32",
    "lr": 0.001,
    "test_batch_size": 64,
    "mask_idx": 23,
    "weight_decay": 0.1,
    "dropout": 0,
    "seed": 24376,
    "early_stopping": false,
    "compute_budget": 1000000000
  },
  "summary": {
    "_runtime": 973.8426854610443,
    "_step": 4,
    "_timestamp": 1735486501.0824614,
    "_wandb.runtime": 972,
    "epoch": 1,
    "test_acc_result": 0,
    "total_compute": 10873208832,
    "train_loss_epoch": 3.465980291366577,
    "trainer/global_step": 1,
    "val_loss": 3.285879373550415
  }
}