{
  "config": {
    "threshold_testing": false,
    "grad_clip": 1,
    "train_dataset_filepath": "./datasets/graph_depth_first_search/1/11/normal/11111/1000/True/True/1/128/16/4/13686/35411/train_dataset",
    "project_name": "binary-graph_depth_first_search1-gridsearch-11-normal-11111-iteration-113010",
    "compute_budget": 1000000000,
    "n_layer": 16,
    "validation_ratio": 0.005,
    "bias": false,
    "batch_size": 8,
    "mask_idx": 23,
    "test_dataset_filepath": "./datasets/graph_depth_first_search/1/11/normal/11111/1000/True/True/1/128/16/4/13686/35411/test_dataset",
    "n_embd": 128,
    "val_dataset_filepath": "./datasets/graph_depth_first_search/1/11/normal/11111/1000/True/True/1/128/16/4/13686/35411/val_dataset",
    "seed": 35411,
    "precision": "32",
    "method": "normal",
    "n_head": 4,
    "log_gradients": false,
    "warmup_ratio": 0.1,
    "weight_decay": 0.1,
    "max_steps": 1,
    "loss_threshold": 0.0017157108429701616,
    "lr": 0.1,
    "task": "graph_depth_first_search",
    "betas": [
      0.9,
      0.95
    ],
    "task_length": 11,
    "early_stopping": false,
    "run_id": "0a64c2f3-6a5e-484d-91a9-59ff95bc3e93",
    "test_batch_size": 64,
    "dropout": 0
  },
  "summary": {
    "_runtime": 1034.4053874015808,
    "_step": 4,
    "_timestamp": 1735485083.8684864,
    "_wandb.runtime": 1033,
    "epoch": 1,
    "test_acc_result": 0,
    "total_compute": 20234895360,
    "train_loss_epoch": 3.577803373336792,
    "trainer/global_step": 1,
    "val_loss": 3.2470409870147705
  }
}