{
  "config": {
    "batch_size": 8,
    "bias": false,
    "n_layer": 16,
    "mask_idx": 23,
    "max_steps": 1,
    "threshold_testing": false,
    "dropout": 0,
    "seed": 34074,
    "validation_ratio": 0.005,
    "val_dataset_filepath": "./datasets/graph_depth_first_search/1/11/normal/11111/1/True/True/1/128/16/4/5778/34074/val_dataset",
    "test_batch_size": 64,
    "grad_clip": 1,
    "task_length": 11,
    "compute_budget": 1000000000,
    "weight_decay": 0.1,
    "precision": "32",
    "method": "normal",
    "loss_threshold": 0.0017157108429701616,
    "betas": [
      0.9,
      0.95
    ],
    "train_dataset_filepath": "./datasets/graph_depth_first_search/1/11/normal/11111/1/True/True/1/128/16/4/5778/34074/train_dataset",
    "n_embd": 128,
    "log_gradients": false,
    "run_id": "789dd0e9-b023-4d8b-90bf-b907e2981d5b",
    "project_name": "binary-graph_depth_first_search1-gridsearch-11-normal-11111-iteration-113010",
    "early_stopping": false,
    "task": "graph_depth_first_search",
    "test_dataset_filepath": "./datasets/graph_depth_first_search/1/11/normal/11111/1/True/True/1/128/16/4/5778/34074/test_dataset",
    "n_head": 4,
    "lr": 0.0001,
    "warmup_ratio": 0.1
  },
  "summary": {
    "_runtime": 1188.6589012145996,
    "_step": 4,
    "_timestamp": 1735482341.32644,
    "_wandb.runtime": 1188,
    "epoch": 1,
    "test_acc_result": 0,
    "total_compute": 20234895360,
    "train_loss_epoch": 3.683488130569458,
    "trainer/global_step": 1,
    "val_loss": 3.4473507404327393
  }
}