{
  "config": {
    "val_dataset_filepath": "./datasets/graph_depth_first_search/1/11/normal/11111/100/True/True/1/128/16/4/10987/9084/val_dataset",
    "compute_budget": 1000000000,
    "n_embd": 128,
    "precision": "32",
    "early_stopping": false,
    "n_head": 4,
    "lr": 0.01,
    "log_gradients": false,
    "threshold_testing": false,
    "project_name": "binary-graph_depth_first_search1-gridsearch-11-normal-11111-iteration-113010",
    "mask_idx": 23,
    "test_batch_size": 64,
    "train_dataset_filepath": "./datasets/graph_depth_first_search/1/11/normal/11111/100/True/True/1/128/16/4/10987/9084/train_dataset",
    "loss_threshold": 0.0017157108429701616,
    "betas": [
      0.9,
      0.95
    ],
    "warmup_ratio": 0.1,
    "method": "normal",
    "grad_clip": 1,
    "test_dataset_filepath": "./datasets/graph_depth_first_search/1/11/normal/11111/100/True/True/1/128/16/4/10987/9084/test_dataset",
    "n_layer": 16,
    "dropout": 0,
    "seed": 9084,
    "validation_ratio": 0.005,
    "run_id": "8f915db4-05c2-4ced-80f3-233def3e445b",
    "weight_decay": 0.1,
    "task_length": 11,
    "bias": false,
    "batch_size": 8,
    "task": "graph_depth_first_search",
    "max_steps": 1
  },
  "summary": {
    "_runtime": 1229.4664499759674,
    "_step": 4,
    "_timestamp": 1735483504.438981,
    "_wandb.runtime": 1228,
    "epoch": 1,
    "test_acc_result": 0,
    "total_compute": 20234895360,
    "train_loss_epoch": 3.554718255996704,
    "trainer/global_step": 1,
    "val_loss": 2.8149075508117676
  }
}