{
  "config": {
    "grad_clip": 1,
    "weight_decay": 0.1,
    "warmup_ratio": 0.1,
    "early_stopping": false,
    "loss_threshold": 0.0017157108429701616,
    "mask_idx": 23,
    "max_steps": 18,
    "dropout": 0,
    "train_dataset_filepath": "./datasets/graph_depth_first_search/1/11/normal/11111/100/True/True/1/16/4/4/7239/17284/train_dataset",
    "n_embd": 16,
    "compute_budget": 1000000000,
    "n_layer": 4,
    "project_name": "binary-graph_depth_first_search1-gridsearch-11-normal-11111-iteration-113010",
    "run_id": "c5dc80c8-d13b-477f-9459-fd23f5bc3b81",
    "betas": [
      0.9,
      0.95
    ],
    "task_length": 11,
    "precision": "32",
    "method": "normal",
    "test_batch_size": 64,
    "batch_size": 8,
    "task": "graph_depth_first_search",
    "val_dataset_filepath": "./datasets/graph_depth_first_search/1/11/normal/11111/100/True/True/1/16/4/4/7239/17284/val_dataset",
    "n_head": 4,
    "validation_ratio": 0.005,
    "bias": false,
    "seed": 17284,
    "lr": 0.01,
    "threshold_testing": false,
    "test_dataset_filepath": "./datasets/graph_depth_first_search/1/11/normal/11111/100/True/True/1/16/4/4/7239/17284/test_dataset",
    "log_gradients": false
  },
  "summary": {
    "_runtime": 633.8948564529419,
    "_step": 21,
    "_timestamp": 1735481814.0964015,
    "_wandb.runtime": 633,
    "epoch": 1,
    "test_acc_result": 0,
    "total_compute": 2166718464,
    "train_loss_epoch": 2.7523858547210693,
    "trainer/global_step": 18,
    "val_loss": 2.501230001449585
  }
}