{
  "config": {
    "val_dataset_filepath": "./datasets/graph_depth_first_search/1/11/normal/11111/1000/True/True/1/256/16/4/30562/39843/val_dataset",
    "lr": 0.1,
    "project_name": "binary-graph_depth_first_search1-gridsearch-11-normal-11111-iteration-113010",
    "validation_ratio": 0.005,
    "dropout": 0,
    "warmup_ratio": 0.1,
    "run_id": "533768fe-3a22-42e2-be67-67b6e6aeb127",
    "weight_decay": 0.1,
    "grad_clip": 1,
    "threshold_testing": false,
    "train_dataset_filepath": "./datasets/graph_depth_first_search/1/11/normal/11111/1000/True/True/1/256/16/4/30562/39843/train_dataset",
    "precision": "32",
    "loss_threshold": 0.0017157108429701616,
    "log_gradients": false,
    "early_stopping": false,
    "method": "normal",
    "n_embd": 256,
    "n_layer": 16,
    "betas": [
      0.9,
      0.95
    ],
    "task_length": 11,
    "test_batch_size": 64,
    "test_dataset_filepath": "./datasets/graph_depth_first_search/1/11/normal/11111/1000/True/True/1/256/16/4/30562/39843/test_dataset",
    "task": "graph_depth_first_search",
    "max_steps": 1,
    "mask_idx": 23,
    "compute_budget": 1000000000,
    "bias": false,
    "batch_size": 8,
    "seed": 39843,
    "n_head": 4
  },
  "summary": {
    "_runtime": 1204.875747203827,
    "_step": 4,
    "_timestamp": 1735485714.4469123,
    "_wandb.runtime": 1205,
    "epoch": 1,
    "test_acc_result": 0,
    "total_compute": 77916536832,
    "train_loss_epoch": 3.395641565322876,
    "trainer/global_step": 1,
    "val_loss": 4.687719345092773
  }
}