{
  "config": {
    "loss_threshold": 0.0017157108429701616,
    "max_steps": 19,
    "warmup_ratio": 0.1,
    "train_dataset_filepath": "./datasets/graph_depth_first_search/1/11/normal/11111/1000/True/True/1/16/4/4/14348/4280/train_dataset",
    "batch_size": 8,
    "validation_ratio": 0.005,
    "task": "graph_depth_first_search",
    "n_embd": 16,
    "task_length": 11,
    "precision": "32",
    "early_stopping": false,
    "weight_decay": 0.1,
    "run_id": "04d3ab05-3d64-4c74-9494-cc21cd6dc23e",
    "n_layer": 4,
    "compute_budget": 1000000000,
    "dropout": 0,
    "test_batch_size": 64,
    "bias": false,
    "threshold_testing": false,
    "val_dataset_filepath": "./datasets/graph_depth_first_search/1/11/normal/11111/1000/True/True/1/16/4/4/14348/4280/val_dataset",
    "betas": [
      0.9,
      0.95
    ],
    "n_head": 4,
    "project_name": "binary-graph_depth_first_search1-gridsearch-11-normal-11111-iteration-113010",
    "method": "normal",
    "mask_idx": 23,
    "lr": 0.1,
    "test_dataset_filepath": "./datasets/graph_depth_first_search/1/11/normal/11111/1000/True/True/1/16/4/4/14348/4280/test_dataset",
    "grad_clip": 1,
    "log_gradients": false,
    "seed": 4280
  },
  "summary": {
    "_runtime": 922.1328589916229,
    "_step": 22,
    "_timestamp": 1735485137.4441829,
    "_wandb.runtime": 921,
    "epoch": 1,
    "test_acc_result": 0,
    "total_compute": 2287091712,
    "train_loss_epoch": 2.6143829822540283,
    "trainer/global_step": 19,
    "val_loss": 2.302882671356201
  }
}