{
  "config": {
    "method": "normal",
    "log_gradients": false,
    "loss_threshold": 0.0017157108429701616,
    "test_dataset_filepath": "./datasets/graph_depth_first_search/1/11/normal/11111/100/True/True/1/256/16/4/5479/17937/test_dataset",
    "betas": [
      0.9,
      0.95
    ],
    "lr": 0.01,
    "task_length": 11,
    "project_name": "binary-graph_depth_first_search1-gridsearch-11-normal-11111-iteration-113010",
    "test_batch_size": 64,
    "n_head": 4,
    "grad_clip": 1,
    "dropout": 0,
    "batch_size": 8,
    "seed": 17937,
    "n_embd": 256,
    "n_layer": 16,
    "early_stopping": false,
    "max_steps": 1,
    "compute_budget": 1000000000,
    "validation_ratio": 0.005,
    "bias": false,
    "threshold_testing": false,
    "train_dataset_filepath": "./datasets/graph_depth_first_search/1/11/normal/11111/100/True/True/1/256/16/4/5479/17937/train_dataset",
    "mask_idx": 23,
    "val_dataset_filepath": "./datasets/graph_depth_first_search/1/11/normal/11111/100/True/True/1/256/16/4/5479/17937/val_dataset",
    "task": "graph_depth_first_search",
    "warmup_ratio": 0.1,
    "precision": "32",
    "weight_decay": 0.1,
    "run_id": "06cd0bbd-540b-4435-85a4-355533906832"
  },
  "summary": {
    "_runtime": 1204.9317333698273,
    "_step": 4,
    "_timestamp": 1735482476.1819284,
    "_wandb.runtime": 1204,
    "epoch": 1,
    "test_acc_result": 0,
    "total_compute": 77916536832,
    "train_loss_epoch": 3.457918643951416,
    "trainer/global_step": 1,
    "val_loss": 2.7786242961883545
  }
}