{
  "config": {
    "val_dataset_filepath": "./datasets/graph_depth_first_search/1/11/normal/11111/1/True/True/1/32/4/4/18104/18784/val_dataset",
    "task": "graph_depth_first_search",
    "n_head": 4,
    "betas": [
      0.9,
      0.95
    ],
    "mask_idx": 23,
    "test_dataset_filepath": "./datasets/graph_depth_first_search/1/11/normal/11111/1/True/True/1/32/4/4/18104/18784/test_dataset",
    "train_dataset_filepath": "./datasets/graph_depth_first_search/1/11/normal/11111/1/True/True/1/32/4/4/18104/18784/train_dataset",
    "bias": false,
    "early_stopping": false,
    "grad_clip": 1,
    "compute_budget": 1000000000,
    "n_layer": 4,
    "seed": 18784,
    "n_embd": 32,
    "weight_decay": 0.1,
    "task_length": 11,
    "max_steps": 1,
    "validation_ratio": 0.005,
    "warmup_ratio": 0.1,
    "loss_threshold": 0.0017157108429701616,
    "lr": 0.0001,
    "threshold_testing": false,
    "batch_size": 64,
    "log_gradients": false,
    "precision": "32",
    "dropout": 0,
    "project_name": "binary-graph_depth_first_search1-gridsearch-11-normal-11111-iteration-113010",
    "run_id": "747fc228-28c7-4027-b1a5-5f2ccff2fac0",
    "method": "normal",
    "test_batch_size": 64
  },
  "summary": {
    "_runtime": 1120.9372839927673,
    "_step": 4,
    "_timestamp": 1735483631.178908,
    "_wandb.runtime": 1120,
    "epoch": 1,
    "test_acc_result": 0,
    "total_compute": 3096182784,
    "train_loss_epoch": 3.4675662517547607,
    "trainer/global_step": 1,
    "val_loss": 3.450868606567383
  }
}