{
  "config": {
    "task_length": 11,
    "seed": 34687,
    "mask_idx": 23,
    "n_embd": 512,
    "compute_budget": 1000000000,
    "train_dataset_filepath": "./datasets/graph_depth_first_search/1/11/normal/11111/10/True/True/1/512/4/4/38501/34687/train_dataset",
    "n_head": 4,
    "max_steps": 1,
    "early_stopping": false,
    "bias": false,
    "betas": [
      0.9,
      0.95
    ],
    "project_name": "binary-graph_depth_first_search1-gridsearch-11-normal-11111-iteration-113010",
    "task": "graph_depth_first_search",
    "warmup_ratio": 0.1,
    "val_dataset_filepath": "./datasets/graph_depth_first_search/1/11/normal/11111/10/True/True/1/512/4/4/38501/34687/val_dataset",
    "loss_threshold": 0.0017157108429701616,
    "test_dataset_filepath": "./datasets/graph_depth_first_search/1/11/normal/11111/10/True/True/1/512/4/4/38501/34687/test_dataset",
    "weight_decay": 0.1,
    "run_id": "e5eebf12-68e2-48a1-b806-71eba439539a",
    "lr": 0.001,
    "test_batch_size": 64,
    "precision": "32",
    "method": "normal",
    "grad_clip": 1,
    "batch_size": 64,
    "validation_ratio": 0.005,
    "threshold_testing": false,
    "n_layer": 4,
    "dropout": 0,
    "log_gradients": false
  },
  "summary": {
    "_runtime": 868.7409565448761,
    "_step": 4,
    "_timestamp": 1735483321.7175875,
    "_wandb.runtime": 868,
    "epoch": 1,
    "test_acc_result": 0,
    "total_compute": 611240116224,
    "train_loss_epoch": 3.529074192047119,
    "trainer/global_step": 1,
    "val_loss": 2.474966526031494
  }
}