{
  "config": {
    "grad_clip": 1,
    "val_dataset_filepath": "./datasets/graph_depth_first_search/1/11/normal/11111/10/True/True/1/512/4/4/33941/23026/val_dataset",
    "task": "graph_depth_first_search",
    "seed": 23026,
    "lr": 0.001,
    "mask_idx": 23,
    "test_batch_size": 64,
    "validation_ratio": 0.005,
    "train_dataset_filepath": "./datasets/graph_depth_first_search/1/11/normal/11111/10/True/True/1/512/4/4/33941/23026/train_dataset",
    "log_gradients": false,
    "project_name": "binary-graph_depth_first_search1-gridsearch-11-normal-11111-iteration-113010",
    "early_stopping": false,
    "precision": "32",
    "n_embd": 512,
    "run_id": "be3daa49-38b1-49e2-8adc-bbae9668ad9a",
    "dropout": 0,
    "bias": false,
    "max_steps": 1,
    "threshold_testing": false,
    "task_length": 11,
    "batch_size": 8,
    "test_dataset_filepath": "./datasets/graph_depth_first_search/1/11/normal/11111/10/True/True/1/512/4/4/33941/23026/test_dataset",
    "loss_threshold": 0.0017157108429701616,
    "compute_budget": 1000000000,
    "method": "normal",
    "warmup_ratio": 0.1,
    "n_head": 4,
    "betas": [
      0.9,
      0.95
    ],
    "n_layer": 4,
    "weight_decay": 0.1
  },
  "summary": {
    "_runtime": 1041.0273447036743,
    "_step": 4,
    "_timestamp": 1735483727.9557016,
    "_wandb.runtime": 1040,
    "epoch": 1,
    "test_acc_result": 0,
    "total_compute": 76405014528,
    "train_loss_epoch": 3.497237205505371,
    "trainer/global_step": 1,
    "val_loss": 2.841623067855835
  }
}