{
  "config": {
    "n_embd": 512,
    "lr": 0.01,
    "early_stopping": false,
    "validation_ratio": 0.005,
    "project_name": "binary-graph_depth_first_search1-gridsearch-11-normal-11111-iteration-113010",
    "threshold_testing": false,
    "train_dataset_filepath": "./datasets/graph_depth_first_search/1/11/normal/11111/100/True/True/1/512/16/4/24453/8043/train_dataset",
    "n_layer": 16,
    "max_steps": 1,
    "compute_budget": 1000000000,
    "method": "normal",
    "loss_threshold": 0.0017157108429701616,
    "task": "graph_depth_first_search",
    "log_gradients": false,
    "betas": [
      0.9,
      0.95
    ],
    "precision": "32",
    "test_dataset_filepath": "./datasets/graph_depth_first_search/1/11/normal/11111/100/True/True/1/512/16/4/24453/8043/test_dataset",
    "test_batch_size": 64,
    "bias": false,
    "task_length": 11,
    "val_dataset_filepath": "./datasets/graph_depth_first_search/1/11/normal/11111/100/True/True/1/512/16/4/24453/8043/val_dataset",
    "batch_size": 64,
    "mask_idx": 23,
    "grad_clip": 1,
    "n_head": 4,
    "warmup_ratio": 0.1,
    "run_id": "e6e088a3-eb34-411e-9211-53b667220b86",
    "dropout": 0,
    "weight_decay": 0.1,
    "seed": 8043
  },
  "summary": {
    "_runtime": 1216.6152057647705,
    "_step": 4,
    "_timestamp": 1735482469.6799057,
    "_wandb.runtime": 1217,
    "epoch": 1,
    "test_acc_result": 0,
    "total_compute": 2444960464896,
    "train_loss_epoch": 3.434030294418335,
    "trainer/global_step": 1,
    "val_loss": 2.735067367553711
  }
}