{
  "config": {
    "n_head": 4,
    "weight_decay": 0.1,
    "run_id": "3ec2e6dc-724e-45f5-9926-99dbcc96c33d",
    "max_steps": 6,
    "task_length": 11,
    "validation_ratio": 0.005,
    "seed": 18436,
    "loss_threshold": 0.0017157108429701616,
    "train_dataset_filepath": "./datasets/graph_depth_first_search/1/11/normal/11111/1/True/True/1/32/4/4/24944/18436/train_dataset",
    "lr": 0.0001,
    "method": "normal",
    "project_name": "binary-graph_depth_first_search1-gridsearch-11-normal-11111-iteration-113010",
    "warmup_ratio": 0.1,
    "test_batch_size": 64,
    "betas": [
      0.9,
      0.95
    ],
    "grad_clip": 1,
    "n_embd": 32,
    "early_stopping": false,
    "task": "graph_depth_first_search",
    "test_dataset_filepath": "./datasets/graph_depth_first_search/1/11/normal/11111/1/True/True/1/32/4/4/24944/18436/test_dataset",
    "log_gradients": false,
    "batch_size": 8,
    "dropout": 0,
    "bias": false,
    "compute_budget": 1000000000,
    "threshold_testing": false,
    "mask_idx": 23,
    "val_dataset_filepath": "./datasets/graph_depth_first_search/1/11/normal/11111/1/True/True/1/32/4/4/24944/18436/val_dataset",
    "n_layer": 4,
    "precision": "32"
  },
  "summary": {
    "_runtime": 901.8616790771484,
    "_step": 9,
    "_timestamp": 1735483811.075288,
    "_wandb.runtime": 901,
    "epoch": 1,
    "test_acc_result": 0,
    "total_compute": 2322137088,
    "train_loss_epoch": 3.30680251121521,
    "trainer/global_step": 6,
    "val_loss": 3.329057455062866
  }
}