{
  "config": {
    "lr": 0.1,
    "compute_budget": 1000000000,
    "early_stopping": false,
    "seed": 14249,
    "train_dataset_filepath": "./datasets/graph_depth_first_search/1/11/normal/11111/1000/True/True/1/512/16/4/16671/14249/train_dataset",
    "threshold_testing": false,
    "n_embd": 512,
    "task": "graph_depth_first_search",
    "n_head": 4,
    "method": "normal",
    "n_layer": 16,
    "mask_idx": 23,
    "grad_clip": 1,
    "log_gradients": false,
    "dropout": 0,
    "betas": [
      0.9,
      0.95
    ],
    "warmup_ratio": 0.1,
    "test_batch_size": 64,
    "test_dataset_filepath": "./datasets/graph_depth_first_search/1/11/normal/11111/1000/True/True/1/512/16/4/16671/14249/test_dataset",
    "val_dataset_filepath": "./datasets/graph_depth_first_search/1/11/normal/11111/1000/True/True/1/512/16/4/16671/14249/val_dataset",
    "loss_threshold": 0.0017157108429701616,
    "bias": false,
    "batch_size": 64,
    "run_id": "30d0e483-047e-45f1-8aa3-940dfb4b9ac3",
    "task_length": 11,
    "weight_decay": 0.1,
    "validation_ratio": 0.005,
    "max_steps": 1,
    "project_name": "binary-graph_depth_first_search1-gridsearch-11-normal-11111-iteration-113010",
    "precision": "32"
  },
  "summary": {
    "_runtime": 1605.8174068927765,
    "_step": 4,
    "_timestamp": 1735483930.34122,
    "_wandb.runtime": 1605,
    "epoch": 1,
    "test_acc_result": 0,
    "total_compute": 2444960464896,
    "train_loss_epoch": 3.4827001094818115,
    "trainer/global_step": 1,
    "val_loss": 5.065501689910889
  }
}