{
  "config": {
    "bias": false,
    "lr": 0.001,
    "run_id": "10e41cf7-cd0a-4b41-a316-6d9eeb4e1645",
    "loss_threshold": 0.0017157108429701616,
    "betas": [
      0.9,
      0.95
    ],
    "test_batch_size": 64,
    "task": "graph_depth_first_search",
    "grad_clip": 1,
    "warmup_ratio": 0.1,
    "compute_budget": 1000000000,
    "seed": 11444,
    "task_length": 11,
    "val_dataset_filepath": "./datasets/graph_depth_first_search/1/11/normal/11111/10/True/True/1/64/4/4/27204/11444/val_dataset",
    "validation_ratio": 0.005,
    "batch_size": 8,
    "mask_idx": 23,
    "log_gradients": false,
    "max_steps": 2,
    "dropout": 0,
    "weight_decay": 0.1,
    "project_name": "binary-graph_depth_first_search1-gridsearch-11-normal-11111-iteration-113010",
    "precision": "32",
    "test_dataset_filepath": "./datasets/graph_depth_first_search/1/11/normal/11111/10/True/True/1/64/4/4/27204/11444/test_dataset",
    "n_layer": 4,
    "early_stopping": false,
    "threshold_testing": false,
    "n_head": 4,
    "train_dataset_filepath": "./datasets/graph_depth_first_search/1/11/normal/11111/10/True/True/1/64/4/4/27204/11444/train_dataset",
    "n_embd": 64,
    "method": "normal"
  },
  "summary": {
    "_runtime": 1203.4290277957916,
    "_step": 5,
    "_timestamp": 1735484912.9493258,
    "_wandb.runtime": 1202,
    "epoch": 1,
    "test_acc_result": 0,
    "total_compute": 2718302208,
    "train_loss_epoch": 3.324319362640381,
    "trainer/global_step": 2,
    "val_loss": 3.1933040618896484
  }
}