{
  "config": {
    "run_id": "83fe252e-edea-4dc5-8836-a1a95a8f6bc3",
    "dropout": 0,
    "lr": 0.001,
    "mask_idx": 23,
    "task_length": 11,
    "test_batch_size": 64,
    "log_gradients": false,
    "task": "graph_depth_first_search",
    "test_dataset_filepath": "./datasets/graph_depth_first_search/1/11/normal/11111/10/True/True/1/512/16/4/37170/10082/test_dataset",
    "betas": [
      0.9,
      0.95
    ],
    "precision": "32",
    "n_embd": 512,
    "n_head": 4,
    "method": "normal",
    "val_dataset_filepath": "./datasets/graph_depth_first_search/1/11/normal/11111/10/True/True/1/512/16/4/37170/10082/val_dataset",
    "threshold_testing": false,
    "validation_ratio": 0.005,
    "train_dataset_filepath": "./datasets/graph_depth_first_search/1/11/normal/11111/10/True/True/1/512/16/4/37170/10082/train_dataset",
    "warmup_ratio": 0.1,
    "n_layer": 16,
    "compute_budget": 1000000000,
    "bias": false,
    "project_name": "binary-graph_depth_first_search1-gridsearch-11-normal-11111-iteration-113010",
    "early_stopping": false,
    "weight_decay": 0.1,
    "loss_threshold": 0.0017157108429701616,
    "seed": 10082,
    "grad_clip": 1,
    "batch_size": 8,
    "max_steps": 1
  },
  "summary": {
    "_runtime": 1082.7180149555206,
    "_step": 4,
    "_timestamp": 1735484511.2886689,
    "_wandb.runtime": 1082,
    "epoch": 1,
    "test_acc_result": 0,
    "total_compute": 305620058112,
    "train_loss_epoch": 3.506446599960327,
    "trainer/global_step": 1,
    "val_loss": 2.7571628093719482
  }
}