{
  "config": {
    "loss_threshold": 0.0017157108429701616,
    "mask_idx": 23,
    "test_dataset_filepath": "./datasets/graph_depth_first_search/1/11/normal/11111/100/True/True/1/512/4/4/12540/22930/test_dataset",
    "batch_size": 64,
    "betas": [
      0.9,
      0.95
    ],
    "precision": "32",
    "threshold_testing": false,
    "n_head": 4,
    "log_gradients": false,
    "dropout": 0,
    "compute_budget": 1000000000,
    "project_name": "binary-graph_depth_first_search1-gridsearch-11-normal-11111-iteration-113010",
    "val_dataset_filepath": "./datasets/graph_depth_first_search/1/11/normal/11111/100/True/True/1/512/4/4/12540/22930/val_dataset",
    "train_dataset_filepath": "./datasets/graph_depth_first_search/1/11/normal/11111/100/True/True/1/512/4/4/12540/22930/train_dataset",
    "bias": false,
    "task_length": 11,
    "early_stopping": false,
    "n_embd": 512,
    "seed": 22930,
    "weight_decay": 0.1,
    "run_id": "73c7f48f-87df-48e1-845b-4d11094c5038",
    "n_layer": 4,
    "max_steps": 1,
    "task": "graph_depth_first_search",
    "validation_ratio": 0.005,
    "lr": 0.01,
    "warmup_ratio": 0.1,
    "test_batch_size": 64,
    "method": "normal",
    "grad_clip": 1
  },
  "summary": {
    "_runtime": 1102.9290459156036,
    "_step": 4,
    "_timestamp": 1735484371.628614,
    "_wandb.runtime": 1102,
    "epoch": 1,
    "test_acc_result": 0,
    "total_compute": 611240116224,
    "train_loss_epoch": 3.526484489440918,
    "trainer/global_step": 1,
    "val_loss": 3.2397124767303467
  }
}