{
  "config": {
    "seed": 7071,
    "loss_threshold": 0.0017157108429701616,
    "test_batch_size": 64,
    "threshold_testing": false,
    "warmup_ratio": 0.1,
    "train_dataset_filepath": "./datasets/graph_depth_first_search/1/11/normal/11111/100/True/True/1/128/4/4/17683/7071/train_dataset",
    "grad_clip": 1,
    "test_dataset_filepath": "./datasets/graph_depth_first_search/1/11/normal/11111/100/True/True/1/128/4/4/17683/7071/test_dataset",
    "n_embd": 128,
    "n_layer": 4,
    "betas": [
      0.9,
      0.95
    ],
    "lr": 0.01,
    "task_length": 11,
    "compute_budget": 1000000000,
    "method": "normal",
    "weight_decay": 0.1,
    "val_dataset_filepath": "./datasets/graph_depth_first_search/1/11/normal/11111/100/True/True/1/128/4/4/17683/7071/val_dataset",
    "log_gradients": false,
    "task": "graph_depth_first_search",
    "n_head": 4,
    "bias": false,
    "early_stopping": false,
    "precision": "32",
    "project_name": "binary-graph_depth_first_search1-gridsearch-11-normal-11111-iteration-113010",
    "validation_ratio": 0.005,
    "mask_idx": 23,
    "max_steps": 1,
    "dropout": 0,
    "run_id": "d8e28e41-41c7-40d9-9e8e-33713ea85b42",
    "batch_size": 8
  },
  "summary": {
    "_runtime": 781.6683571338654,
    "_step": 4,
    "_timestamp": 1735481192.2175002,
    "_wandb.runtime": 781,
    "epoch": 1,
    "test_acc_result": 0,
    "total_compute": 5058723840,
    "train_loss_epoch": 3.474950075149536,
    "trainer/global_step": 1,
    "val_loss": 2.750352382659912
  }
}