{
  "config": {
    "n_head": 4,
    "precision": "32",
    "task_length": 11,
    "method": "normal",
    "warmup_ratio": 0.1,
    "train_dataset_filepath": "./datasets/graph_depth_first_search/1/11/normal/11111/1/True/True/1/8/16/4/22595/6573/train_dataset",
    "dropout": 0,
    "test_batch_size": 64,
    "task": "graph_depth_first_search",
    "betas": [
      0.9,
      0.95
    ],
    "grad_clip": 1,
    "mask_idx": 23,
    "seed": 6573,
    "bias": false,
    "project_name": "binary-graph_depth_first_search1-gridsearch-11-normal-11111-iteration-113010",
    "weight_decay": 0.1,
    "max_steps": 15,
    "n_layer": 16,
    "val_dataset_filepath": "./datasets/graph_depth_first_search/1/11/normal/11111/1/True/True/1/8/16/4/22595/6573/val_dataset",
    "validation_ratio": 0.005,
    "run_id": "7c7d56ad-343e-4efe-971e-4657d2f77919",
    "compute_budget": 1000000000,
    "test_dataset_filepath": "./datasets/graph_depth_first_search/1/11/normal/11111/1/True/True/1/8/16/4/22595/6573/test_dataset",
    "log_gradients": false,
    "threshold_testing": false,
    "loss_threshold": 0.0017157108429701616,
    "lr": 0.0001,
    "n_embd": 8,
    "batch_size": 8,
    "early_stopping": false
  },
  "summary": {
    "_runtime": 1182.4534661769867,
    "_step": 18,
    "_timestamp": 1735481852.5670972,
    "_wandb.runtime": 1181,
    "epoch": 1,
    "test_acc_result": 0,
    "total_compute": 2514124800,
    "train_loss_epoch": 3.276700258255005,
    "trainer/global_step": 15,
    "val_loss": 3.292876958847046
  }
}