{
  "config": {
    "n_head": 4,
    "task": "graph_depth_first_search",
    "loss_threshold": 0.0017157108429701616,
    "test_dataset_filepath": "./datasets/graph_depth_first_search/1/11/normal/11111/1/True/True/1/8/4/4/51/28705/test_dataset",
    "batch_size": 8,
    "train_dataset_filepath": "./datasets/graph_depth_first_search/1/11/normal/11111/1/True/True/1/8/4/4/51/28705/train_dataset",
    "max_steps": 58,
    "betas": [
      0.9,
      0.95
    ],
    "test_batch_size": 64,
    "weight_decay": 0.1,
    "n_embd": 8,
    "compute_budget": 1000000000,
    "bias": false,
    "threshold_testing": false,
    "early_stopping": false,
    "project_name": "binary-graph_depth_first_search1-gridsearch-11-normal-11111-iteration-113010",
    "dropout": 0,
    "mask_idx": 23,
    "run_id": "b14ef220-f8d0-440e-b81e-880e81ccc7cf",
    "grad_clip": 1,
    "n_layer": 4,
    "validation_ratio": 0.005,
    "task_length": 11,
    "method": "normal",
    "warmup_ratio": 0.1,
    "lr": 0.0001,
    "seed": 28705,
    "precision": "32",
    "log_gradients": false,
    "val_dataset_filepath": "./datasets/graph_depth_first_search/1/11/normal/11111/1/True/True/1/8/4/4/51/28705/val_dataset"
  },
  "summary": {
    "_runtime": 709.9674911499023,
    "_step": 63,
    "_timestamp": 1735488045.0487583,
    "_wandb.runtime": 709,
    "epoch": 1,
    "lr-AdamW": 1.625303747046901e-05,
    "test_acc_result": 0,
    "total_compute": 2430320640,
    "train_loss_epoch": 3.5070531368255615,
    "train_loss_step": 3.5220224857330322,
    "trainer/global_step": 58,
    "val_loss": 3.4970204830169678
  }
}