{
  "config": {
    "precision": "32",
    "weight_decay": 0.1,
    "warmup_ratio": 0.1,
    "grad_clip": 1,
    "log_gradients": false,
    "validation_ratio": 0.005,
    "batch_size": 8,
    "n_embd": 32,
    "loss_threshold": 0.0017157108429701616,
    "task": "graph_depth_first_search",
    "early_stopping": false,
    "test_batch_size": 64,
    "seed": 28993,
    "method": "normal",
    "mask_idx": 23,
    "train_dataset_filepath": "./datasets/graph_depth_first_search/1/11/normal/11111/1000/True/True/1/32/16/4/5116/28993/train_dataset",
    "threshold_testing": false,
    "max_steps": 2,
    "bias": false,
    "project_name": "binary-graph_depth_first_search1-gridsearch-11-normal-11111-iteration-113010",
    "n_head": 4,
    "val_dataset_filepath": "./datasets/graph_depth_first_search/1/11/normal/11111/1000/True/True/1/32/16/4/5116/28993/val_dataset",
    "compute_budget": 1000000000,
    "betas": [
      0.9,
      0.95
    ],
    "task_length": 11,
    "run_id": "ec9b78c7-a8c4-4416-84df-b699d4ba2697",
    "dropout": 0,
    "n_layer": 16,
    "test_dataset_filepath": "./datasets/graph_depth_first_search/1/11/normal/11111/1000/True/True/1/32/16/4/5116/28993/test_dataset",
    "lr": 0.1
  },
  "summary": {
    "_runtime": 1074.7360045909882,
    "_step": 5,
    "_timestamp": 1735482678.7690835,
    "_wandb.runtime": 1074,
    "epoch": 1,
    "test_acc_result": 0,
    "total_compute": 3096182784,
    "train_loss_epoch": 3.346940517425537,
    "trainer/global_step": 2,
    "val_loss": 2.6515440940856934
  }
}