{
  "config": {
    "test_batch_size": 64,
    "project_name": "binary-graph_depth_first_search1-gridsearch-11-normal-11111-iteration-113010",
    "train_dataset_filepath": "./datasets/graph_depth_first_search/1/11/normal/11111/10/True/True/1/32/16/4/12893/15765/train_dataset",
    "test_dataset_filepath": "./datasets/graph_depth_first_search/1/11/normal/11111/10/True/True/1/32/16/4/12893/15765/test_dataset",
    "method": "normal",
    "log_gradients": false,
    "mask_idx": 23,
    "lr": 0.001,
    "n_head": 4,
    "dropout": 0,
    "loss_threshold": 0.0017157108429701616,
    "compute_budget": 1000000000,
    "betas": [
      0.9,
      0.95
    ],
    "n_layer": 16,
    "task": "graph_depth_first_search",
    "n_embd": 32,
    "precision": "32",
    "grad_clip": 1,
    "max_steps": 1,
    "threshold_testing": false,
    "early_stopping": false,
    "warmup_ratio": 0.1,
    "run_id": "6b49e5de-4e40-485e-b41c-fea8060584fe",
    "batch_size": 64,
    "bias": false,
    "val_dataset_filepath": "./datasets/graph_depth_first_search/1/11/normal/11111/10/True/True/1/32/16/4/12893/15765/val_dataset",
    "seed": 15765,
    "weight_decay": 0.1,
    "validation_ratio": 0.005,
    "task_length": 11
  },
  "summary": {
    "_runtime": 615.1963543891907,
    "_step": 4,
    "_timestamp": 1735480684.2755735,
    "_wandb.runtime": 614,
    "epoch": 1,
    "test_acc_result": 0,
    "total_compute": 12384731136,
    "train_loss_epoch": 3.4126646518707275,
    "trainer/global_step": 1,
    "val_loss": 3.2508223056793213
  }
}