{
  "config": {
    "method": "normal",
    "n_layer": 4,
    "precision": "32",
    "lr": 0.0001,
    "seed": 31308,
    "test_dataset_filepath": "./datasets/graph_depth_first_search/1/11/normal/11111/1/True/True/1/512/4/4/6677/31308/test_dataset",
    "task": "graph_depth_first_search",
    "project_name": "binary-graph_depth_first_search1-gridsearch-11-normal-11111-iteration-113010",
    "batch_size": 64,
    "task_length": 11,
    "threshold_testing": false,
    "compute_budget": 1000000000,
    "warmup_ratio": 0.1,
    "run_id": "343a5a0f-9dc9-423b-8b9b-7b7484245304",
    "weight_decay": 0.1,
    "test_batch_size": 64,
    "dropout": 0,
    "loss_threshold": 0.0017157108429701616,
    "n_embd": 512,
    "n_head": 4,
    "val_dataset_filepath": "./datasets/graph_depth_first_search/1/11/normal/11111/1/True/True/1/512/4/4/6677/31308/val_dataset",
    "betas": [
      0.9,
      0.95
    ],
    "log_gradients": false,
    "train_dataset_filepath": "./datasets/graph_depth_first_search/1/11/normal/11111/1/True/True/1/512/4/4/6677/31308/train_dataset",
    "early_stopping": false,
    "mask_idx": 23,
    "max_steps": 1,
    "bias": false,
    "grad_clip": 1,
    "validation_ratio": 0.005
  },
  "summary": {
    "_runtime": 928.6690557003021,
    "_step": 4,
    "_timestamp": 1735486075.9685488,
    "_wandb.runtime": 928,
    "epoch": 1,
    "test_acc_result": 0,
    "total_compute": 611240116224,
    "train_loss_epoch": 3.5413408279418945,
    "trainer/global_step": 1,
    "val_loss": 3.1479902267456055
  }
}