{
  "config": {
    "task": "graph_depth_first_search",
    "val_dataset_filepath": "./datasets/graph_depth_first_search/1/11/normal/11111/1/True/True/1/256/16/4/21818/31147/val_dataset",
    "n_head": 4,
    "method": "normal",
    "test_batch_size": 64,
    "betas": [
      0.9,
      0.95
    ],
    "batch_size": 64,
    "warmup_ratio": 0.1,
    "train_dataset_filepath": "./datasets/graph_depth_first_search/1/11/normal/11111/1/True/True/1/256/16/4/21818/31147/train_dataset",
    "validation_ratio": 0.005,
    "grad_clip": 1,
    "n_layer": 16,
    "seed": 31147,
    "threshold_testing": false,
    "log_gradients": false,
    "lr": 0.0001,
    "max_steps": 1,
    "bias": false,
    "weight_decay": 0.1,
    "compute_budget": 1000000000,
    "task_length": 11,
    "project_name": "binary-graph_depth_first_search1-gridsearch-11-normal-11111-iteration-113010",
    "n_embd": 256,
    "early_stopping": false,
    "loss_threshold": 0.0017157108429701616,
    "test_dataset_filepath": "./datasets/graph_depth_first_search/1/11/normal/11111/1/True/True/1/256/16/4/21818/31147/test_dataset",
    "precision": "32",
    "dropout": 0,
    "mask_idx": 23,
    "run_id": "e0856ab2-41d5-4653-8d68-7c72ad788c40"
  },
  "summary": {
    "_runtime": 1070.6184508800507,
    "_step": 4,
    "_timestamp": 1735481460.7593799,
    "_wandb.runtime": 1070,
    "epoch": 1,
    "test_acc_result": 0,
    "total_compute": 623332294656,
    "train_loss_epoch": 3.5044634342193604,
    "trainer/global_step": 1,
    "val_loss": 3.003005027770996
  }
}