{
  "config": {
    "test_dataset_filepath": "./datasets/graph_depth_first_search/1/11/normal/11111/1000/True/True/1/512/4/4/28482/32203/test_dataset",
    "warmup_ratio": 0.1,
    "task": "graph_depth_first_search",
    "bias": false,
    "n_embd": 512,
    "grad_clip": 1,
    "train_dataset_filepath": "./datasets/graph_depth_first_search/1/11/normal/11111/1000/True/True/1/512/4/4/28482/32203/train_dataset",
    "lr": 0.1,
    "betas": [
      0.9,
      0.95
    ],
    "dropout": 0,
    "precision": "32",
    "test_batch_size": 64,
    "log_gradients": false,
    "project_name": "binary-graph_depth_first_search1-gridsearch-11-normal-11111-iteration-113010",
    "early_stopping": false,
    "val_dataset_filepath": "./datasets/graph_depth_first_search/1/11/normal/11111/1000/True/True/1/512/4/4/28482/32203/val_dataset",
    "seed": 32203,
    "run_id": "8932d5ee-55fc-4b9f-b132-c880c1724948",
    "threshold_testing": false,
    "method": "normal",
    "weight_decay": 0.1,
    "mask_idx": 23,
    "validation_ratio": 0.005,
    "n_layer": 4,
    "n_head": 4,
    "max_steps": 1,
    "task_length": 11,
    "compute_budget": 1000000000,
    "loss_threshold": 0.0017157108429701616,
    "batch_size": 64
  },
  "summary": {
    "_runtime": 954.2442235946655,
    "_step": 4,
    "_timestamp": 1735485338.5598667,
    "_wandb.runtime": 953,
    "epoch": 1,
    "test_acc_result": 0,
    "total_compute": 611240116224,
    "train_loss_epoch": 3.5120787620544434,
    "trainer/global_step": 1,
    "val_loss": 3.326641798019409
  }
}