{
  "config": {
    "project_name": "binary-graph_depth_first_search1-gridsearch-11-normal-11111-iteration-113010",
    "max_steps": 2,
    "n_embd": 64,
    "loss_threshold": 0.0017157108429701616,
    "log_gradients": false,
    "run_id": "7d418267-dd29-4be9-80d8-a0c5aa12d42e",
    "mask_idx": 23,
    "betas": [
      0.9,
      0.95
    ],
    "lr": 0.1,
    "compute_budget": 1000000000,
    "dropout": 0,
    "weight_decay": 0.1,
    "warmup_ratio": 0.1,
    "threshold_testing": false,
    "batch_size": 8,
    "early_stopping": false,
    "n_layer": 4,
    "task_length": 11,
    "train_dataset_filepath": "./datasets/graph_depth_first_search/1/11/normal/11111/1000/True/True/1/64/4/4/9204/34186/train_dataset",
    "method": "normal",
    "n_head": 4,
    "val_dataset_filepath": "./datasets/graph_depth_first_search/1/11/normal/11111/1000/True/True/1/64/4/4/9204/34186/val_dataset",
    "grad_clip": 1,
    "seed": 34186,
    "test_batch_size": 64,
    "test_dataset_filepath": "./datasets/graph_depth_first_search/1/11/normal/11111/1000/True/True/1/64/4/4/9204/34186/test_dataset",
    "task": "graph_depth_first_search",
    "precision": "32",
    "validation_ratio": 0.005,
    "bias": false
  },
  "summary": {
    "_runtime": 969.3682017326355,
    "_step": 5,
    "_timestamp": 1735486567.2549138,
    "_wandb.runtime": 967,
    "epoch": 1,
    "test_acc_result": 0,
    "total_compute": 2718302208,
    "train_loss_epoch": 3.134537696838379,
    "trainer/global_step": 2,
    "val_loss": 3.3992042541503906
  }
}