{
  "config": {
    "lr": 0.001,
    "precision": "32",
    "bias": false,
    "weight_decay": 0.1,
    "loss_threshold": 0.0017157108429701616,
    "n_embd": 16,
    "early_stopping": false,
    "batch_size": 8,
    "task": "graph_depth_first_search",
    "threshold_testing": false,
    "mask_idx": 23,
    "max_steps": 18,
    "test_dataset_filepath": "./datasets/graph_depth_first_search/1/11/normal/11111/10/True/True/1/16/4/4/24536/3185/test_dataset",
    "log_gradients": false,
    "run_id": "c2e6036e-ea10-42ab-9497-fd449db8508f",
    "n_layer": 4,
    "seed": 3185,
    "grad_clip": 1,
    "betas": [
      0.9,
      0.95
    ],
    "val_dataset_filepath": "./datasets/graph_depth_first_search/1/11/normal/11111/10/True/True/1/16/4/4/24536/3185/val_dataset",
    "test_batch_size": 64,
    "validation_ratio": 0.005,
    "warmup_ratio": 0.1,
    "method": "normal",
    "train_dataset_filepath": "./datasets/graph_depth_first_search/1/11/normal/11111/10/True/True/1/16/4/4/24536/3185/train_dataset",
    "project_name": "binary-graph_depth_first_search1-gridsearch-11-normal-11111-iteration-113010",
    "dropout": 0,
    "n_head": 4,
    "compute_budget": 1000000000,
    "task_length": 11
  },
  "summary": {
    "_runtime": 1132.893889427185,
    "_step": 21,
    "_timestamp": 1735482761.3670413,
    "_wandb.runtime": 1132,
    "epoch": 1,
    "test_acc_result": 0,
    "total_compute": 2166718464,
    "train_loss_epoch": 3.4995012283325195,
    "trainer/global_step": 18,
    "val_loss": 3.42248272895813
  }
}