{
  "config": {
    "task": "graph_depth_first_search",
    "method": "normal",
    "betas": [
      0.9,
      0.95
    ],
    "n_embd": 8,
    "task_length": 11,
    "test_dataset_filepath": "./datasets/graph_depth_first_search/1/11/normal/11111/10/True/True/1/8/16/4/39593/17107/test_dataset",
    "max_steps": 2,
    "n_head": 4,
    "mask_idx": 23,
    "warmup_ratio": 0.1,
    "n_layer": 16,
    "early_stopping": false,
    "run_id": "404ed0f9-303e-4a22-94e1-19010d6c7cbd",
    "batch_size": 64,
    "val_dataset_filepath": "./datasets/graph_depth_first_search/1/11/normal/11111/10/True/True/1/8/16/4/39593/17107/val_dataset",
    "log_gradients": false,
    "test_batch_size": 64,
    "project_name": "binary-graph_depth_first_search1-gridsearch-11-normal-11111-iteration-113010",
    "loss_threshold": 0.0017157108429701616,
    "dropout": 0,
    "weight_decay": 0.1,
    "lr": 0.001,
    "train_dataset_filepath": "./datasets/graph_depth_first_search/1/11/normal/11111/10/True/True/1/8/16/4/39593/17107/train_dataset",
    "grad_clip": 1,
    "precision": "32",
    "bias": false,
    "compute_budget": 1000000000,
    "seed": 17107,
    "threshold_testing": false,
    "validation_ratio": 0.005
  },
  "summary": {
    "_runtime": 1682.415964603424,
    "_step": 5,
    "_timestamp": 1735483727.8981056,
    "_wandb.runtime": 1681,
    "epoch": 1,
    "test_acc_result": 0,
    "total_compute": 2681733120,
    "train_loss_epoch": 3.3706583976745605,
    "trainer/global_step": 2,
    "val_loss": 3.3458714485168457
  }
}