{
  "config": {
    "threshold_testing": false,
    "run_id": "6d78a2a1-686c-4a74-893b-fa6a18953bf0",
    "n_head": 4,
    "weight_decay": 0.1,
    "validation_ratio": 0.005,
    "seed": 31159,
    "mask_idx": 23,
    "bias": false,
    "betas": [
      0.9,
      0.95
    ],
    "grad_clip": 1,
    "max_steps": 1,
    "early_stopping": false,
    "train_dataset_filepath": "./datasets/graph_depth_first_search/1/11/normal/11111/100/True/True/1/256/4/4/8718/31159/train_dataset",
    "task": "graph_depth_first_search",
    "test_batch_size": 64,
    "val_dataset_filepath": "./datasets/graph_depth_first_search/1/11/normal/11111/100/True/True/1/256/4/4/8718/31159/val_dataset",
    "precision": "32",
    "project_name": "binary-graph_depth_first_search1-gridsearch-11-normal-11111-iteration-113010",
    "test_dataset_filepath": "./datasets/graph_depth_first_search/1/11/normal/11111/100/True/True/1/256/4/4/8718/31159/test_dataset",
    "method": "normal",
    "compute_budget": 1000000000,
    "loss_threshold": 0.0017157108429701616,
    "log_gradients": false,
    "dropout": 0,
    "n_embd": 256,
    "task_length": 11,
    "n_layer": 4,
    "batch_size": 8,
    "lr": 0.01,
    "warmup_ratio": 0.1
  },
  "summary": {
    "_runtime": 905.9484519958496,
    "_step": 4,
    "_timestamp": 1735481918.04044,
    "_wandb.runtime": 905,
    "epoch": 1,
    "test_acc_result": 0,
    "total_compute": 19479134208,
    "train_loss_epoch": 3.458238363265991,
    "trainer/global_step": 1,
    "val_loss": 2.723825216293335
  }
}