{
  "config": {
    "project_name": "binary-graph_depth_first_search1-gridsearch-11-normal-11111-iteration-113010",
    "task": "graph_depth_first_search",
    "batch_size": 8,
    "lr": 0.001,
    "bias": false,
    "seed": 28191,
    "test_batch_size": 64,
    "test_dataset_filepath": "./datasets/graph_depth_first_search/1/11/normal/11111/10/True/True/1/128/4/4/24473/28191/test_dataset",
    "run_id": "cbb97c82-dfe6-43f7-95c8-eb7bfca6587c",
    "n_head": 4,
    "warmup_ratio": 0.1,
    "train_dataset_filepath": "./datasets/graph_depth_first_search/1/11/normal/11111/10/True/True/1/128/4/4/24473/28191/train_dataset",
    "n_embd": 128,
    "log_gradients": false,
    "early_stopping": false,
    "dropout": 0,
    "compute_budget": 1000000000,
    "loss_threshold": 0.0017157108429701616,
    "mask_idx": 23,
    "weight_decay": 0.1,
    "precision": "32",
    "task_length": 11,
    "method": "normal",
    "val_dataset_filepath": "./datasets/graph_depth_first_search/1/11/normal/11111/10/True/True/1/128/4/4/24473/28191/val_dataset",
    "betas": [
      0.9,
      0.95
    ],
    "threshold_testing": false,
    "validation_ratio": 0.005,
    "n_layer": 4,
    "grad_clip": 1,
    "max_steps": 1
  },
  "summary": {
    "_runtime": 813.6592926979065,
    "_step": 4,
    "_timestamp": 1735484798.6255958,
    "_wandb.runtime": 813,
    "epoch": 1,
    "test_acc_result": 0,
    "total_compute": 5058723840,
    "train_loss_epoch": 3.6105806827545166,
    "trainer/global_step": 1,
    "val_loss": 3.1655189990997314
  }
}