{
  "config": {
    "dropout": 0,
    "test_dataset_filepath": "./datasets/graph_depth_first_search/1/11/normal/11111/1000/True/True/1/32/4/4/31659/11481/test_dataset",
    "bias": false,
    "max_steps": 6,
    "log_gradients": false,
    "precision": "32",
    "weight_decay": 0.1,
    "early_stopping": false,
    "validation_ratio": 0.005,
    "test_batch_size": 64,
    "batch_size": 8,
    "warmup_ratio": 0.1,
    "method": "normal",
    "n_head": 4,
    "betas": [
      0.9,
      0.95
    ],
    "task": "graph_depth_first_search",
    "lr": 0.1,
    "grad_clip": 1,
    "n_embd": 32,
    "mask_idx": 23,
    "seed": 11481,
    "project_name": "binary-graph_depth_first_search1-gridsearch-11-normal-11111-iteration-113010",
    "n_layer": 4,
    "train_dataset_filepath": "./datasets/graph_depth_first_search/1/11/normal/11111/1000/True/True/1/32/4/4/31659/11481/train_dataset",
    "loss_threshold": 0.0017157108429701616,
    "task_length": 11,
    "threshold_testing": false,
    "compute_budget": 1000000000,
    "val_dataset_filepath": "./datasets/graph_depth_first_search/1/11/normal/11111/1000/True/True/1/32/4/4/31659/11481/val_dataset",
    "run_id": "c01ae5b3-e130-4d3b-97e5-c0e2adf51180"
  },
  "summary": {
    "_runtime": 920.5636658668518,
    "_step": 9,
    "_timestamp": 1735483012.784278,
    "_wandb.runtime": 919,
    "epoch": 1,
    "test_acc_result": 0,
    "total_compute": 2322137088,
    "train_loss_epoch": 3.0468876361846924,
    "trainer/global_step": 6,
    "val_loss": 2.68822979927063
  }
}