{
  "config": {
    "grad_clip": 1,
    "val_dataset_filepath": "./datasets/graph_depth_first_search/1/11/normal/11111/10/True/True/1/16/16/4/20713/21796/val_dataset",
    "train_dataset_filepath": "./datasets/graph_depth_first_search/1/11/normal/11111/10/True/True/1/16/16/4/20713/21796/train_dataset",
    "n_layer": 16,
    "compute_budget": 1000000000,
    "task_length": 11,
    "warmup_ratio": 0.1,
    "log_gradients": false,
    "dropout": 0,
    "precision": "32",
    "bias": false,
    "max_steps": 5,
    "task": "graph_depth_first_search",
    "batch_size": 8,
    "test_dataset_filepath": "./datasets/graph_depth_first_search/1/11/normal/11111/10/True/True/1/16/16/4/20713/21796/test_dataset",
    "betas": [
      0.9,
      0.95
    ],
    "test_batch_size": 64,
    "lr": 0.001,
    "seed": 21796,
    "n_embd": 16,
    "threshold_testing": false,
    "mask_idx": 23,
    "validation_ratio": 0.005,
    "early_stopping": false,
    "n_head": 4,
    "method": "normal",
    "weight_decay": 0.1,
    "run_id": "f312d22a-9d49-4d2e-8cc8-0d7b9a42b1a3",
    "project_name": "binary-graph_depth_first_search1-gridsearch-11-normal-11111-iteration-113010",
    "loss_threshold": 0.0017157108429701616
  },
  "summary": {
    "_runtime": 1106.2482347488403,
    "_step": 8,
    "_timestamp": 1735482441.4348927,
    "_wandb.runtime": 1105,
    "epoch": 1,
    "test_acc_result": 0,
    "total_compute": 2407464960,
    "train_loss_epoch": 3.297769069671631,
    "trainer/global_step": 5,
    "val_loss": 3.2418229579925537
  }
}