{
  "config": {
    "threshold_testing": false,
    "batch_size": 64,
    "project_name": "binary-graph_depth_first_search1-gridsearch-11-normal-11111-iteration-113010",
    "loss_threshold": 0.0017157108429701616,
    "n_head": 4,
    "n_embd": 64,
    "task": "graph_depth_first_search",
    "n_layer": 16,
    "betas": [
      0.9,
      0.95
    ],
    "dropout": 0,
    "warmup_ratio": 0.1,
    "val_dataset_filepath": "./datasets/graph_depth_first_search/1/11/normal/11111/10/True/True/1/64/16/4/6063/26451/val_dataset",
    "run_id": "d8d53f39-c64a-40f3-b58e-4937219c517c",
    "method": "normal",
    "max_steps": 1,
    "mask_idx": 23,
    "task_length": 11,
    "grad_clip": 1,
    "log_gradients": false,
    "seed": 26451,
    "compute_budget": 1000000000,
    "train_dataset_filepath": "./datasets/graph_depth_first_search/1/11/normal/11111/10/True/True/1/64/16/4/6063/26451/train_dataset",
    "test_dataset_filepath": "./datasets/graph_depth_first_search/1/11/normal/11111/10/True/True/1/64/16/4/6063/26451/test_dataset",
    "validation_ratio": 0.005,
    "lr": 0.001,
    "precision": "32",
    "test_batch_size": 64,
    "early_stopping": false,
    "bias": false,
    "weight_decay": 0.1
  },
  "summary": {
    "_runtime": 1195.942590713501,
    "_step": 4,
    "_timestamp": 1735485840.1795816,
    "_wandb.runtime": 1195,
    "epoch": 1,
    "test_acc_result": 0,
    "total_compute": 43492835328,
    "train_loss_epoch": 3.6453921794891357,
    "trainer/global_step": 1,
    "val_loss": 3.0864648818969727
  }
}