{
  "config": {
    "threshold_testing": false,
    "run_id": "780f594a-78be-4211-8a88-870fe8b732e0",
    "mask_idx": 23,
    "log_gradients": false,
    "lr": 0.1,
    "compute_budget": 1000000000,
    "test_batch_size": 64,
    "dropout": 0,
    "task_length": 11,
    "grad_clip": 1,
    "n_layer": 16,
    "precision": "32",
    "weight_decay": 0.1,
    "betas": [
      0.9,
      0.95
    ],
    "bias": false,
    "project_name": "binary-graph_depth_first_search1-gridsearch-11-normal-11111-iteration-113010",
    "early_stopping": false,
    "val_dataset_filepath": "./datasets/graph_depth_first_search/1/11/normal/11111/1000/True/True/1/64/16/4/27733/30484/val_dataset",
    "max_steps": 1,
    "seed": 30484,
    "loss_threshold": 0.0017157108429701616,
    "validation_ratio": 0.005,
    "train_dataset_filepath": "./datasets/graph_depth_first_search/1/11/normal/11111/1000/True/True/1/64/16/4/27733/30484/train_dataset",
    "n_embd": 64,
    "warmup_ratio": 0.1,
    "method": "normal",
    "batch_size": 64,
    "test_dataset_filepath": "./datasets/graph_depth_first_search/1/11/normal/11111/1000/True/True/1/64/16/4/27733/30484/test_dataset",
    "task": "graph_depth_first_search",
    "n_head": 4
  },
  "summary": {
    "_runtime": 1195.133407831192,
    "_step": 4,
    "_timestamp": 1735485927.4676647,
    "_wandb.runtime": 1194,
    "epoch": 1,
    "test_acc_result": 0,
    "total_compute": 43492835328,
    "train_loss_epoch": 3.5077285766601562,
    "trainer/global_step": 1,
    "val_loss": 3.9341723918914795
  }
}