{
  "config": {
    "batch_size": 64,
    "warmup_ratio": 0.1,
    "n_head": 4,
    "test_batch_size": 64,
    "task_length": 11,
    "grad_clip": 1,
    "early_stopping": false,
    "lr": 0.0001,
    "betas": [
      0.9,
      0.95
    ],
    "n_layer": 16,
    "run_id": "ff1c8d7c-9723-4973-ab35-ac16c19df60c",
    "project_name": "binary-graph_depth_first_search1-gridsearch-11-normal-11111-iteration-113010",
    "compute_budget": 1000000000,
    "train_dataset_filepath": "./datasets/graph_depth_first_search/1/11/normal/11111/1/True/True/1/8/16/4/1248/33864/train_dataset",
    "val_dataset_filepath": "./datasets/graph_depth_first_search/1/11/normal/11111/1/True/True/1/8/16/4/1248/33864/val_dataset",
    "validation_ratio": 0.005,
    "mask_idx": 23,
    "max_steps": 2,
    "task": "graph_depth_first_search",
    "loss_threshold": 0.0017157108429701616,
    "test_dataset_filepath": "./datasets/graph_depth_first_search/1/11/normal/11111/1/True/True/1/8/16/4/1248/33864/test_dataset",
    "seed": 33864,
    "method": "normal",
    "n_embd": 8,
    "precision": "32",
    "log_gradients": false,
    "dropout": 0,
    "weight_decay": 0.1,
    "bias": false,
    "threshold_testing": false
  },
  "summary": {
    "_runtime": 796.0646874904633,
    "_step": 5,
    "_timestamp": 1735481030.4041846,
    "_wandb.runtime": 795,
    "epoch": 1,
    "test_acc_result": 0,
    "total_compute": 2681733120,
    "train_loss_epoch": 3.469815731048584,
    "trainer/global_step": 2,
    "val_loss": 3.4697539806365967
  }
}