{
  "config": {
    "n_head": 4,
    "max_steps": 1,
    "early_stopping": false,
    "train_dataset_filepath": "./datasets/graph_depth_first_search/1/11/normal/11111/10/True/True/1/128/4/4/32692/1202/train_dataset",
    "n_embd": 128,
    "task": "graph_depth_first_search",
    "project_name": "binary-graph_depth_first_search1-gridsearch-11-normal-11111-iteration-113010",
    "bias": false,
    "compute_budget": 1000000000,
    "loss_threshold": 0.0017157108429701616,
    "test_dataset_filepath": "./datasets/graph_depth_first_search/1/11/normal/11111/10/True/True/1/128/4/4/32692/1202/test_dataset",
    "weight_decay": 0.1,
    "lr": 0.001,
    "task_length": 11,
    "dropout": 0,
    "grad_clip": 1,
    "mask_idx": 23,
    "threshold_testing": false,
    "test_batch_size": 64,
    "n_layer": 4,
    "run_id": "84fc4333-d4b9-41db-8a79-1372a484c741",
    "warmup_ratio": 0.1,
    "method": "normal",
    "log_gradients": false,
    "seed": 1202,
    "precision": "32",
    "betas": [
      0.9,
      0.95
    ],
    "batch_size": 64,
    "val_dataset_filepath": "./datasets/graph_depth_first_search/1/11/normal/11111/10/True/True/1/128/4/4/32692/1202/val_dataset",
    "validation_ratio": 0.005
  },
  "summary": {
    "_runtime": 1140.7241611480713,
    "_step": 4,
    "_timestamp": 1735486462.0687761,
    "_wandb.runtime": 1139,
    "epoch": 1,
    "test_acc_result": 0,
    "total_compute": 40469790720,
    "train_loss_epoch": 3.478682279586792,
    "trainer/global_step": 1,
    "val_loss": 3.040018320083618
  }
}