{
  "config": {
    "dropout": 0,
    "early_stopping": false,
    "bias": false,
    "weight_decay": 0.1,
    "max_steps": 1,
    "betas": [
      0.9,
      0.95
    ],
    "task": "graph_depth_first_search",
    "threshold_testing": false,
    "task_length": 11,
    "warmup_ratio": 0.1,
    "compute_budget": 1000000000,
    "n_embd": 128,
    "n_layer": 16,
    "train_dataset_filepath": "./datasets/graph_depth_first_search/1/11/normal/11111/10/True/True/1/128/16/4/23836/10124/train_dataset",
    "method": "normal",
    "validation_ratio": 0.005,
    "test_dataset_filepath": "./datasets/graph_depth_first_search/1/11/normal/11111/10/True/True/1/128/16/4/23836/10124/test_dataset",
    "lr": 0.001,
    "test_batch_size": 64,
    "run_id": "babde1bd-5279-40c2-bb56-7abdca08dfcf",
    "precision": "32",
    "grad_clip": 1,
    "seed": 10124,
    "n_head": 4,
    "val_dataset_filepath": "./datasets/graph_depth_first_search/1/11/normal/11111/10/True/True/1/128/16/4/23836/10124/val_dataset",
    "log_gradients": false,
    "mask_idx": 23,
    "loss_threshold": 0.0017157108429701616,
    "batch_size": 8,
    "project_name": "binary-graph_depth_first_search1-gridsearch-11-normal-11111-iteration-113010"
  },
  "summary": {
    "_runtime": 875.6046807765961,
    "_step": 4,
    "_timestamp": 1735486541.5851908,
    "_wandb.runtime": 874,
    "epoch": 1,
    "test_acc_result": 0,
    "total_compute": 20234895360,
    "train_loss_epoch": 3.5005810260772705,
    "trainer/global_step": 1,
    "val_loss": 2.7874045372009277
  }
}