{
  "config": {
    "project_name": "binary-graph_depth_first_search1-gridsearch-11-normal-11111-iteration-113010",
    "grad_clip": 1,
    "n_head": 4,
    "early_stopping": false,
    "test_batch_size": 64,
    "task_length": 11,
    "task": "graph_depth_first_search",
    "test_dataset_filepath": "./datasets/graph_depth_first_search/1/11/normal/11111/10/True/True/1/8/4/4/23879/16826/test_dataset",
    "precision": "32",
    "batch_size": 8,
    "threshold_testing": false,
    "n_embd": 8,
    "train_dataset_filepath": "./datasets/graph_depth_first_search/1/11/normal/11111/10/True/True/1/8/4/4/23879/16826/train_dataset",
    "dropout": 0,
    "log_gradients": false,
    "loss_threshold": 0.0017157108429701616,
    "seed": 16826,
    "method": "normal",
    "lr": 0.001,
    "run_id": "f8145343-d0d5-43bb-92b2-8f2d8092fc05",
    "weight_decay": 0.1,
    "warmup_ratio": 0.1,
    "n_layer": 4,
    "mask_idx": 23,
    "validation_ratio": 0.005,
    "val_dataset_filepath": "./datasets/graph_depth_first_search/1/11/normal/11111/10/True/True/1/8/4/4/23879/16826/val_dataset",
    "max_steps": 58,
    "betas": [
      0.9,
      0.95
    ],
    "bias": false,
    "compute_budget": 1000000000
  },
  "summary": {
    "_runtime": 812.4405589103699,
    "_step": 63,
    "_timestamp": 1735482504.500095,
    "_wandb.runtime": 811,
    "epoch": 1,
    "lr-AdamW": 0.0001625303747046901,
    "test_acc_result": 0,
    "total_compute": 2430320640,
    "train_loss_epoch": 3.249114513397217,
    "train_loss_step": 3.2070748805999756,
    "trainer/global_step": 58,
    "val_loss": 3.1487669944763184
  }
}