{
  "config": {
    "n_embd": 128,
    "test_batch_size": 64,
    "test_dataset_filepath": "./datasets/graph_depth_first_search/1/11/normal/11111/1/True/True/1/128/16/4/33299/6469/test_dataset",
    "log_gradients": false,
    "max_steps": 1,
    "bias": false,
    "precision": "32",
    "compute_budget": 1000000000,
    "threshold_testing": false,
    "method": "normal",
    "run_id": "64fd2eeb-33ec-4a71-9355-35ef30d5b549",
    "project_name": "binary-graph_depth_first_search1-gridsearch-11-normal-11111-iteration-113010",
    "early_stopping": false,
    "n_head": 4,
    "grad_clip": 1,
    "warmup_ratio": 0.1,
    "val_dataset_filepath": "./datasets/graph_depth_first_search/1/11/normal/11111/1/True/True/1/128/16/4/33299/6469/val_dataset",
    "task": "graph_depth_first_search",
    "validation_ratio": 0.005,
    "loss_threshold": 0.0017157108429701616,
    "mask_idx": 23,
    "train_dataset_filepath": "./datasets/graph_depth_first_search/1/11/normal/11111/1/True/True/1/128/16/4/33299/6469/train_dataset",
    "weight_decay": 0.1,
    "betas": [
      0.9,
      0.95
    ],
    "dropout": 0,
    "batch_size": 64,
    "seed": 6469,
    "lr": 0.0001,
    "n_layer": 16,
    "task_length": 11
  },
  "summary": {
    "_runtime": 989.3412663936615,
    "_step": 4,
    "_timestamp": 1735485801.3118675,
    "_wandb.runtime": 988,
    "epoch": 1,
    "test_acc_result": 0,
    "total_compute": 161879162880,
    "train_loss_epoch": 3.3883652687072754,
    "trainer/global_step": 1,
    "val_loss": 3.197072744369507
  }
}