{
  "config": {
    "test_dataset_filepath": "./datasets/graph_depth_first_search/1/11/normal/11111/10/True/True/1/32/4/4/1906/11371/test_dataset",
    "n_embd": 32,
    "task_length": 11,
    "run_id": "53bf81ce-8097-43a4-b674-a1ce4a2c661a",
    "test_batch_size": 64,
    "log_gradients": false,
    "early_stopping": false,
    "compute_budget": 1000000000,
    "bias": false,
    "weight_decay": 0.1,
    "n_head": 4,
    "betas": [
      0.9,
      0.95
    ],
    "val_dataset_filepath": "./datasets/graph_depth_first_search/1/11/normal/11111/10/True/True/1/32/4/4/1906/11371/val_dataset",
    "dropout": 0,
    "mask_idx": 23,
    "batch_size": 8,
    "task": "graph_depth_first_search",
    "validation_ratio": 0.005,
    "warmup_ratio": 0.1,
    "grad_clip": 1,
    "lr": 0.001,
    "project_name": "binary-graph_depth_first_search1-gridsearch-11-normal-11111-iteration-113010",
    "loss_threshold": 0.0017157108429701616,
    "train_dataset_filepath": "./datasets/graph_depth_first_search/1/11/normal/11111/10/True/True/1/32/4/4/1906/11371/train_dataset",
    "max_steps": 6,
    "method": "normal",
    "seed": 11371,
    "precision": "32",
    "threshold_testing": false,
    "n_layer": 4
  },
  "summary": {
    "_runtime": 1092.4338495731354,
    "_step": 9,
    "_timestamp": 1735483457.4802096,
    "_wandb.runtime": 1091,
    "epoch": 1,
    "test_acc_result": 0,
    "total_compute": 2322137088,
    "train_loss_epoch": 3.2785158157348633,
    "trainer/global_step": 6,
    "val_loss": 3.168433666229248
  }
}