{
  "config": {
    "bias": false,
    "precision": "32",
    "betas": [
      0.9,
      0.95
    ],
    "n_head": 4,
    "seed": 31028,
    "task_length": 11,
    "warmup_ratio": 0.1,
    "test_batch_size": 64,
    "project_name": "binary-graph_depth_first_search1-gridsearch-11-normal-11111-iteration-113010",
    "loss_threshold": 0.0017157108429701616,
    "grad_clip": 1,
    "lr": 0.1,
    "val_dataset_filepath": "./datasets/graph_depth_first_search/1/11/normal/11111/1000/True/True/1/256/16/4/37287/31028/val_dataset",
    "weight_decay": 0.1,
    "test_dataset_filepath": "./datasets/graph_depth_first_search/1/11/normal/11111/1000/True/True/1/256/16/4/37287/31028/test_dataset",
    "early_stopping": false,
    "task": "graph_depth_first_search",
    "log_gradients": false,
    "batch_size": 64,
    "n_embd": 256,
    "n_layer": 16,
    "validation_ratio": 0.005,
    "train_dataset_filepath": "./datasets/graph_depth_first_search/1/11/normal/11111/1000/True/True/1/256/16/4/37287/31028/train_dataset",
    "mask_idx": 23,
    "max_steps": 1,
    "dropout": 0,
    "compute_budget": 1000000000,
    "run_id": "c63b721d-d367-4fcd-b5ac-853eb29b0936",
    "threshold_testing": false,
    "method": "normal"
  },
  "summary": {
    "_runtime": 1218.305911064148,
    "_step": 4,
    "_timestamp": 1735486235.8434222,
    "_wandb.runtime": 1218,
    "epoch": 1,
    "test_acc_result": 0,
    "total_compute": 623332294656,
    "train_loss_epoch": 3.4679527282714844,
    "trainer/global_step": 1,
    "val_loss": 3.7999677658081055
  }
}