{
  "config": {
    "mask_idx": 23,
    "batch_size": 64,
    "threshold_testing": false,
    "project_name": "binary-graph_depth_first_search1-gridsearch-11-normal-11111-iteration-113010",
    "loss_threshold": 0.0017157108429701616,
    "val_dataset_filepath": "./datasets/graph_depth_first_search/1/11/normal/11111/1/True/True/1/8/4/4/486/12622/val_dataset",
    "early_stopping": false,
    "train_dataset_filepath": "./datasets/graph_depth_first_search/1/11/normal/11111/1/True/True/1/8/4/4/486/12622/train_dataset",
    "task_length": 11,
    "n_embd": 8,
    "run_id": "3eddff18-0c5a-4e35-a9cb-fe5b6eaf0492",
    "warmup_ratio": 0.1,
    "test_batch_size": 64,
    "method": "normal",
    "grad_clip": 1,
    "validation_ratio": 0.005,
    "bias": false,
    "betas": [
      0.9,
      0.95
    ],
    "task": "graph_depth_first_search",
    "n_head": 4,
    "seed": 12622,
    "weight_decay": 0.1,
    "test_dataset_filepath": "./datasets/graph_depth_first_search/1/11/normal/11111/1/True/True/1/8/4/4/486/12622/test_dataset",
    "n_layer": 4,
    "precision": "32",
    "lr": 0.0001,
    "log_gradients": false,
    "compute_budget": 1000000000,
    "max_steps": 8,
    "dropout": 0
  },
  "summary": {
    "_runtime": 1137.468136548996,
    "_step": 11,
    "_timestamp": 1735484674.0155756,
    "_wandb.runtime": 1136,
    "epoch": 1,
    "test_acc_result": 0,
    "total_compute": 2681733120,
    "train_loss_epoch": 3.495187282562256,
    "trainer/global_step": 8,
    "val_loss": 3.4824109077453613
  }
}