{
  "config": {
    "batch_size": 64,
    "mask_idx": 23,
    "method": "normal",
    "val_dataset_filepath": "./datasets/graph_depth_first_search/1/11/normal/11111/1000/True/True/1/128/4/4/33758/27259/val_dataset",
    "test_dataset_filepath": "./datasets/graph_depth_first_search/1/11/normal/11111/1000/True/True/1/128/4/4/33758/27259/test_dataset",
    "task": "graph_depth_first_search",
    "max_steps": 1,
    "lr": 0.1,
    "project_name": "binary-graph_depth_first_search1-gridsearch-11-normal-11111-iteration-113010",
    "compute_budget": 1000000000,
    "precision": "32",
    "n_embd": 128,
    "test_batch_size": 64,
    "run_id": "95cc09c8-1778-4183-aa7f-c6884d472234",
    "warmup_ratio": 0.1,
    "early_stopping": false,
    "bias": false,
    "log_gradients": false,
    "dropout": 0,
    "betas": [
      0.9,
      0.95
    ],
    "task_length": 11,
    "seed": 27259,
    "weight_decay": 0.1,
    "threshold_testing": false,
    "grad_clip": 1,
    "loss_threshold": 0.0017157108429701616,
    "validation_ratio": 0.005,
    "n_layer": 4,
    "train_dataset_filepath": "./datasets/graph_depth_first_search/1/11/normal/11111/1000/True/True/1/128/4/4/33758/27259/train_dataset",
    "n_head": 4
  },
  "summary": {
    "_runtime": 939.137800693512,
    "_step": 4,
    "_timestamp": 1735485410.2356167,
    "_wandb.runtime": 938,
    "epoch": 1,
    "test_acc_result": 0,
    "total_compute": 40469790720,
    "train_loss_epoch": 3.4391350746154785,
    "trainer/global_step": 1,
    "val_loss": 2.9788689613342285
  }
}