{
  "config": {
    "dropout": 0,
    "val_dataset_filepath": "./datasets/graph_depth_first_search/1/11/normal/11111/100/True/True/1/32/4/4/22247/13553/val_dataset",
    "n_embd": 32,
    "batch_size": 8,
    "weight_decay": 0.1,
    "n_layer": 4,
    "task": "graph_depth_first_search",
    "method": "normal",
    "warmup_ratio": 0.1,
    "project_name": "binary-graph_depth_first_search1-gridsearch-11-normal-11111-iteration-113010",
    "seed": 13553,
    "task_length": 11,
    "loss_threshold": 0.0017157108429701616,
    "validation_ratio": 0.005,
    "threshold_testing": false,
    "train_dataset_filepath": "./datasets/graph_depth_first_search/1/11/normal/11111/100/True/True/1/32/4/4/22247/13553/train_dataset",
    "n_head": 4,
    "precision": "32",
    "run_id": "63f23a06-ea33-4c9c-bc7e-ed4d2f48a769",
    "early_stopping": false,
    "test_batch_size": 64,
    "log_gradients": false,
    "betas": [
      0.9,
      0.95
    ],
    "lr": 0.01,
    "max_steps": 6,
    "test_dataset_filepath": "./datasets/graph_depth_first_search/1/11/normal/11111/100/True/True/1/32/4/4/22247/13553/test_dataset",
    "mask_idx": 23,
    "compute_budget": 1000000000,
    "grad_clip": 1,
    "bias": false
  },
  "summary": {
    "_runtime": 773.3817229270935,
    "_step": 9,
    "_timestamp": 1735481513.025749,
    "_wandb.runtime": 772,
    "epoch": 1,
    "test_acc_result": 0,
    "total_compute": 2322137088,
    "train_loss_epoch": 2.9258344173431396,
    "trainer/global_step": 6,
    "val_loss": 2.6050140857696533
  }
}