{
  "config": {
    "early_stopping": false,
    "n_head": 4,
    "mask_idx": 23,
    "validation_ratio": 0.005,
    "betas": [
      0.9,
      0.95
    ],
    "train_dataset_filepath": "./datasets/graph_depth_first_search/1/11/normal/11111/100/True/True/1/32/4/4/14728/8982/train_dataset",
    "lr": 0.01,
    "dropout": 0,
    "n_embd": 32,
    "task_length": 11,
    "bias": false,
    "max_steps": 1,
    "seed": 8982,
    "precision": "32",
    "compute_budget": 1000000000,
    "log_gradients": false,
    "val_dataset_filepath": "./datasets/graph_depth_first_search/1/11/normal/11111/100/True/True/1/32/4/4/14728/8982/val_dataset",
    "threshold_testing": false,
    "batch_size": 64,
    "method": "normal",
    "task": "graph_depth_first_search",
    "run_id": "9a0bff7b-e59d-40d9-956b-c66297e46102",
    "grad_clip": 1,
    "n_layer": 4,
    "weight_decay": 0.1,
    "loss_threshold": 0.0017157108429701616,
    "test_dataset_filepath": "./datasets/graph_depth_first_search/1/11/normal/11111/100/True/True/1/32/4/4/14728/8982/test_dataset",
    "project_name": "binary-graph_depth_first_search1-gridsearch-11-normal-11111-iteration-113010",
    "test_batch_size": 64,
    "warmup_ratio": 0.1
  },
  "summary": {
    "_runtime": 938.0356514453888,
    "_step": 4,
    "_timestamp": 1735481883.5448275,
    "_wandb.runtime": 937,
    "epoch": 1,
    "test_acc_result": 0,
    "total_compute": 3096182784,
    "train_loss_epoch": 3.4567723274230957,
    "trainer/global_step": 1,
    "val_loss": 3.0146915912628174
  }
}