{
  "config": {
    "test_dataset_filepath": "./datasets/graph_depth_first_search/1/11/normal/11111/1/True/True/1/64/16/4/13545/29536/test_dataset",
    "val_dataset_filepath": "./datasets/graph_depth_first_search/1/11/normal/11111/1/True/True/1/64/16/4/13545/29536/val_dataset",
    "validation_ratio": 0.005,
    "test_batch_size": 64,
    "threshold_testing": false,
    "lr": 0.0001,
    "task_length": 11,
    "train_dataset_filepath": "./datasets/graph_depth_first_search/1/11/normal/11111/1/True/True/1/64/16/4/13545/29536/train_dataset",
    "dropout": 0,
    "n_layer": 16,
    "log_gradients": false,
    "method": "normal",
    "weight_decay": 0.1,
    "warmup_ratio": 0.1,
    "n_embd": 64,
    "max_steps": 1,
    "seed": 29536,
    "loss_threshold": 0.0017157108429701616,
    "project_name": "binary-graph_depth_first_search1-gridsearch-11-normal-11111-iteration-113010",
    "grad_clip": 1,
    "batch_size": 64,
    "mask_idx": 23,
    "run_id": "125d81af-84a2-4d89-a5d3-0cbb2614f1e0",
    "early_stopping": false,
    "n_head": 4,
    "bias": false,
    "task": "graph_depth_first_search",
    "compute_budget": 1000000000,
    "precision": "32",
    "betas": [
      0.9,
      0.95
    ]
  },
  "summary": {
    "_runtime": 1022.2257764339447,
    "_step": 4,
    "_timestamp": 1735481776.4542634,
    "_wandb.runtime": 1021,
    "epoch": 1,
    "test_acc_result": 0,
    "total_compute": 43492835328,
    "train_loss_epoch": 3.559933662414551,
    "trainer/global_step": 1,
    "val_loss": 3.4766201972961426
  }
}