{
  "config": {
    "betas": [
      0.9,
      0.95
    ],
    "threshold_testing": false,
    "precision": "32",
    "compute_budget": 1000000000,
    "test_batch_size": 64,
    "n_layer": 4,
    "n_head": 4,
    "mask_idx": 23,
    "run_id": "3c646877-3712-4f33-9695-a57b34f529c6",
    "n_embd": 16,
    "max_steps": 3,
    "lr": 0.1,
    "bias": false,
    "dropout": 0,
    "train_dataset_filepath": "./datasets/graph_depth_first_search/1/11/normal/11111/1000/True/True/1/16/4/4/25140/5000/train_dataset",
    "method": "normal",
    "task": "graph_depth_first_search",
    "weight_decay": 0.1,
    "warmup_ratio": 0.1,
    "loss_threshold": 0.0017157108429701616,
    "early_stopping": false,
    "project_name": "binary-graph_depth_first_search1-gridsearch-11-normal-11111-iteration-113010",
    "val_dataset_filepath": "./datasets/graph_depth_first_search/1/11/normal/11111/1000/True/True/1/16/4/4/25140/5000/val_dataset",
    "test_dataset_filepath": "./datasets/graph_depth_first_search/1/11/normal/11111/1000/True/True/1/16/4/4/25140/5000/test_dataset",
    "batch_size": 64,
    "grad_clip": 1,
    "task_length": 11,
    "validation_ratio": 0.005,
    "seed": 5000,
    "log_gradients": false
  },
  "summary": {
    "_runtime": 897.9241662025452,
    "_step": 6,
    "_timestamp": 1735481826.228768,
    "_wandb.runtime": 897,
    "epoch": 1,
    "test_acc_result": 0,
    "total_compute": 2888957952,
    "train_loss_epoch": 2.990028142929077,
    "trainer/global_step": 3,
    "val_loss": 2.4453704357147217
  }
}