{
  "config": {
    "test_dataset_filepath": "./datasets/graph_depth_first_search/1/11/normal/11111/1/True/True/1/16/16/4/19038/24240/test_dataset",
    "method": "normal",
    "project_name": "binary-graph_depth_first_search1-gridsearch-11-normal-11111-iteration-113010",
    "run_id": "173d13fa-62fe-4e0a-878a-963f00d4dd85",
    "n_layer": 16,
    "log_gradients": false,
    "task": "graph_depth_first_search",
    "precision": "32",
    "dropout": 0,
    "bias": false,
    "loss_threshold": 0.0017157108429701616,
    "threshold_testing": false,
    "betas": [
      0.9,
      0.95
    ],
    "train_dataset_filepath": "./datasets/graph_depth_first_search/1/11/normal/11111/1/True/True/1/16/16/4/19038/24240/train_dataset",
    "batch_size": 8,
    "val_dataset_filepath": "./datasets/graph_depth_first_search/1/11/normal/11111/1/True/True/1/16/16/4/19038/24240/val_dataset",
    "early_stopping": false,
    "task_length": 11,
    "seed": 24240,
    "lr": 0.0001,
    "validation_ratio": 0.005,
    "grad_clip": 1,
    "n_embd": 16,
    "warmup_ratio": 0.1,
    "weight_decay": 0.1,
    "n_head": 4,
    "max_steps": 5,
    "compute_budget": 1000000000,
    "test_batch_size": 64,
    "mask_idx": 23
  },
  "summary": {
    "_runtime": 625.6743667125702,
    "_step": 8,
    "_timestamp": 1735480674.2251036,
    "_wandb.runtime": 625,
    "epoch": 1,
    "test_acc_result": 0,
    "total_compute": 2407464960,
    "train_loss_epoch": 3.4546749591827393,
    "trainer/global_step": 5,
    "val_loss": 3.436033248901367
  }
}