{
  "config": {
    "warmup_ratio": 0.1,
    "test_dataset_filepath": "./datasets/graph_depth_first_search/1/11/normal/11111/1000/True/True/1/64/16/4/25903/9450/test_dataset",
    "early_stopping": false,
    "validation_ratio": 0.005,
    "train_dataset_filepath": "./datasets/graph_depth_first_search/1/11/normal/11111/1000/True/True/1/64/16/4/25903/9450/train_dataset",
    "mask_idx": 23,
    "dropout": 0,
    "run_id": "d5d42758-ab4e-4ad3-a901-2baf5d56a3ad",
    "loss_threshold": 0.0017157108429701616,
    "precision": "32",
    "compute_budget": 1000000000,
    "n_layer": 16,
    "batch_size": 8,
    "test_batch_size": 64,
    "method": "normal",
    "threshold_testing": false,
    "task_length": 11,
    "grad_clip": 1,
    "seed": 9450,
    "betas": [
      0.9,
      0.95
    ],
    "weight_decay": 0.1,
    "bias": false,
    "task": "graph_depth_first_search",
    "project_name": "binary-graph_depth_first_search1-gridsearch-11-normal-11111-iteration-113010",
    "lr": 0.1,
    "log_gradients": false,
    "val_dataset_filepath": "./datasets/graph_depth_first_search/1/11/normal/11111/1000/True/True/1/64/16/4/25903/9450/val_dataset",
    "n_embd": 64,
    "n_head": 4,
    "max_steps": 1
  },
  "summary": {
    "_runtime": 1633.5092089176178,
    "_step": 4,
    "_timestamp": 1735483344.7062318,
    "_wandb.runtime": 1632,
    "epoch": 1,
    "test_acc_result": 0,
    "total_compute": 5436604416,
    "train_loss_epoch": 3.5159220695495605,
    "trainer/global_step": 1,
    "val_loss": 3.0647637844085693
  }
}