{
  "config": {
    "bias": false,
    "compute_budget": 1000000000,
    "seed": 18790,
    "max_steps": 8,
    "val_dataset_filepath": "./datasets/graph_depth_first_search/1/11/normal/11111/100/True/True/1/8/4/4/2684/18790/val_dataset",
    "betas": [
      0.9,
      0.95
    ],
    "warmup_ratio": 0.1,
    "early_stopping": false,
    "threshold_testing": false,
    "precision": "32",
    "grad_clip": 1,
    "task_length": 11,
    "test_dataset_filepath": "./datasets/graph_depth_first_search/1/11/normal/11111/100/True/True/1/8/4/4/2684/18790/test_dataset",
    "method": "normal",
    "task": "graph_depth_first_search",
    "n_head": 4,
    "project_name": "binary-graph_depth_first_search1-gridsearch-11-normal-11111-iteration-113010",
    "lr": 0.01,
    "run_id": "a28976d6-a6a2-40f8-bbd2-e483add924e5",
    "validation_ratio": 0.005,
    "dropout": 0,
    "n_embd": 8,
    "train_dataset_filepath": "./datasets/graph_depth_first_search/1/11/normal/11111/100/True/True/1/8/4/4/2684/18790/train_dataset",
    "test_batch_size": 64,
    "mask_idx": 23,
    "n_layer": 4,
    "loss_threshold": 0.0017157108429701616,
    "log_gradients": false,
    "batch_size": 64,
    "weight_decay": 0.1
  },
  "summary": {
    "_runtime": 903.5204648971558,
    "_step": 11,
    "_timestamp": 1735481740.2162359,
    "_wandb.runtime": 902,
    "epoch": 1,
    "test_acc_result": 0,
    "total_compute": 2681733120,
    "train_loss_epoch": 3.306367874145508,
    "trainer/global_step": 8,
    "val_loss": 3.1465446949005127
  }
}