{
  "config": {
    "batch_size": 8,
    "weight_decay": 0.1,
    "grad_clip": 1,
    "log_gradients": false,
    "method": "normal",
    "task": "graph_depth_first_search",
    "bias": false,
    "max_steps": 1,
    "task_length": 11,
    "dropout": 0,
    "test_dataset_filepath": "./datasets/graph_depth_first_search/1/11/normal/11111/1000/True/True/1/256/4/4/30106/22889/test_dataset",
    "n_layer": 4,
    "betas": [
      0.9,
      0.95
    ],
    "threshold_testing": false,
    "mask_idx": 23,
    "n_embd": 256,
    "validation_ratio": 0.005,
    "lr": 0.1,
    "warmup_ratio": 0.1,
    "compute_budget": 1000000000,
    "loss_threshold": 0.0017157108429701616,
    "run_id": "220fe9d9-eddb-4d96-9814-484ae42993a4",
    "seed": 22889,
    "val_dataset_filepath": "./datasets/graph_depth_first_search/1/11/normal/11111/1000/True/True/1/256/4/4/30106/22889/val_dataset",
    "early_stopping": false,
    "precision": "32",
    "test_batch_size": 64,
    "project_name": "binary-graph_depth_first_search1-gridsearch-11-normal-11111-iteration-113010",
    "n_head": 4,
    "train_dataset_filepath": "./datasets/graph_depth_first_search/1/11/normal/11111/1000/True/True/1/256/4/4/30106/22889/train_dataset"
  },
  "summary": {
    "_runtime": 852.1200504302979,
    "_step": 4,
    "_timestamp": 1735481077.3222203,
    "_wandb.runtime": 851,
    "epoch": 1,
    "test_acc_result": 0,
    "total_compute": 19479134208,
    "train_loss_epoch": 3.6040828227996826,
    "trainer/global_step": 1,
    "val_loss": 3.5558784008026123
  }
}