{
  "config": {
    "betas": [
      0.9,
      0.95
    ],
    "n_head": 4,
    "mask_idx": 23,
    "early_stopping": false,
    "threshold_testing": false,
    "val_dataset_filepath": "./datasets/graph_depth_first_search/1/11/normal/11111/1/True/True/1/32/16/4/1359/11841/val_dataset",
    "test_batch_size": 64,
    "precision": "32",
    "lr": 0.0001,
    "n_layer": 16,
    "seed": 11841,
    "grad_clip": 1,
    "run_id": "7b0622d5-7ddd-4164-8953-c08e10273e22",
    "task_length": 11,
    "log_gradients": false,
    "loss_threshold": 0.0017157108429701616,
    "n_embd": 32,
    "dropout": 0,
    "train_dataset_filepath": "./datasets/graph_depth_first_search/1/11/normal/11111/1/True/True/1/32/16/4/1359/11841/train_dataset",
    "method": "normal",
    "task": "graph_depth_first_search",
    "warmup_ratio": 0.1,
    "compute_budget": 1000000000,
    "max_steps": 2,
    "bias": false,
    "project_name": "binary-graph_depth_first_search1-gridsearch-11-normal-11111-iteration-113010",
    "test_dataset_filepath": "./datasets/graph_depth_first_search/1/11/normal/11111/1/True/True/1/32/16/4/1359/11841/test_dataset",
    "batch_size": 8,
    "weight_decay": 0.1,
    "validation_ratio": 0.005
  },
  "summary": {
    "_runtime": 946.7009706497192,
    "_step": 5,
    "_timestamp": 1735484735.1088846,
    "_wandb.runtime": 946,
    "epoch": 1,
    "test_acc_result": 0,
    "total_compute": 3096182784,
    "train_loss_epoch": 3.4426708221435547,
    "trainer/global_step": 2,
    "val_loss": 3.4289848804473877
  }
}