{
  "config": {
    "max_steps": 1,
    "weight_decay": 0.1,
    "dropout": 0,
    "test_batch_size": 64,
    "method": "normal",
    "test_dataset_filepath": "./datasets/graph_depth_first_search/1/11/normal/11111/10/True/True/1/256/4/4/36741/20833/test_dataset",
    "n_embd": 256,
    "grad_clip": 1,
    "task_length": 11,
    "betas": [
      0.9,
      0.95
    ],
    "log_gradients": false,
    "bias": false,
    "project_name": "binary-graph_depth_first_search1-gridsearch-11-normal-11111-iteration-113010",
    "warmup_ratio": 0.1,
    "seed": 20833,
    "lr": 0.001,
    "compute_budget": 1000000000,
    "mask_idx": 23,
    "train_dataset_filepath": "./datasets/graph_depth_first_search/1/11/normal/11111/10/True/True/1/256/4/4/36741/20833/train_dataset",
    "validation_ratio": 0.005,
    "val_dataset_filepath": "./datasets/graph_depth_first_search/1/11/normal/11111/10/True/True/1/256/4/4/36741/20833/val_dataset",
    "run_id": "ce1d4406-2767-4308-97bc-711f6f41d85d",
    "task": "graph_depth_first_search",
    "precision": "32",
    "batch_size": 8,
    "loss_threshold": 0.0017157108429701616,
    "threshold_testing": false,
    "n_head": 4,
    "early_stopping": false,
    "n_layer": 4
  },
  "summary": {
    "_runtime": 1080.8408567905426,
    "_step": 4,
    "_timestamp": 1735482865.6682367,
    "_wandb.runtime": 1080,
    "epoch": 1,
    "test_acc_result": 0,
    "total_compute": 19479134208,
    "train_loss_epoch": 3.4714367389678955,
    "trainer/global_step": 1,
    "val_loss": 2.7267022132873535
  }
}