{
  "config": {
    "mask_idx": 23,
    "task_length": 11,
    "warmup_ratio": 0.1,
    "max_steps": 1,
    "train_dataset_filepath": "./datasets/graph_depth_first_search/1/11/normal/11111/100/True/True/1/512/16/4/31075/19638/train_dataset",
    "run_id": "784a4e48-95a0-4afa-9cbf-16232b307ec1",
    "early_stopping": false,
    "precision": "32",
    "method": "normal",
    "n_head": 4,
    "dropout": 0,
    "threshold_testing": false,
    "lr": 0.01,
    "loss_threshold": 0.0017157108429701616,
    "grad_clip": 1,
    "log_gradients": false,
    "validation_ratio": 0.005,
    "batch_size": 8,
    "project_name": "binary-graph_depth_first_search1-gridsearch-11-normal-11111-iteration-113010",
    "task": "graph_depth_first_search",
    "n_layer": 16,
    "betas": [
      0.9,
      0.95
    ],
    "compute_budget": 1000000000,
    "val_dataset_filepath": "./datasets/graph_depth_first_search/1/11/normal/11111/100/True/True/1/512/16/4/31075/19638/val_dataset",
    "bias": false,
    "n_embd": 512,
    "test_dataset_filepath": "./datasets/graph_depth_first_search/1/11/normal/11111/100/True/True/1/512/16/4/31075/19638/test_dataset",
    "seed": 19638,
    "weight_decay": 0.1,
    "test_batch_size": 64
  },
  "summary": {
    "_runtime": 1308.6095595359802,
    "_step": 4,
    "_timestamp": 1735484180.4831955,
    "_wandb.runtime": 1308,
    "epoch": 1,
    "test_acc_result": 0,
    "total_compute": 305620058112,
    "train_loss_epoch": 3.6125500202178955,
    "trainer/global_step": 1,
    "val_loss": 4.206438064575195
  }
}