{
  "config": {
    "max_steps": 1,
    "batch_size": 64,
    "log_gradients": false,
    "project_name": "binary-graph_depth_first_search1-gridsearch-11-normal-11111-iteration-113010",
    "weight_decay": 0.1,
    "loss_threshold": 0.0017157108429701616,
    "seed": 16941,
    "test_dataset_filepath": "./datasets/graph_depth_first_search/1/11/normal/11111/1/True/True/1/128/4/4/25233/16941/test_dataset",
    "warmup_ratio": 0.1,
    "bias": false,
    "early_stopping": false,
    "n_head": 4,
    "run_id": "672f56ad-85ef-4f24-9f0c-95d31001c103",
    "n_layer": 4,
    "betas": [
      0.9,
      0.95
    ],
    "dropout": 0,
    "mask_idx": 23,
    "validation_ratio": 0.005,
    "lr": 0.0001,
    "task_length": 11,
    "method": "normal",
    "task": "graph_depth_first_search",
    "grad_clip": 1,
    "precision": "32",
    "compute_budget": 1000000000,
    "val_dataset_filepath": "./datasets/graph_depth_first_search/1/11/normal/11111/1/True/True/1/128/4/4/25233/16941/val_dataset",
    "train_dataset_filepath": "./datasets/graph_depth_first_search/1/11/normal/11111/1/True/True/1/128/4/4/25233/16941/train_dataset",
    "threshold_testing": false,
    "test_batch_size": 64,
    "n_embd": 128
  },
  "summary": {
    "_runtime": 1001.1599624156952,
    "_step": 4,
    "_timestamp": 1735482957.0786035,
    "_wandb.runtime": 1000,
    "epoch": 1,
    "test_acc_result": 0,
    "total_compute": 40469790720,
    "train_loss_epoch": 3.411015510559082,
    "trainer/global_step": 1,
    "val_loss": 3.366533041000366
  }
}