{
  "config": {
    "lr": 0.1,
    "seed": 22207,
    "val_dataset_filepath": "./datasets/graph_depth_first_search/1/11/normal/11111/1000/True/True/1/128/4/4/38806/22207/val_dataset",
    "batch_size": 8,
    "weight_decay": 0.1,
    "max_steps": 1,
    "n_embd": 128,
    "grad_clip": 1,
    "validation_ratio": 0.005,
    "threshold_testing": false,
    "precision": "32",
    "n_head": 4,
    "run_id": "f01d0524-4b73-46ec-a815-f399ca0c1095",
    "bias": false,
    "task": "graph_depth_first_search",
    "log_gradients": false,
    "test_batch_size": 64,
    "mask_idx": 23,
    "project_name": "binary-graph_depth_first_search1-gridsearch-11-normal-11111-iteration-113010",
    "betas": [
      0.9,
      0.95
    ],
    "compute_budget": 1000000000,
    "early_stopping": false,
    "dropout": 0,
    "warmup_ratio": 0.1,
    "task_length": 11,
    "n_layer": 4,
    "train_dataset_filepath": "./datasets/graph_depth_first_search/1/11/normal/11111/1000/True/True/1/128/4/4/38806/22207/train_dataset",
    "method": "normal",
    "loss_threshold": 0.0017157108429701616,
    "test_dataset_filepath": "./datasets/graph_depth_first_search/1/11/normal/11111/1000/True/True/1/128/4/4/38806/22207/test_dataset"
  },
  "summary": {
    "_runtime": 1090.9362225532532,
    "_step": 4,
    "_timestamp": 1735482168.0685606,
    "_wandb.runtime": 1089,
    "epoch": 1,
    "test_acc_result": 0,
    "total_compute": 5058723840,
    "train_loss_epoch": 3.36413311958313,
    "trainer/global_step": 1,
    "val_loss": 3.171205520629883
  }
}