{
  "config": {
    "n_head": 4,
    "method": "normal",
    "grad_clip": 1,
    "lr": 0.0001,
    "dropout": 0,
    "loss_threshold": 0.0017157108429701616,
    "train_dataset_filepath": "./datasets/graph_depth_first_search/1/11/normal/11111/1/True/True/1/16/4/4/27506/14817/train_dataset",
    "test_dataset_filepath": "./datasets/graph_depth_first_search/1/11/normal/11111/1/True/True/1/16/4/4/27506/14817/test_dataset",
    "test_batch_size": 64,
    "n_embd": 16,
    "compute_budget": 1000000000,
    "early_stopping": false,
    "bias": false,
    "batch_size": 8,
    "task_length": 11,
    "precision": "32",
    "n_layer": 4,
    "betas": [
      0.9,
      0.95
    ],
    "val_dataset_filepath": "./datasets/graph_depth_first_search/1/11/normal/11111/1/True/True/1/16/4/4/27506/14817/val_dataset",
    "weight_decay": 0.1,
    "seed": 14817,
    "mask_idx": 23,
    "validation_ratio": 0.005,
    "max_steps": 19,
    "run_id": "0a9dfdb6-d862-4098-a088-f0ea15bc2bf1",
    "warmup_ratio": 0.1,
    "threshold_testing": false,
    "log_gradients": false,
    "task": "graph_depth_first_search",
    "project_name": "binary-graph_depth_first_search1-gridsearch-11-normal-11111-iteration-113010"
  },
  "summary": {
    "_runtime": 934.773962020874,
    "_step": 22,
    "_timestamp": 1735486287.188656,
    "_wandb.runtime": 933,
    "epoch": 1,
    "test_acc_result": 0,
    "total_compute": 2287091712,
    "train_loss_epoch": 3.5020792484283447,
    "trainer/global_step": 19,
    "val_loss": 3.4895167350769043
  }
}