{
  "config": {
    "weight_decay": 0.1,
    "dropout": 0,
    "test_dataset_filepath": "./datasets/graph_depth_first_search/1/11/normal/11111/10/True/True/1/16/16/4/16273/39367/test_dataset",
    "lr": 0.001,
    "bias": false,
    "grad_clip": 1,
    "log_gradients": false,
    "train_dataset_filepath": "./datasets/graph_depth_first_search/1/11/normal/11111/10/True/True/1/16/16/4/16273/39367/train_dataset",
    "seed": 39367,
    "task": "graph_depth_first_search",
    "method": "normal",
    "precision": "32",
    "n_head": 4,
    "val_dataset_filepath": "./datasets/graph_depth_first_search/1/11/normal/11111/10/True/True/1/16/16/4/16273/39367/val_dataset",
    "task_length": 11,
    "project_name": "binary-graph_depth_first_search1-gridsearch-11-normal-11111-iteration-113010",
    "batch_size": 64,
    "warmup_ratio": 0.1,
    "loss_threshold": 0.0017157108429701616,
    "n_embd": 16,
    "max_steps": 1,
    "compute_budget": 1000000000,
    "betas": [
      0.9,
      0.95
    ],
    "threshold_testing": false,
    "early_stopping": false,
    "test_batch_size": 64,
    "n_layer": 16,
    "run_id": "69e285ae-44e3-4fb9-a876-a72e189fcfa0",
    "validation_ratio": 0.005,
    "mask_idx": 23
  },
  "summary": {
    "_runtime": 1237.767047405243,
    "_step": 4,
    "_timestamp": 1735486215.7840793,
    "_wandb.runtime": 1237,
    "epoch": 1,
    "test_acc_result": 0,
    "total_compute": 3851943936,
    "train_loss_epoch": 3.5398454666137695,
    "trainer/global_step": 1,
    "val_loss": 3.408202886581421
  }
}