{
  "config": {
    "weight_decay": 0.1,
    "val_dataset_filepath": "./datasets/graph_depth_first_search/1/11/normal/11111/1/True/True/1/256/4/4/1953/19492/val_dataset",
    "test_dataset_filepath": "./datasets/graph_depth_first_search/1/11/normal/11111/1/True/True/1/256/4/4/1953/19492/test_dataset",
    "train_dataset_filepath": "./datasets/graph_depth_first_search/1/11/normal/11111/1/True/True/1/256/4/4/1953/19492/train_dataset",
    "mask_idx": 23,
    "project_name": "binary-graph_depth_first_search1-gridsearch-11-normal-11111-iteration-113010",
    "grad_clip": 1,
    "max_steps": 1,
    "task": "graph_depth_first_search",
    "threshold_testing": false,
    "task_length": 11,
    "precision": "32",
    "test_batch_size": 64,
    "log_gradients": false,
    "batch_size": 8,
    "warmup_ratio": 0.1,
    "n_head": 4,
    "validation_ratio": 0.005,
    "dropout": 0,
    "early_stopping": false,
    "lr": 0.0001,
    "loss_threshold": 0.0017157108429701616,
    "seed": 19492,
    "n_embd": 256,
    "run_id": "8bed797a-e3c2-42cb-8bfa-6cd48c3ddb4b",
    "compute_budget": 1000000000,
    "method": "normal",
    "n_layer": 4,
    "bias": false,
    "betas": [
      0.9,
      0.95
    ]
  },
  "summary": {
    "_runtime": 1050.8149213790894,
    "_step": 4,
    "_timestamp": 1735482475.0990603,
    "_wandb.runtime": 1050,
    "epoch": 1,
    "test_acc_result": 0,
    "total_compute": 19479134208,
    "train_loss_epoch": 3.4998042583465576,
    "trainer/global_step": 1,
    "val_loss": 3.3563199043273926
  }
}