{
  "config": {
    "lr": 0.0001,
    "project_name": "binary-graph_depth_first_search1-gridsearch-11-normal-11111-iteration-113010",
    "n_layer": 4,
    "seed": 26301,
    "batch_size": 64,
    "val_dataset_filepath": "./datasets/graph_depth_first_search/1/11/normal/11111/1/True/True/1/256/4/4/1287/26301/val_dataset",
    "loss_threshold": 0.0017157108429701616,
    "grad_clip": 1,
    "betas": [
      0.9,
      0.95
    ],
    "validation_ratio": 0.005,
    "mask_idx": 23,
    "precision": "32",
    "threshold_testing": false,
    "n_head": 4,
    "test_dataset_filepath": "./datasets/graph_depth_first_search/1/11/normal/11111/1/True/True/1/256/4/4/1287/26301/test_dataset",
    "test_batch_size": 64,
    "task": "graph_depth_first_search",
    "method": "normal",
    "run_id": "373bbc7d-32d9-45ca-83ab-f35a13519f20",
    "bias": false,
    "train_dataset_filepath": "./datasets/graph_depth_first_search/1/11/normal/11111/1/True/True/1/256/4/4/1287/26301/train_dataset",
    "n_embd": 256,
    "weight_decay": 0.1,
    "warmup_ratio": 0.1,
    "compute_budget": 1000000000,
    "log_gradients": false,
    "max_steps": 1,
    "task_length": 11,
    "dropout": 0,
    "early_stopping": false
  },
  "summary": {
    "_runtime": 534.1340012550354,
    "_step": 4,
    "_timestamp": 1735480568.8493001,
    "_wandb.runtime": 533,
    "epoch": 1,
    "test_acc_result": 0,
    "total_compute": 155833073664,
    "train_loss_epoch": 3.5435876846313477,
    "trainer/global_step": 1,
    "val_loss": 3.4031128883361816
  }
}