{
  "config": {
    "batch_size": 8,
    "test_batch_size": 64,
    "n_embd": 256,
    "task_length": 11,
    "betas": [
      0.9,
      0.95
    ],
    "early_stopping": false,
    "mask_idx": 23,
    "warmup_ratio": 0.1,
    "grad_clip": 1,
    "loss_threshold": 0.0017157108429701616,
    "n_layer": 16,
    "bias": false,
    "method": "normal",
    "threshold_testing": false,
    "train_dataset_filepath": "./datasets/graph_depth_first_search/1/11/normal/11111/10/True/True/1/256/16/4/26706/787/train_dataset",
    "run_id": "b92a5c65-6946-4be2-bd41-66f5d6e5f7a6",
    "seed": 787,
    "task": "graph_depth_first_search",
    "n_head": 4,
    "max_steps": 1,
    "test_dataset_filepath": "./datasets/graph_depth_first_search/1/11/normal/11111/10/True/True/1/256/16/4/26706/787/test_dataset",
    "val_dataset_filepath": "./datasets/graph_depth_first_search/1/11/normal/11111/10/True/True/1/256/16/4/26706/787/val_dataset",
    "lr": 0.001,
    "precision": "32",
    "log_gradients": false,
    "weight_decay": 0.1,
    "dropout": 0,
    "project_name": "binary-graph_depth_first_search1-gridsearch-11-normal-11111-iteration-113010",
    "compute_budget": 1000000000,
    "validation_ratio": 0.005
  },
  "summary": {
    "_runtime": 1279.3882675170898,
    "_step": 4,
    "_timestamp": 1735486351.8712556,
    "_wandb.runtime": 1279,
    "epoch": 1,
    "test_acc_result": 0,
    "total_compute": 77916536832,
    "train_loss_epoch": 3.5251998901367188,
    "trainer/global_step": 1,
    "val_loss": 2.6615304946899414
  }
}