{
  "config": {
    "dropout": 0,
    "project_name": "binary-graph_depth_first_search1-gridsearch-11-normal-11111-iteration-113010",
    "log_gradients": false,
    "compute_budget": 1000000000,
    "validation_ratio": 0.005,
    "test_batch_size": 64,
    "val_dataset_filepath": "./datasets/graph_depth_first_search/1/11/normal/11111/1000/True/True/1/8/4/4/34601/38406/val_dataset",
    "seed": 38406,
    "mask_idx": 23,
    "max_steps": 8,
    "method": "normal",
    "grad_clip": 1,
    "early_stopping": false,
    "weight_decay": 0.1,
    "loss_threshold": 0.0017157108429701616,
    "batch_size": 64,
    "train_dataset_filepath": "./datasets/graph_depth_first_search/1/11/normal/11111/1000/True/True/1/8/4/4/34601/38406/train_dataset",
    "bias": false,
    "n_embd": 8,
    "betas": [
      0.9,
      0.95
    ],
    "threshold_testing": false,
    "n_head": 4,
    "test_dataset_filepath": "./datasets/graph_depth_first_search/1/11/normal/11111/1000/True/True/1/8/4/4/34601/38406/test_dataset",
    "lr": 0.1,
    "task": "graph_depth_first_search",
    "run_id": "b9a6ba9b-c90f-4ee3-95d2-c25056c1a8af",
    "n_layer": 4,
    "precision": "32",
    "task_length": 11,
    "warmup_ratio": 0.1
  },
  "summary": {
    "_runtime": 1026.6721634864807,
    "_step": 11,
    "_timestamp": 1735482381.8537474,
    "_wandb.runtime": 1026,
    "epoch": 1,
    "test_acc_result": 0,
    "total_compute": 2681733120,
    "train_loss_epoch": 2.683542251586914,
    "trainer/global_step": 8,
    "val_loss": 2.38926100730896
  }
}