{
  "config": {
    "task": "graph_depth_first_search",
    "warmup_ratio": 0.1,
    "precision": "32",
    "test_dataset_filepath": "./datasets/graph_depth_first_search/1/11/normal/11111/1000/True/True/1/8/16/4/17936/13731/test_dataset",
    "mask_idx": 23,
    "run_id": "d7297f01-1722-4050-888d-4eed74d9c467",
    "loss_threshold": 0.0017157108429701616,
    "log_gradients": false,
    "lr": 0.1,
    "n_layer": 16,
    "weight_decay": 0.1,
    "val_dataset_filepath": "./datasets/graph_depth_first_search/1/11/normal/11111/1000/True/True/1/8/16/4/17936/13731/val_dataset",
    "n_head": 4,
    "seed": 13731,
    "dropout": 0,
    "max_steps": 2,
    "task_length": 11,
    "validation_ratio": 0.005,
    "n_embd": 8,
    "threshold_testing": false,
    "train_dataset_filepath": "./datasets/graph_depth_first_search/1/11/normal/11111/1000/True/True/1/8/16/4/17936/13731/train_dataset",
    "grad_clip": 1,
    "bias": false,
    "batch_size": 64,
    "project_name": "binary-graph_depth_first_search1-gridsearch-11-normal-11111-iteration-113010",
    "compute_budget": 1000000000,
    "test_batch_size": 64,
    "betas": [
      0.9,
      0.95
    ],
    "early_stopping": false,
    "method": "normal"
  },
  "summary": {
    "_runtime": 1271.3913593292236,
    "_step": 5,
    "_timestamp": 1735485947.2359083,
    "_wandb.runtime": 1270,
    "epoch": 1,
    "test_acc_result": 0,
    "total_compute": 2681733120,
    "train_loss_epoch": 3.445437431335449,
    "trainer/global_step": 2,
    "val_loss": 2.991580009460449
  }
}