{
  "config": {
    "project_name": "binary-graph_depth_first_search1-gridsearch-11-normal-11111-iteration-113010",
    "test_batch_size": 64,
    "task": "graph_depth_first_search",
    "dropout": 0,
    "batch_size": 64,
    "grad_clip": 1,
    "validation_ratio": 0.005,
    "method": "normal",
    "bias": false,
    "val_dataset_filepath": "./datasets/graph_depth_first_search/1/11/normal/11111/100/True/True/1/256/16/4/34404/4122/val_dataset",
    "early_stopping": false,
    "weight_decay": 0.1,
    "n_layer": 16,
    "n_head": 4,
    "warmup_ratio": 0.1,
    "n_embd": 256,
    "mask_idx": 23,
    "run_id": "44eb3ace-9037-4c62-a804-fb36a0b214dd",
    "seed": 4122,
    "compute_budget": 1000000000,
    "max_steps": 1,
    "train_dataset_filepath": "./datasets/graph_depth_first_search/1/11/normal/11111/100/True/True/1/256/16/4/34404/4122/train_dataset",
    "test_dataset_filepath": "./datasets/graph_depth_first_search/1/11/normal/11111/100/True/True/1/256/16/4/34404/4122/test_dataset",
    "log_gradients": false,
    "precision": "32",
    "lr": 0.01,
    "loss_threshold": 0.0017157108429701616,
    "task_length": 11,
    "threshold_testing": false,
    "betas": [
      0.9,
      0.95
    ]
  },
  "summary": {
    "_runtime": 1141.267858505249,
    "_step": 4,
    "_timestamp": 1735484757.1943865,
    "_wandb.runtime": 1141,
    "epoch": 1,
    "test_acc_result": 0,
    "total_compute": 623332294656,
    "train_loss_epoch": 3.5670831203460693,
    "trainer/global_step": 1,
    "val_loss": 2.414215326309204
  }
}