{
  "config": {
    "precision": "32",
    "project_name": "binary-graph_depth_first_search1-gridsearch-11-normal-11111-iteration-113010",
    "n_head": 4,
    "validation_ratio": 0.005,
    "max_steps": 1,
    "dropout": 0,
    "test_batch_size": 64,
    "val_dataset_filepath": "./datasets/graph_depth_first_search/1/11/normal/11111/1000/True/True/1/32/4/4/39858/5266/val_dataset",
    "n_embd": 32,
    "log_gradients": false,
    "task": "graph_depth_first_search",
    "loss_threshold": 0.0017157108429701616,
    "run_id": "96372ef1-5dcf-47d4-bd7b-086b53bfe3d7",
    "early_stopping": false,
    "betas": [
      0.9,
      0.95
    ],
    "mask_idx": 23,
    "compute_budget": 1000000000,
    "seed": 5266,
    "bias": false,
    "test_dataset_filepath": "./datasets/graph_depth_first_search/1/11/normal/11111/1000/True/True/1/32/4/4/39858/5266/test_dataset",
    "batch_size": 64,
    "threshold_testing": false,
    "warmup_ratio": 0.1,
    "lr": 0.1,
    "task_length": 11,
    "n_layer": 4,
    "grad_clip": 1,
    "method": "normal",
    "weight_decay": 0.1,
    "train_dataset_filepath": "./datasets/graph_depth_first_search/1/11/normal/11111/1000/True/True/1/32/4/4/39858/5266/train_dataset"
  },
  "summary": {
    "_runtime": 1019.1359508037567,
    "_step": 4,
    "_timestamp": 1735484469.6578429,
    "_wandb.runtime": 1018,
    "epoch": 1,
    "test_acc_result": 0,
    "total_compute": 3096182784,
    "train_loss_epoch": 3.443204402923584,
    "trainer/global_step": 1,
    "val_loss": 2.907764196395874
  }
}