{
  "config": {
    "betas": [
      0.9,
      0.95
    ],
    "project_name": "binary-graph_depth_first_search1-gridsearch-11-normal-11111-iteration-113010",
    "test_dataset_filepath": "./datasets/graph_depth_first_search/1/11/normal/11111/1000/True/True/1/512/4/4/30327/5075/test_dataset",
    "precision": "32",
    "early_stopping": false,
    "validation_ratio": 0.005,
    "run_id": "4576da78-c436-4d74-a07b-438d0152a03b",
    "val_dataset_filepath": "./datasets/graph_depth_first_search/1/11/normal/11111/1000/True/True/1/512/4/4/30327/5075/val_dataset",
    "compute_budget": 1000000000,
    "loss_threshold": 0.0017157108429701616,
    "log_gradients": false,
    "threshold_testing": false,
    "max_steps": 1,
    "task_length": 11,
    "task": "graph_depth_first_search",
    "warmup_ratio": 0.1,
    "batch_size": 8,
    "train_dataset_filepath": "./datasets/graph_depth_first_search/1/11/normal/11111/1000/True/True/1/512/4/4/30327/5075/train_dataset",
    "test_batch_size": 64,
    "weight_decay": 0.1,
    "dropout": 0,
    "grad_clip": 1,
    "n_embd": 512,
    "mask_idx": 23,
    "n_head": 4,
    "lr": 0.1,
    "bias": false,
    "method": "normal",
    "seed": 5075,
    "n_layer": 4
  },
  "summary": {
    "_runtime": 907.8942971229553,
    "_step": 4,
    "_timestamp": 1735483451.7530031,
    "_wandb.runtime": 907,
    "epoch": 1,
    "test_acc_result": 0,
    "total_compute": 76405014528,
    "train_loss_epoch": 3.399104595184326,
    "trainer/global_step": 1,
    "val_loss": 6.68333101272583
  }
}