{
  "config": {
    "max_steps": 1,
    "task": "graph_depth_first_search",
    "warmup_ratio": 0.1,
    "threshold_testing": false,
    "compute_budget": 1000000000,
    "dropout": 0,
    "early_stopping": false,
    "run_id": "8c0d7cb5-9f80-4cb0-93f0-ee093bc3f684",
    "weight_decay": 0.1,
    "method": "normal",
    "batch_size": 8,
    "n_head": 4,
    "seed": 21204,
    "mask_idx": 23,
    "test_batch_size": 64,
    "test_dataset_filepath": "./datasets/graph_depth_first_search/1/11/normal/11111/100/True/True/1/64/16/4/29010/21204/test_dataset",
    "lr": 0.01,
    "loss_threshold": 0.0017157108429701616,
    "train_dataset_filepath": "./datasets/graph_depth_first_search/1/11/normal/11111/100/True/True/1/64/16/4/29010/21204/train_dataset",
    "bias": false,
    "task_length": 11,
    "log_gradients": false,
    "grad_clip": 1,
    "betas": [
      0.9,
      0.95
    ],
    "validation_ratio": 0.005,
    "n_layer": 16,
    "precision": "32",
    "val_dataset_filepath": "./datasets/graph_depth_first_search/1/11/normal/11111/100/True/True/1/64/16/4/29010/21204/val_dataset",
    "n_embd": 64,
    "project_name": "binary-graph_depth_first_search1-gridsearch-11-normal-11111-iteration-113010"
  },
  "summary": {
    "_runtime": 1654.110398054123,
    "_step": 4,
    "_timestamp": 1735483459.1063821,
    "_wandb.runtime": 1653,
    "epoch": 1,
    "test_acc_result": 0,
    "total_compute": 5436604416,
    "train_loss_epoch": 3.4802536964416504,
    "trainer/global_step": 1,
    "val_loss": 2.866716146469116
  }
}