{
  "config": {
    "compute_budget": 1000000000,
    "project_name": "binary-graph_depth_first_search1-gridsearch-11-normal-11111-iteration-113010",
    "mask_idx": 23,
    "n_layer": 4,
    "log_gradients": false,
    "seed": 350,
    "max_steps": 59,
    "test_dataset_filepath": "./datasets/graph_depth_first_search/1/11/normal/11111/1000/True/True/1/8/4/4/3467/350/test_dataset",
    "task": "graph_depth_first_search",
    "task_length": 11,
    "validation_ratio": 0.005,
    "betas": [
      0.9,
      0.95
    ],
    "loss_threshold": 0.0017157108429701616,
    "n_embd": 8,
    "weight_decay": 0.1,
    "train_dataset_filepath": "./datasets/graph_depth_first_search/1/11/normal/11111/1000/True/True/1/8/4/4/3467/350/train_dataset",
    "early_stopping": false,
    "bias": false,
    "test_batch_size": 64,
    "warmup_ratio": 0.1,
    "precision": "32",
    "run_id": "bfc7f7ca-1c75-4369-9c1e-0c267dd8da66",
    "batch_size": 8,
    "n_head": 4,
    "threshold_testing": false,
    "method": "normal",
    "val_dataset_filepath": "./datasets/graph_depth_first_search/1/11/normal/11111/1000/True/True/1/8/4/4/3467/350/val_dataset",
    "grad_clip": 1,
    "dropout": 0,
    "lr": 0.1
  },
  "summary": {
    "_runtime": 898.1063742637634,
    "_step": 64,
    "_timestamp": 1735484857.9113972,
    "_wandb.runtime": 897,
    "epoch": 1,
    "lr-AdamW": 0.01740304848641787,
    "test_acc_result": 0,
    "total_compute": 2472222720,
    "train_loss_epoch": 2.397073745727539,
    "train_loss_step": 2.14646053314209,
    "trainer/global_step": 59,
    "val_loss": 2.204838514328003
  }
}