{
  "config": {
    "log_gradients": false,
    "max_steps": 1,
    "betas": [
      0.9,
      0.95
    ],
    "n_embd": 64,
    "threshold_testing": false,
    "train_dataset_filepath": "./datasets/graph_depth_first_search/1/11/normal/11111/100/True/True/1/64/4/4/23676/33103/train_dataset",
    "compute_budget": 1000000000,
    "precision": "32",
    "task_length": 11,
    "batch_size": 64,
    "warmup_ratio": 0.1,
    "method": "normal",
    "loss_threshold": 0.0017157108429701616,
    "n_layer": 4,
    "test_dataset_filepath": "./datasets/graph_depth_first_search/1/11/normal/11111/100/True/True/1/64/4/4/23676/33103/test_dataset",
    "lr": 0.01,
    "early_stopping": false,
    "mask_idx": 23,
    "bias": false,
    "grad_clip": 1,
    "n_head": 4,
    "dropout": 0,
    "validation_ratio": 0.005,
    "task": "graph_depth_first_search",
    "project_name": "binary-graph_depth_first_search1-gridsearch-11-normal-11111-iteration-113010",
    "test_batch_size": 64,
    "seed": 33103,
    "val_dataset_filepath": "./datasets/graph_depth_first_search/1/11/normal/11111/100/True/True/1/64/4/4/23676/33103/val_dataset",
    "run_id": "d60bcec5-8a2c-4e69-adbc-bbd472dabab7",
    "weight_decay": 0.1
  },
  "summary": {
    "_runtime": 864.3342871665955,
    "_step": 4,
    "_timestamp": 1735484678.6440992,
    "_wandb.runtime": 863,
    "epoch": 1,
    "test_acc_result": 0,
    "total_compute": 10873208832,
    "train_loss_epoch": 3.4931349754333496,
    "trainer/global_step": 1,
    "val_loss": 2.7357876300811768
  }
}