{
  "config": {
    "early_stopping": false,
    "loss_threshold": 0.0017157108429701616,
    "test_batch_size": 64,
    "threshold_testing": false,
    "batch_size": 64,
    "test_dataset_filepath": "./datasets/graph_depth_first_search/1/11/normal/11111/1000/True/True/1/64/4/4/1041/11434/test_dataset",
    "n_embd": 64,
    "method": "normal",
    "val_dataset_filepath": "./datasets/graph_depth_first_search/1/11/normal/11111/1000/True/True/1/64/4/4/1041/11434/val_dataset",
    "dropout": 0,
    "grad_clip": 1,
    "validation_ratio": 0.005,
    "n_layer": 4,
    "task_length": 11,
    "log_gradients": false,
    "betas": [
      0.9,
      0.95
    ],
    "train_dataset_filepath": "./datasets/graph_depth_first_search/1/11/normal/11111/1000/True/True/1/64/4/4/1041/11434/train_dataset",
    "task": "graph_depth_first_search",
    "warmup_ratio": 0.1,
    "project_name": "binary-graph_depth_first_search1-gridsearch-11-normal-11111-iteration-113010",
    "n_head": 4,
    "max_steps": 1,
    "lr": 0.1,
    "bias": false,
    "mask_idx": 23,
    "seed": 11434,
    "weight_decay": 0.1,
    "compute_budget": 1000000000,
    "precision": "32",
    "run_id": "c207118c-34f2-480a-9276-a6c675f7cfba"
  },
  "summary": {
    "_runtime": 929.0854699611664,
    "_step": 4,
    "_timestamp": 1735485095.1221309,
    "_wandb.runtime": 928,
    "epoch": 1,
    "test_acc_result": 0,
    "total_compute": 10873208832,
    "train_loss_epoch": 3.4294309616088867,
    "trainer/global_step": 1,
    "val_loss": 2.532151460647583
  }
}