{
  "config": {
    "n_embd": 16,
    "compute_budget": 1000000000,
    "mask_idx": 23,
    "early_stopping": false,
    "precision": "32",
    "max_steps": 3,
    "bias": false,
    "log_gradients": false,
    "dropout": 0,
    "grad_clip": 1,
    "task_length": 11,
    "project_name": "binary-graph_depth_first_search1-gridsearch-11-normal-11111-iteration-113010",
    "loss_threshold": 0.0017157108429701616,
    "test_batch_size": 64,
    "train_dataset_filepath": "./datasets/graph_depth_first_search/1/11/normal/11111/10/True/True/1/16/4/4/4819/704/train_dataset",
    "warmup_ratio": 0.1,
    "method": "normal",
    "test_dataset_filepath": "./datasets/graph_depth_first_search/1/11/normal/11111/10/True/True/1/16/4/4/4819/704/test_dataset",
    "betas": [
      0.9,
      0.95
    ],
    "batch_size": 64,
    "validation_ratio": 0.005,
    "lr": 0.001,
    "threshold_testing": false,
    "weight_decay": 0.1,
    "seed": 704,
    "task": "graph_depth_first_search",
    "n_layer": 4,
    "val_dataset_filepath": "./datasets/graph_depth_first_search/1/11/normal/11111/10/True/True/1/16/4/4/4819/704/val_dataset",
    "run_id": "4211b52b-b5b2-484f-96b6-da43bb1bba2b",
    "n_head": 4
  },
  "summary": {
    "_runtime": 890.5140516757965,
    "_step": 6,
    "_timestamp": 1735482757.6448166,
    "_wandb.runtime": 889,
    "epoch": 1,
    "test_acc_result": 0,
    "total_compute": 2888957952,
    "train_loss_epoch": 3.3840322494506836,
    "trainer/global_step": 3,
    "val_loss": 3.3457272052764893
  }
}