{
  "config": {
    "task_length": 11,
    "precision": "32",
    "test_batch_size": 64,
    "run_id": "beaf5764-041c-4512-8e7a-cde344140e37",
    "warmup_ratio": 0.1,
    "dropout": 0,
    "project_name": "binary-graph_depth_first_search1-gridsearch-11-normal-11111-iteration-113010",
    "lr": 0.0001,
    "method": "normal",
    "n_embd": 64,
    "val_dataset_filepath": "./datasets/graph_depth_first_search/1/11/normal/11111/1/True/True/1/64/4/4/38503/9646/val_dataset",
    "bias": false,
    "seed": 9646,
    "n_layer": 4,
    "threshold_testing": false,
    "betas": [
      0.9,
      0.95
    ],
    "train_dataset_filepath": "./datasets/graph_depth_first_search/1/11/normal/11111/1/True/True/1/64/4/4/38503/9646/train_dataset",
    "grad_clip": 1,
    "mask_idx": 23,
    "compute_budget": 1000000000,
    "log_gradients": false,
    "n_head": 4,
    "max_steps": 2,
    "validation_ratio": 0.005,
    "task": "graph_depth_first_search",
    "early_stopping": false,
    "weight_decay": 0.1,
    "loss_threshold": 0.0017157108429701616,
    "batch_size": 8,
    "test_dataset_filepath": "./datasets/graph_depth_first_search/1/11/normal/11111/1/True/True/1/64/4/4/38503/9646/test_dataset"
  },
  "summary": {
    "_runtime": 981.0264713764191,
    "_step": 5,
    "_timestamp": 1735483611.6941254,
    "_wandb.runtime": 980,
    "epoch": 1,
    "test_acc_result": 0,
    "total_compute": 2718302208,
    "train_loss_epoch": 3.4779751300811768,
    "trainer/global_step": 2,
    "val_loss": 3.4629085063934326
  }
}