{
  "config": {
    "val_dataset_filepath": "./datasets/graph_depth_first_search/1/11/normal/11111/100/True/True/1/8/4/4/4810/16141/val_dataset",
    "mask_idx": 23,
    "project_name": "binary-graph_depth_first_search1-gridsearch-11-normal-11111-iteration-113010",
    "n_head": 4,
    "warmup_ratio": 0.1,
    "n_layer": 4,
    "threshold_testing": false,
    "method": "normal",
    "grad_clip": 1,
    "early_stopping": false,
    "test_batch_size": 64,
    "betas": [
      0.9,
      0.95
    ],
    "validation_ratio": 0.005,
    "dropout": 0,
    "task": "graph_depth_first_search",
    "bias": false,
    "batch_size": 8,
    "loss_threshold": 0.0017157108429701616,
    "task_length": 11,
    "compute_budget": 1000000000,
    "n_embd": 8,
    "train_dataset_filepath": "./datasets/graph_depth_first_search/1/11/normal/11111/100/True/True/1/8/4/4/4810/16141/train_dataset",
    "seed": 16141,
    "max_steps": 59,
    "precision": "32",
    "log_gradients": false,
    "test_dataset_filepath": "./datasets/graph_depth_first_search/1/11/normal/11111/100/True/True/1/8/4/4/4810/16141/test_dataset",
    "run_id": "b70256e5-b165-4bed-b286-b646a3f61795",
    "weight_decay": 0.1,
    "lr": 0.01
  },
  "summary": {
    "_runtime": 1034.7540197372437,
    "_step": 64,
    "_timestamp": 1735482483.3679628,
    "_wandb.runtime": 1034,
    "epoch": 1,
    "lr-AdamW": 0.0017403048486417869,
    "test_acc_result": 0,
    "total_compute": 2472222720,
    "train_loss_epoch": 2.7466769218444824,
    "train_loss_step": 2.3705289363861084,
    "trainer/global_step": 59,
    "val_loss": 2.409461498260498
  }
}