{
  "config": {
    "validation_ratio": 0.005,
    "lr": 0.0001,
    "log_gradients": false,
    "warmup_ratio": 0.1,
    "val_dataset_filepath": "./datasets/graph_depth_first_search/1/11/normal/11111/1/True/True/1/64/4/4/19676/5844/val_dataset",
    "train_dataset_filepath": "./datasets/graph_depth_first_search/1/11/normal/11111/1/True/True/1/64/4/4/19676/5844/train_dataset",
    "run_id": "ac2d982e-d6e7-45eb-8f6d-f2fb41833218",
    "n_layer": 4,
    "task": "graph_depth_first_search",
    "method": "normal",
    "max_steps": 1,
    "task_length": 11,
    "betas": [
      0.9,
      0.95
    ],
    "test_dataset_filepath": "./datasets/graph_depth_first_search/1/11/normal/11111/1/True/True/1/64/4/4/19676/5844/test_dataset",
    "batch_size": 64,
    "dropout": 0,
    "precision": "32",
    "compute_budget": 1000000000,
    "grad_clip": 1,
    "project_name": "binary-graph_depth_first_search1-gridsearch-11-normal-11111-iteration-113010",
    "seed": 5844,
    "n_embd": 64,
    "early_stopping": false,
    "loss_threshold": 0.0017157108429701616,
    "weight_decay": 0.1,
    "n_head": 4,
    "test_batch_size": 64,
    "threshold_testing": false,
    "bias": false,
    "mask_idx": 23
  },
  "summary": {
    "_runtime": 1271.836174249649,
    "_step": 4,
    "_timestamp": 1735484505.3138232,
    "_wandb.runtime": 1271,
    "epoch": 1,
    "test_acc_result": 0,
    "total_compute": 10873208832,
    "train_loss_epoch": 3.5343270301818848,
    "trainer/global_step": 1,
    "val_loss": 3.520050525665283
  }
}