{
  "config": {
    "run_id": "ac8b797d-6bf6-4ac2-8cc2-662f047bc513",
    "grad_clip": 1,
    "precision": "32",
    "test_batch_size": 64,
    "task": "graph_depth_first_search",
    "method": "normal",
    "n_head": 4,
    "project_name": "binary-graph_depth_first_search1-gridsearch-11-normal-11111-iteration-113010",
    "test_dataset_filepath": "./datasets/graph_depth_first_search/1/11/normal/11111/1/True/True/1/512/16/4/27219/763/test_dataset",
    "weight_decay": 0.1,
    "seed": 763,
    "bias": false,
    "max_steps": 1,
    "lr": 0.0001,
    "mask_idx": 23,
    "compute_budget": 1000000000,
    "n_layer": 16,
    "threshold_testing": false,
    "warmup_ratio": 0.1,
    "early_stopping": false,
    "n_embd": 512,
    "train_dataset_filepath": "./datasets/graph_depth_first_search/1/11/normal/11111/1/True/True/1/512/16/4/27219/763/train_dataset",
    "log_gradients": false,
    "batch_size": 64,
    "dropout": 0,
    "val_dataset_filepath": "./datasets/graph_depth_first_search/1/11/normal/11111/1/True/True/1/512/16/4/27219/763/val_dataset",
    "validation_ratio": 0.005,
    "task_length": 11,
    "loss_threshold": 0.0017157108429701616,
    "betas": [
      0.9,
      0.95
    ]
  },
  "summary": {
    "_runtime": 983.9634740352631,
    "_step": 4,
    "_timestamp": 1735485886.491689,
    "_wandb.runtime": 984,
    "epoch": 1,
    "test_acc_result": 0,
    "total_compute": 2444960464896,
    "train_loss_epoch": 3.4204843044281006,
    "trainer/global_step": 1,
    "val_loss": 2.634809732437134
  }
}