{
  "config": {
    "task": "graph_depth_first_search",
    "batch_size": 8,
    "train_dataset_filepath": "./datasets/graph_depth_first_search/1/11/normal/11111/1000/True/True/1/8/16/4/32870/32941/train_dataset",
    "dropout": 0,
    "grad_clip": 1,
    "test_batch_size": 64,
    "n_layer": 16,
    "compute_budget": 1000000000,
    "lr": 0.1,
    "test_dataset_filepath": "./datasets/graph_depth_first_search/1/11/normal/11111/1000/True/True/1/8/16/4/32870/32941/test_dataset",
    "validation_ratio": 0.005,
    "precision": "32",
    "n_head": 4,
    "betas": [
      0.9,
      0.95
    ],
    "task_length": 11,
    "weight_decay": 0.1,
    "seed": 32941,
    "mask_idx": 23,
    "max_steps": 15,
    "n_embd": 8,
    "log_gradients": false,
    "val_dataset_filepath": "./datasets/graph_depth_first_search/1/11/normal/11111/1000/True/True/1/8/16/4/32870/32941/val_dataset",
    "bias": false,
    "project_name": "binary-graph_depth_first_search1-gridsearch-11-normal-11111-iteration-113010",
    "method": "normal",
    "early_stopping": false,
    "run_id": "29564360-7fea-46a2-af05-599b770d32d9",
    "loss_threshold": 0.0017157108429701616,
    "warmup_ratio": 0.1,
    "threshold_testing": false
  },
  "summary": {
    "_runtime": 1321.39337515831,
    "_step": 18,
    "_timestamp": 1735484127.2451882,
    "_wandb.runtime": 1320,
    "epoch": 1,
    "test_acc_result": 0,
    "total_compute": 2514124800,
    "train_loss_epoch": 2.688549757003784,
    "trainer/global_step": 15,
    "val_loss": 2.3181264400482178
  }
}